#
# There is insufficient memory for the Java Runtime Environment to continue.
# Native memory allocation (mmap) failed to map 688914432 bytes. Error detail: G1 virtual space
# Possible reasons:
#   The system is out of physical RAM or swap space
#   This process is running with CompressedOops enabled, and the Java Heap may be blocking the growth of the native heap
# Possible solutions:
#   Reduce memory load on the system
#   Increase physical memory or swap space
#   Check if swap backing store is full
#   Decrease Java heap size (-Xmx/-Xms)
#   Decrease number of Java threads
#   Decrease Java thread stack sizes (-Xss)
#   Set larger code cache with -XX:ReservedCodeCacheSize=
#   JVM is running with Unscaled Compressed Oops mode in which the Java heap is
#     placed in the first 4GB address space. The Java Heap base address is the
#     maximum limit for the native heap growth. Please use -XX:HeapBaseMinAddress
#     to set the Java Heap base and to place the Java Heap above 4GB virtual address.
# This output file may be truncated or incomplete.
#
#  Out of Memory Error (os_windows.cpp:3925), pid=13024, tid=12296
#
# JRE version: OpenJDK Runtime Environment (21.0.9) (build 21.0.9+-14787801-b1163.94)
# Java VM: OpenJDK 64-Bit Server VM (21.0.9+-14787801-b1163.94, mixed mode, tiered, compressed oops, compressed class ptrs, g1 gc, windows-amd64)
# No core dump will be written. Minidumps are not enabled by default on client versions of Windows
#

---------------  S U M M A R Y ------------

Command Line: --add-opens=java.base/java.lang=ALL-UNNAMED --add-opens=java.base/java.lang.invoke=ALL-UNNAMED --add-opens=java.base/java.util=ALL-UNNAMED --add-opens=java.prefs/java.util.prefs=ALL-UNNAMED --add-exports=jdk.compiler/com.sun.tools.javac.api=ALL-UNNAMED --add-exports=jdk.compiler/com.sun.tools.javac.util=ALL-UNNAMED --add-opens=java.base/java.util=ALL-UNNAMED --add-opens=java.prefs/java.util.prefs=ALL-UNNAMED --add-opens=java.base/java.nio.charset=ALL-UNNAMED --add-opens=java.base/java.net=ALL-UNNAMED --add-opens=java.base/java.util.concurrent.atomic=ALL-UNNAMED --add-opens=java.xml/javax.xml.namespace=ALL-UNNAMED -Xmx2048m -Dfile.encoding=UTF-8 -Duser.country=IN -Duser.language=en -Duser.variant -javaagent:C:\Users\VENKAT\.gradle\wrapper\dists\gradle-8.13-bin\5xuhj0ry160q40clulazy9h7d\gradle-8.13\lib\agents\gradle-instrumentation-agent-8.13.jar org.gradle.launcher.daemon.bootstrap.GradleDaemon 8.13

Host: 11th Gen Intel(R) Core(TM) i3-1115G4 @ 3.00GHz, 4 cores, 7G,  Windows 11 , 64 bit Build 26100 (10.0.26100.7920)
Time: Thu Mar 26 14:30:50 2026 India Standard Time elapsed time: 700.155672 seconds (0d 0h 11m 40s)

---------------  T H R E A D  ---------------

Current thread (0x0000025aa72452b0):  VMThread "VM Thread"          [id=12296, stack(0x000000ce78200000,0x000000ce78300000) (1024K)]

Stack: [0x000000ce78200000,0x000000ce78300000]
Native frames: (J=compiled Java code, j=interpreted, Vv=VM code, C=native code)
V  [jvm.dll+0x6d6c99]
V  [jvm.dll+0x866b83]
V  [jvm.dll+0x8691ae]
V  [jvm.dll+0x869893]
V  [jvm.dll+0x280776]
V  [jvm.dll+0x6d3555]
V  [jvm.dll+0x6c6bea]
V  [jvm.dll+0x3587fb]
V  [jvm.dll+0x360476]
V  [jvm.dll+0x3b2646]
V  [jvm.dll+0x3b2918]
V  [jvm.dll+0x32af0c]
V  [jvm.dll+0x32af97]
V  [jvm.dll+0x370e7c]
V  [jvm.dll+0x36f62e]
V  [jvm.dll+0x32a661]
V  [jvm.dll+0x36ed30]
V  [jvm.dll+0x86f618]
V  [jvm.dll+0x870994]
V  [jvm.dll+0x870ed0]
V  [jvm.dll+0x871163]
V  [jvm.dll+0x80f118]
V  [jvm.dll+0x6d54ed]
C  [ucrtbase.dll+0x37b0]
C  [KERNEL32.DLL+0x2e8d7]
C  [ntdll.dll+0x8c48c]

VM_Operation (0x000000ce7cbfa880): G1CollectForAllocation, mode: safepoint, requested by thread 0x0000025ab7cefcb0


---------------  P R O C E S S  ---------------

Threads class SMR info:
_java_thread_list=0x0000025aa7bf5c50, length=73, elements={
0x0000025a8e037190, 0x0000025aa73a2120, 0x0000025aa73deb00, 0x0000025aa73df170,
0x0000025aa73e0740, 0x0000025aa73edd70, 0x0000025aa73ee7d0, 0x0000025aa73ef230,
0x0000025aa73f0fd0, 0x0000025aa73f8120, 0x0000025aa777dfc0, 0x0000025aad9e57e0,
0x0000025aa77eef30, 0x0000025aad507880, 0x0000025aacabd060, 0x0000025aacabd6f0,
0x0000025aacabdd80, 0x0000025aafbcd950, 0x0000025aafbcdfe0, 0x0000025aafbce670,
0x0000025aafbced00, 0x0000025aafbccc30, 0x0000025aafbd0740, 0x0000025ab0181290,
0x0000025aac6f1d60, 0x0000025ab70e5ff0, 0x0000025ab70e80c0, 0x0000025ab70e8de0,
0x0000025ab70e9b00, 0x0000025ab70e6680, 0x0000025ab70e6d10, 0x0000025ab70e73a0,
0x0000025ab70e7a30, 0x0000025ab6a55830, 0x0000025ab6a55ec0, 0x0000025ab6a56550,
0x0000025ab6a56be0, 0x0000025ab6a53760, 0x0000025ab6a57270, 0x0000025ab6a53df0,
0x0000025ab6a54480, 0x0000025ab6a57f90, 0x0000025ab6a5ad80, 0x0000025ab6a551a0,
0x0000025ab6a58cb0, 0x0000025ab6a59340, 0x0000025ab6a5a060, 0x0000025ab6a599d0,
0x0000025ab6a5a6f0, 0x0000025ab18d9d10, 0x0000025ab18da3a0, 0x0000025ab18dbde0,
0x0000025ab18dc470, 0x0000025ab18d8ff0, 0x0000025ab18dcb00, 0x0000025ab18d9680,
0x0000025ab18dd190, 0x0000025ab18ddeb0, 0x0000025ab18de540, 0x0000025ab18debd0,
0x0000025ab18df260, 0x0000025aacabf7c0, 0x0000025aacabfe50, 0x0000025aacac04e0,
0x0000025ab7ceef90, 0x0000025ab7ced550, 0x0000025ab7cf2410, 0x0000025ab7cef620,
0x0000025ab7cec1a0, 0x0000025ab7cecec0, 0x0000025ab7cedbe0, 0x0000025ab7cee270,
0x0000025ab7cefcb0
}

Java Threads: ( => current thread )
  0x0000025a8e037190 JavaThread "main"                              [_thread_blocked, id=5604, stack(0x000000ce77b00000,0x000000ce77c00000) (1024K)]
  0x0000025aa73a2120 JavaThread "Common-Cleaner"             daemon [_thread_blocked, id=18396, stack(0x000000ce78300000,0x000000ce78400000) (1024K)]
  0x0000025aa73deb00 JavaThread "Reference Handler"          daemon [_thread_blocked, id=10288, stack(0x000000ce78400000,0x000000ce78500000) (1024K)]
  0x0000025aa73df170 JavaThread "Finalizer"                  daemon [_thread_blocked, id=11812, stack(0x000000ce78500000,0x000000ce78600000) (1024K)]
  0x0000025aa73e0740 JavaThread "Signal Dispatcher"          daemon [_thread_blocked, id=17396, stack(0x000000ce78600000,0x000000ce78700000) (1024K)]
  0x0000025aa73edd70 JavaThread "Attach Listener"            daemon [_thread_blocked, id=19440, stack(0x000000ce78700000,0x000000ce78800000) (1024K)]
  0x0000025aa73ee7d0 JavaThread "Service Thread"             daemon [_thread_blocked, id=2960, stack(0x000000ce78800000,0x000000ce78900000) (1024K)]
  0x0000025aa73ef230 JavaThread "Monitor Deflation Thread"   daemon [_thread_blocked, id=5324, stack(0x000000ce78900000,0x000000ce78a00000) (1024K)]
  0x0000025aa73f0fd0 JavaThread "C2 CompilerThread0"         daemon [_thread_blocked, id=18164, stack(0x000000ce78a00000,0x000000ce78b00000) (1024K)]
  0x0000025aa73f8120 JavaThread "C1 CompilerThread0"         daemon [_thread_blocked, id=19284, stack(0x000000ce78b00000,0x000000ce78c00000) (1024K)]
  0x0000025aa777dfc0 JavaThread "Notification Thread"        daemon [_thread_blocked, id=8064, stack(0x000000ce78c00000,0x000000ce78d00000) (1024K)]
  0x0000025aad9e57e0 JavaThread "Daemon health stats"               [_thread_blocked, id=7392, stack(0x000000ce78f00000,0x000000ce79000000) (1024K)]
  0x0000025aa77eef30 JavaThread "Incoming local TCP Connector on port 50647"        [_thread_in_native, id=10064, stack(0x000000ce79100000,0x000000ce79200000) (1024K)]
  0x0000025aad507880 JavaThread "Daemon periodic checks"            [_thread_blocked, id=17196, stack(0x000000ce79200000,0x000000ce79300000) (1024K)]
  0x0000025aacabd060 JavaThread "Cache worker for journal cache (C:\Users\VENKAT\.gradle\caches\journal-1)"        [_thread_blocked, id=15128, stack(0x000000ce79a00000,0x000000ce79b00000) (1024K)]
  0x0000025aacabd6f0 JavaThread "File lock request listener"        [_thread_in_native, id=5780, stack(0x000000ce79b00000,0x000000ce79c00000) (1024K)]
  0x0000025aacabdd80 JavaThread "Cache worker for file hash cache (C:\Users\VENKAT\.gradle\caches\8.13\fileHashes)"        [_thread_blocked, id=15956, stack(0x000000ce79c00000,0x000000ce79d00000) (1024K)]
  0x0000025aafbcd950 JavaThread "File watcher server"        daemon [_thread_blocked, id=16632, stack(0x000000ce7a000000,0x000000ce7a100000) (1024K)]
  0x0000025aafbcdfe0 JavaThread "File watcher consumer"      daemon [_thread_blocked, id=2452, stack(0x000000ce7a100000,0x000000ce7a200000) (1024K)]
  0x0000025aafbce670 JavaThread "jar transforms"                    [_thread_blocked, id=7448, stack(0x000000ce7a200000,0x000000ce7a300000) (1024K)]
  0x0000025aafbced00 JavaThread "jar transforms Thread 2"           [_thread_blocked, id=13080, stack(0x000000ce7a300000,0x000000ce7a400000) (1024K)]
  0x0000025aafbccc30 JavaThread "Cache worker for file content cache (C:\Users\VENKAT\.gradle\caches\8.13\fileContent)"        [_thread_blocked, id=18776, stack(0x000000ce7a400000,0x000000ce7a500000) (1024K)]
  0x0000025aafbd0740 JavaThread "jar transforms Thread 3"           [_thread_blocked, id=12428, stack(0x000000ce7a600000,0x000000ce7a700000) (1024K)]
  0x0000025ab0181290 JavaThread "jar transforms Thread 4"           [_thread_blocked, id=12448, stack(0x000000ce7af00000,0x000000ce7b000000) (1024K)]
  0x0000025aac6f1d60 JavaThread "Memory manager"                    [_thread_blocked, id=2776, stack(0x000000ce7bd00000,0x000000ce7be00000) (1024K)]
  0x0000025ab70e5ff0 JavaThread "Daemon Thread 2"                   [_thread_blocked, id=14352, stack(0x000000ce77800000,0x000000ce77900000) (1024K)]
  0x0000025ab70e80c0 JavaThread "Handler for socket connection from /127.0.0.1:50647 to /127.0.0.1:63476"        [_thread_in_native, id=12052, stack(0x000000ce77900000,0x000000ce77a00000) (1024K)]
  0x0000025ab70e8de0 JavaThread "Cancel handler"                    [_thread_blocked, id=8724, stack(0x000000ce77a00000,0x000000ce77b00000) (1024K)]
  0x0000025ab70e9b00 JavaThread "Daemon worker Thread 2"            [_thread_blocked, id=3176, stack(0x000000ce79300000,0x000000ce79400000) (1024K)]
  0x0000025ab70e6680 JavaThread "Asynchronous log dispatcher for DefaultDaemonConnection: socket connection from /127.0.0.1:50647 to /127.0.0.1:63476"        [_thread_blocked, id=5304, stack(0x000000ce79400000,0x000000ce79500000) (1024K)]
  0x0000025ab70e6d10 JavaThread "Stdin handler"                     [_thread_blocked, id=7880, stack(0x000000ce79500000,0x000000ce79600000) (1024K)]
  0x0000025ab70e73a0 JavaThread "Daemon client event forwarder"        [_thread_blocked, id=15840, stack(0x000000ce79600000,0x000000ce79700000) (1024K)]
  0x0000025ab70e7a30 JavaThread "Cache worker for file hash cache (C:\Users\VENKAT\AndroidStudioProjects\Breedclassifier\.gradle\8.13\fileHashes)"        [_thread_blocked, id=10072, stack(0x000000ce79700000,0x000000ce79800000) (1024K)]
  0x0000025ab6a55830 JavaThread "Cache worker for Build Output Cleanup Cache (C:\Users\VENKAT\AndroidStudioProjects\Breedclassifier\.gradle\buildOutputCleanup)"        [_thread_blocked, id=12672, stack(0x000000ce79800000,0x000000ce79900000) (1024K)]
  0x0000025ab6a55ec0 JavaThread "Cache worker for checksums cache (C:\Users\VENKAT\AndroidStudioProjects\Breedclassifier\.gradle\8.13\checksums)"        [_thread_blocked, id=6076, stack(0x000000ce79900000,0x000000ce79a00000) (1024K)]
  0x0000025ab6a56550 JavaThread "Cache worker for cache directory md-supplier (C:\Users\VENKAT\.gradle\caches\8.13\md-supplier)"        [_thread_blocked, id=16104, stack(0x000000ce79d00000,0x000000ce79e00000) (1024K)]
  0x0000025ab6a56be0 JavaThread "Cache worker for cache directory md-rule (C:\Users\VENKAT\.gradle\caches\8.13\md-rule)"        [_thread_blocked, id=18624, stack(0x000000ce79e00000,0x000000ce79f00000) (1024K)]
  0x0000025ab6a53760 JavaThread "Unconstrained build operations"        [_thread_blocked, id=17716, stack(0x000000ce79f00000,0x000000ce7a000000) (1024K)]
  0x0000025ab6a57270 JavaThread "Unconstrained build operations Thread 2"        [_thread_blocked, id=9076, stack(0x000000ce7a500000,0x000000ce7a600000) (1024K)]
  0x0000025ab6a53df0 JavaThread "Unconstrained build operations Thread 3"        [_thread_blocked, id=8004, stack(0x000000ce7a700000,0x000000ce7a800000) (1024K)]
  0x0000025ab6a54480 JavaThread "Unconstrained build operations Thread 4"        [_thread_blocked, id=14624, stack(0x000000ce7a800000,0x000000ce7a900000) (1024K)]
  0x0000025ab6a57f90 JavaThread "Unconstrained build operations Thread 5"        [_thread_blocked, id=12840, stack(0x000000ce7a900000,0x000000ce7aa00000) (1024K)]
  0x0000025ab6a5ad80 JavaThread "Unconstrained build operations Thread 6"        [_thread_blocked, id=17224, stack(0x000000ce7aa00000,0x000000ce7ab00000) (1024K)]
  0x0000025ab6a551a0 JavaThread "Unconstrained build operations Thread 7"        [_thread_blocked, id=6592, stack(0x000000ce7ab00000,0x000000ce7ac00000) (1024K)]
  0x0000025ab6a58cb0 JavaThread "Unconstrained build operations Thread 8"        [_thread_blocked, id=13420, stack(0x000000ce7ac00000,0x000000ce7ad00000) (1024K)]
  0x0000025ab6a59340 JavaThread "Unconstrained build operations Thread 9"        [_thread_blocked, id=15608, stack(0x000000ce7ad00000,0x000000ce7ae00000) (1024K)]
  0x0000025ab6a5a060 JavaThread "Unconstrained build operations Thread 10"        [_thread_blocked, id=8892, stack(0x000000ce7ae00000,0x000000ce7af00000) (1024K)]
  0x0000025ab6a599d0 JavaThread "Unconstrained build operations Thread 11"        [_thread_blocked, id=9172, stack(0x000000ce7b000000,0x000000ce7b100000) (1024K)]
  0x0000025ab6a5a6f0 JavaThread "Unconstrained build operations Thread 12"        [_thread_blocked, id=17648, stack(0x000000ce7b100000,0x000000ce7b200000) (1024K)]
  0x0000025ab18d9d10 JavaThread "build event listener"              [_thread_blocked, id=12204, stack(0x000000ce7b200000,0x000000ce7b300000) (1024K)]
  0x0000025ab18da3a0 JavaThread "build event listener"              [_thread_blocked, id=19212, stack(0x000000ce7b300000,0x000000ce7b400000) (1024K)]
  0x0000025ab18dbde0 JavaThread "included builds"                   [_thread_blocked, id=18632, stack(0x000000ce7b400000,0x000000ce7b500000) (1024K)]
  0x0000025ab18dc470 JavaThread "Execution worker"                  [_thread_blocked, id=19020, stack(0x000000ce7b500000,0x000000ce7b600000) (1024K)]
  0x0000025ab18d8ff0 JavaThread "Execution worker Thread 2"         [_thread_blocked, id=19108, stack(0x000000ce7b600000,0x000000ce7b700000) (1024K)]
  0x0000025ab18dcb00 JavaThread "Execution worker Thread 3"         [_thread_blocked, id=7640, stack(0x000000ce7b700000,0x000000ce7b800000) (1024K)]
  0x0000025ab18d9680 JavaThread "Cache worker for execution history cache (C:\Users\VENKAT\AndroidStudioProjects\Breedclassifier\.gradle\8.13\executionHistory)"        [_thread_blocked, id=16712, stack(0x000000ce7b800000,0x000000ce7b900000) (1024K)]
  0x0000025ab18dd190 JavaThread "Unconstrained build operations Thread 13"        [_thread_blocked, id=19420, stack(0x000000ce7b900000,0x000000ce7ba00000) (1024K)]
  0x0000025ab18ddeb0 JavaThread "Unconstrained build operations Thread 14"        [_thread_blocked, id=9164, stack(0x000000ce7ba00000,0x000000ce7bb00000) (1024K)]
  0x0000025ab18de540 JavaThread "Unconstrained build operations Thread 15"        [_thread_blocked, id=8092, stack(0x000000ce7bb00000,0x000000ce7bc00000) (1024K)]
  0x0000025ab18debd0 JavaThread "Unconstrained build operations Thread 16"        [_thread_blocked, id=14616, stack(0x000000ce7bc00000,0x000000ce7bd00000) (1024K)]
  0x0000025ab18df260 JavaThread "WorkerExecutor Queue"              [_thread_blocked, id=15580, stack(0x000000ce7be00000,0x000000ce7bf00000) (1024K)]
  0x0000025aacabf7c0 JavaThread "WorkerExecutor Queue Thread 2"        [_thread_blocked, id=3276, stack(0x000000ce7bf00000,0x000000ce7c000000) (1024K)]
  0x0000025aacabfe50 JavaThread "WorkerExecutor Queue Thread 3"        [_thread_blocked, id=17924, stack(0x000000ce7c000000,0x000000ce7c100000) (1024K)]
  0x0000025aacac04e0 JavaThread "WorkerExecutor Queue Thread 4"        [_thread_blocked, id=7368, stack(0x000000ce7c100000,0x000000ce7c200000) (1024K)]
  0x0000025ab7ceef90 JavaThread "pool-4-thread-1"                   [_thread_blocked, id=15656, stack(0x000000ce7c200000,0x000000ce7c300000) (1024K)]
  0x0000025ab7ced550 JavaThread "stderr"                            [_thread_in_native, id=6600, stack(0x000000ce7c300000,0x000000ce7c400000) (1024K)]
  0x0000025ab7cf2410 JavaThread "stdout"                            [_thread_in_native, id=2588, stack(0x000000ce7c400000,0x000000ce7c500000) (1024K)]
  0x0000025ab7cef620 JavaThread "Unconstrained build operations Thread 17"        [_thread_blocked, id=7968, stack(0x000000ce7c600000,0x000000ce7c700000) (1024K)]
  0x0000025ab7cec1a0 JavaThread "Unconstrained build operations Thread 18"        [_thread_blocked, id=8884, stack(0x000000ce7c700000,0x000000ce7c800000) (1024K)]
  0x0000025ab7cecec0 JavaThread "Unconstrained build operations Thread 19"        [_thread_blocked, id=8324, stack(0x000000ce7c800000,0x000000ce7c900000) (1024K)]
  0x0000025ab7cedbe0 JavaThread "Unconstrained build operations Thread 20"        [_thread_blocked, id=19268, stack(0x000000ce7c900000,0x000000ce7ca00000) (1024K)]
  0x0000025ab7cee270 JavaThread "Unconstrained build operations Thread 21"        [_thread_blocked, id=9620, stack(0x000000ce7ca00000,0x000000ce7cb00000) (1024K)]
  0x0000025ab7cefcb0 JavaThread "Unconstrained build operations Thread 22"        [_thread_blocked, id=8536, stack(0x000000ce7cb00000,0x000000ce7cc00000) (1024K)]
Total: 73

Other Threads:
=>0x0000025aa72452b0 VMThread "VM Thread"                           [id=12296, stack(0x000000ce78200000,0x000000ce78300000) (1024K)]
  0x0000025aa71aa840 WatcherThread "VM Periodic Task Thread"        [id=6904, stack(0x000000ce78100000,0x000000ce78200000) (1024K)]
  0x0000025a90413950 WorkerThread "GC Thread#0"                     [id=816, stack(0x000000ce77c00000,0x000000ce77d00000) (1024K)]
  0x0000025aa79eca00 WorkerThread "GC Thread#1"                     [id=18700, stack(0x000000ce78d00000,0x000000ce78e00000) (1024K)]
  0x0000025aa79ecda0 WorkerThread "GC Thread#2"                     [id=18856, stack(0x000000ce78e00000,0x000000ce78f00000) (1024K)]
  0x0000025aa7c50b10 WorkerThread "GC Thread#3"                     [id=19048, stack(0x000000ce79000000,0x000000ce79100000) (1024K)]
  0x0000025a90424840 ConcurrentGCThread "G1 Main Marker"            [id=17096, stack(0x000000ce77d00000,0x000000ce77e00000) (1024K)]
  0x0000025a90425250 WorkerThread "G1 Conc#0"                       [id=19160, stack(0x000000ce77e00000,0x000000ce77f00000) (1024K)]
  0x0000025a9047e8a0 ConcurrentGCThread "G1 Refine#0"               [id=5952, stack(0x000000ce77f00000,0x000000ce78000000) (1024K)]
  0x0000025aa707e510 ConcurrentGCThread "G1 Service"                [id=9148, stack(0x000000ce78000000,0x000000ce78100000) (1024K)]
Total: 10

Threads with active compile tasks:
Total: 0

VM state: at safepoint (normal execution)

VM Mutex/Monitor currently owned by a thread:  ([mutex/lock_event])
[0x00007ffcff798690] Threads_lock - owner thread: 0x0000025aa72452b0
[0x00007ffcff798790] Heap_lock - owner thread: 0x0000025ab7cefcb0

Heap address: 0x0000000080000000, size: 2048 MB, Compressed Oops mode: 32-bit

CDS archive(s) not mapped
Compressed class space mapped at: 0x0000000100000000-0x0000000140000000, reserved size: 1073741824
Narrow klass base: 0x0000000000000000, Narrow klass shift: 3, Narrow klass range: 0x140000000

GC Precious Log:
 CardTable entry size: 512
 Card Set container configuration: InlinePtr #cards 5 size 8 Array Of Cards #cards 12 size 40 Howl #buckets 4 coarsen threshold 1843 Howl Bitmap #cards 512 size 80 coarsen threshold 460 Card regions per heap region 1 cards per card region 2048
 CPUs: 4 total, 4 available
 Memory: 7834M
 Large Page Support: Disabled
 NUMA Support: Disabled
 Compressed Oops: Enabled (32-bit)
 Heap Region Size: 1M
 Heap Min Capacity: 8M
 Heap Initial Capacity: 124M
 Heap Max Capacity: 2G
 Pre-touch: Disabled
 Parallel Workers: 4
 Concurrent Workers: 1
 Concurrent Refinement Workers: 4
 Periodic GC: Disabled

Heap:
 garbage-first heap   total 416768K, used 278362K [0x0000000080000000, 0x0000000100000000)
  region size 1024K, 11 young (11264K), 11 survivors (11264K)
 Metaspace       used 164570K, committed 166848K, reserved 1245184K
  class space    used 22499K, committed 23616K, reserved 1048576K

Heap Regions: E=young(eden), S=young(survivor), O=old, HS=humongous(starts), HC=humongous(continues), CS=collection set, F=free, TAMS=top-at-mark-start, PB=parsable bottom
|   0|0x0000000080000000, 0x0000000080100000, 0x0000000080100000|100%|HS|  |TAMS 0x0000000080000000| PB 0x0000000080000000| Complete 
|   1|0x0000000080100000, 0x0000000080200000, 0x0000000080200000|100%|HC|  |TAMS 0x0000000080100000| PB 0x0000000080100000| Complete 
|   2|0x0000000080200000, 0x0000000080300000, 0x0000000080300000|100%|HC|  |TAMS 0x0000000080200000| PB 0x0000000080200000| Complete 
|   3|0x0000000080300000, 0x0000000080400000, 0x0000000080400000|100%|HS|  |TAMS 0x0000000080300000| PB 0x0000000080300000| Complete 
|   4|0x0000000080400000, 0x0000000080500000, 0x0000000080500000|100%| O|  |TAMS 0x0000000080400000| PB 0x0000000080400000| Untracked 
|   5|0x0000000080500000, 0x0000000080600000, 0x0000000080600000|100%| O|  |TAMS 0x0000000080500000| PB 0x0000000080500000| Untracked 
|   6|0x0000000080600000, 0x0000000080700000, 0x0000000080700000|100%| O|  |TAMS 0x0000000080600000| PB 0x0000000080600000| Untracked 
|   7|0x0000000080700000, 0x0000000080800000, 0x0000000080800000|100%| O|  |TAMS 0x0000000080700000| PB 0x0000000080700000| Untracked 
|   8|0x0000000080800000, 0x0000000080900000, 0x0000000080900000|100%| O|  |TAMS 0x0000000080800000| PB 0x0000000080800000| Untracked 
|   9|0x0000000080900000, 0x0000000080a00000, 0x0000000080a00000|100%| O|  |TAMS 0x0000000080900000| PB 0x0000000080900000| Untracked 
|  10|0x0000000080a00000, 0x0000000080b00000, 0x0000000080b00000|100%| O|  |TAMS 0x0000000080a00000| PB 0x0000000080a00000| Untracked 
|  11|0x0000000080b00000, 0x0000000080c00000, 0x0000000080c00000|100%| O|  |TAMS 0x0000000080b00000| PB 0x0000000080b00000| Untracked 
|  12|0x0000000080c00000, 0x0000000080d00000, 0x0000000080d00000|100%| O|  |TAMS 0x0000000080c00000| PB 0x0000000080c00000| Untracked 
|  13|0x0000000080d00000, 0x0000000080e00000, 0x0000000080e00000|100%| O|  |TAMS 0x0000000080d00000| PB 0x0000000080d00000| Untracked 
|  14|0x0000000080e00000, 0x0000000080f00000, 0x0000000080f00000|100%| O|  |TAMS 0x0000000080e00000| PB 0x0000000080e00000| Untracked 
|  15|0x0000000080f00000, 0x0000000081000000, 0x0000000081000000|100%| O|  |TAMS 0x0000000080f00000| PB 0x0000000080f00000| Untracked 
|  16|0x0000000081000000, 0x0000000081100000, 0x0000000081100000|100%| O|  |TAMS 0x0000000081000000| PB 0x0000000081000000| Untracked 
|  17|0x0000000081100000, 0x0000000081200000, 0x0000000081200000|100%| O|  |TAMS 0x0000000081100000| PB 0x0000000081100000| Untracked 
|  18|0x0000000081200000, 0x0000000081300000, 0x0000000081300000|100%| O|  |TAMS 0x0000000081200000| PB 0x0000000081200000| Untracked 
|  19|0x0000000081300000, 0x0000000081400000, 0x0000000081400000|100%| O|  |TAMS 0x0000000081300000| PB 0x0000000081300000| Untracked 
|  20|0x0000000081400000, 0x0000000081500000, 0x0000000081500000|100%| O|  |TAMS 0x0000000081400000| PB 0x0000000081400000| Untracked 
|  21|0x0000000081500000, 0x0000000081600000, 0x0000000081600000|100%| O|  |TAMS 0x0000000081500000| PB 0x0000000081500000| Untracked 
|  22|0x0000000081600000, 0x0000000081700000, 0x0000000081700000|100%| O|  |TAMS 0x0000000081600000| PB 0x0000000081600000| Untracked 
|  23|0x0000000081700000, 0x0000000081800000, 0x0000000081800000|100%| O|  |TAMS 0x0000000081700000| PB 0x0000000081700000| Untracked 
|  24|0x0000000081800000, 0x0000000081900000, 0x0000000081900000|100%| O|  |TAMS 0x0000000081800000| PB 0x0000000081800000| Untracked 
|  25|0x0000000081900000, 0x0000000081a00000, 0x0000000081a00000|100%| O|  |TAMS 0x0000000081900000| PB 0x0000000081900000| Untracked 
|  26|0x0000000081a00000, 0x0000000081b00000, 0x0000000081b00000|100%| O|  |TAMS 0x0000000081a00000| PB 0x0000000081a00000| Untracked 
|  27|0x0000000081b00000, 0x0000000081c00000, 0x0000000081c00000|100%| O|  |TAMS 0x0000000081b00000| PB 0x0000000081b00000| Untracked 
|  28|0x0000000081c00000, 0x0000000081d00000, 0x0000000081d00000|100%| O|  |TAMS 0x0000000081c00000| PB 0x0000000081c00000| Untracked 
|  29|0x0000000081d00000, 0x0000000081e00000, 0x0000000081e00000|100%| O|  |TAMS 0x0000000081d00000| PB 0x0000000081d00000| Untracked 
|  30|0x0000000081e00000, 0x0000000081f00000, 0x0000000081f00000|100%| O|  |TAMS 0x0000000081e00000| PB 0x0000000081e00000| Untracked 
|  31|0x0000000081f00000, 0x0000000082000000, 0x0000000082000000|100%| O|  |TAMS 0x0000000081f00000| PB 0x0000000081f00000| Untracked 
|  32|0x0000000082000000, 0x0000000082100000, 0x0000000082100000|100%| O|  |TAMS 0x0000000082000000| PB 0x0000000082000000| Untracked 
|  33|0x0000000082100000, 0x0000000082200000, 0x0000000082200000|100%| O|  |TAMS 0x0000000082100000| PB 0x0000000082100000| Untracked 
|  34|0x0000000082200000, 0x0000000082300000, 0x0000000082300000|100%|HS|  |TAMS 0x0000000082200000| PB 0x0000000082200000| Complete 
|  35|0x0000000082300000, 0x0000000082400000, 0x0000000082400000|100%|HC|  |TAMS 0x0000000082300000| PB 0x0000000082300000| Complete 
|  36|0x0000000082400000, 0x0000000082500000, 0x0000000082500000|100%| O|  |TAMS 0x0000000082400000| PB 0x0000000082400000| Untracked 
|  37|0x0000000082500000, 0x0000000082600000, 0x0000000082600000|100%| O|  |TAMS 0x0000000082500000| PB 0x0000000082500000| Untracked 
|  38|0x0000000082600000, 0x0000000082700000, 0x0000000082700000|100%| O|  |TAMS 0x0000000082600000| PB 0x0000000082600000| Untracked 
|  39|0x0000000082700000, 0x0000000082800000, 0x0000000082800000|100%| O|  |TAMS 0x0000000082700000| PB 0x0000000082700000| Untracked 
|  40|0x0000000082800000, 0x0000000082900000, 0x0000000082900000|100%| O|  |TAMS 0x0000000082800000| PB 0x0000000082800000| Untracked 
|  41|0x0000000082900000, 0x0000000082a00000, 0x0000000082a00000|100%| O|  |TAMS 0x0000000082900000| PB 0x0000000082900000| Untracked 
|  42|0x0000000082a00000, 0x0000000082b00000, 0x0000000082b00000|100%| O|  |TAMS 0x0000000082a00000| PB 0x0000000082a00000| Untracked 
|  43|0x0000000082b00000, 0x0000000082c00000, 0x0000000082c00000|100%| O|  |TAMS 0x0000000082b00000| PB 0x0000000082b00000| Untracked 
|  44|0x0000000082c00000, 0x0000000082d00000, 0x0000000082d00000|100%| O|  |TAMS 0x0000000082c00000| PB 0x0000000082c00000| Untracked 
|  45|0x0000000082d00000, 0x0000000082e00000, 0x0000000082e00000|100%| O|  |TAMS 0x0000000082d00000| PB 0x0000000082d00000| Untracked 
|  46|0x0000000082e00000, 0x0000000082f00000, 0x0000000082f00000|100%| O|  |TAMS 0x0000000082e00000| PB 0x0000000082e00000| Untracked 
|  47|0x0000000082f00000, 0x0000000083000000, 0x0000000083000000|100%| O|  |TAMS 0x0000000082f00000| PB 0x0000000082f00000| Untracked 
|  48|0x0000000083000000, 0x0000000083100000, 0x0000000083100000|100%| O|  |TAMS 0x0000000083000000| PB 0x0000000083000000| Untracked 
|  49|0x0000000083100000, 0x0000000083200000, 0x0000000083200000|100%| O|  |TAMS 0x0000000083100000| PB 0x0000000083100000| Untracked 
|  50|0x0000000083200000, 0x0000000083300000, 0x0000000083300000|100%| O|  |TAMS 0x0000000083200000| PB 0x0000000083200000| Untracked 
|  51|0x0000000083300000, 0x0000000083400000, 0x0000000083400000|100%| O|  |TAMS 0x0000000083300000| PB 0x0000000083300000| Untracked 
|  52|0x0000000083400000, 0x0000000083500000, 0x0000000083500000|100%| O|  |TAMS 0x0000000083400000| PB 0x0000000083400000| Untracked 
|  53|0x0000000083500000, 0x0000000083600000, 0x0000000083600000|100%| O|  |TAMS 0x0000000083500000| PB 0x0000000083500000| Untracked 
|  54|0x0000000083600000, 0x0000000083700000, 0x0000000083700000|100%| O|  |TAMS 0x0000000083600000| PB 0x0000000083600000| Untracked 
|  55|0x0000000083700000, 0x0000000083800000, 0x0000000083800000|100%| O|  |TAMS 0x0000000083700000| PB 0x0000000083700000| Untracked 
|  56|0x0000000083800000, 0x0000000083900000, 0x0000000083900000|100%|HS|  |TAMS 0x0000000083800000| PB 0x0000000083800000| Complete 
|  57|0x0000000083900000, 0x0000000083a00000, 0x0000000083a00000|100%|HS|  |TAMS 0x0000000083900000| PB 0x0000000083900000| Complete 
|  58|0x0000000083a00000, 0x0000000083b00000, 0x0000000083b00000|100%|HS|  |TAMS 0x0000000083a00000| PB 0x0000000083a00000| Complete 
|  59|0x0000000083b00000, 0x0000000083c00000, 0x0000000083c00000|100%|HC|  |TAMS 0x0000000083b00000| PB 0x0000000083b00000| Complete 
|  60|0x0000000083c00000, 0x0000000083d00000, 0x0000000083d00000|100%| O|  |TAMS 0x0000000083c00000| PB 0x0000000083c00000| Untracked 
|  61|0x0000000083d00000, 0x0000000083e00000, 0x0000000083e00000|100%|HS|  |TAMS 0x0000000083d00000| PB 0x0000000083d00000| Complete 
|  62|0x0000000083e00000, 0x0000000083f00000, 0x0000000083f00000|100%|HC|  |TAMS 0x0000000083e00000| PB 0x0000000083e00000| Complete 
|  63|0x0000000083f00000, 0x0000000084000000, 0x0000000084000000|100%| O|  |TAMS 0x0000000083f00000| PB 0x0000000083f00000| Untracked 
|  64|0x0000000084000000, 0x0000000084100000, 0x0000000084100000|100%| O|  |TAMS 0x0000000084000000| PB 0x0000000084000000| Untracked 
|  65|0x0000000084100000, 0x0000000084200000, 0x0000000084200000|100%|HS|  |TAMS 0x0000000084100000| PB 0x0000000084100000| Complete 
|  66|0x0000000084200000, 0x0000000084300000, 0x0000000084300000|100%|HS|  |TAMS 0x0000000084200000| PB 0x0000000084200000| Complete 
|  67|0x0000000084300000, 0x0000000084400000, 0x0000000084400000|100%| O|  |TAMS 0x0000000084300000| PB 0x0000000084300000| Untracked 
|  68|0x0000000084400000, 0x0000000084500000, 0x0000000084500000|100%| O|  |TAMS 0x0000000084400000| PB 0x0000000084400000| Untracked 
|  69|0x0000000084500000, 0x0000000084600000, 0x0000000084600000|100%|HS|  |TAMS 0x0000000084500000| PB 0x0000000084500000| Complete 
|  70|0x0000000084600000, 0x0000000084700000, 0x0000000084700000|100%|HC|  |TAMS 0x0000000084600000| PB 0x0000000084600000| Complete 
|  71|0x0000000084700000, 0x0000000084800000, 0x0000000084800000|100%|HC|  |TAMS 0x0000000084700000| PB 0x0000000084700000| Complete 
|  72|0x0000000084800000, 0x0000000084900000, 0x0000000084900000|100%| O|  |TAMS 0x0000000084800000| PB 0x0000000084800000| Untracked 
|  73|0x0000000084900000, 0x0000000084a00000, 0x0000000084a00000|100%|HS|  |TAMS 0x0000000084900000| PB 0x0000000084900000| Complete 
|  74|0x0000000084a00000, 0x0000000084b00000, 0x0000000084b00000|100%|HS|  |TAMS 0x0000000084a00000| PB 0x0000000084a00000| Complete 
|  75|0x0000000084b00000, 0x0000000084c00000, 0x0000000084c00000|100%| O|  |TAMS 0x0000000084b00000| PB 0x0000000084b00000| Untracked 
|  76|0x0000000084c00000, 0x0000000084d00000, 0x0000000084d00000|100%| O|  |TAMS 0x0000000084c00000| PB 0x0000000084c00000| Untracked 
|  77|0x0000000084d00000, 0x0000000084e00000, 0x0000000084e00000|100%| O|  |TAMS 0x0000000084d00000| PB 0x0000000084d00000| Untracked 
|  78|0x0000000084e00000, 0x0000000084f00000, 0x0000000084f00000|100%| O|  |TAMS 0x0000000084e00000| PB 0x0000000084e00000| Untracked 
|  79|0x0000000084f00000, 0x0000000085000000, 0x0000000085000000|100%| O|  |TAMS 0x0000000084f00000| PB 0x0000000084f00000| Untracked 
|  80|0x0000000085000000, 0x0000000085100000, 0x0000000085100000|100%| O|  |TAMS 0x0000000085000000| PB 0x0000000085000000| Untracked 
|  81|0x0000000085100000, 0x0000000085200000, 0x0000000085200000|100%| O|  |TAMS 0x0000000085100000| PB 0x0000000085100000| Untracked 
|  82|0x0000000085200000, 0x0000000085300000, 0x0000000085300000|100%| O|  |TAMS 0x0000000085200000| PB 0x0000000085200000| Untracked 
|  83|0x0000000085300000, 0x0000000085400000, 0x0000000085400000|100%| O|  |TAMS 0x0000000085300000| PB 0x0000000085300000| Untracked 
|  84|0x0000000085400000, 0x0000000085500000, 0x0000000085500000|100%| O|  |TAMS 0x0000000085400000| PB 0x0000000085400000| Untracked 
|  85|0x0000000085500000, 0x0000000085600000, 0x0000000085600000|100%|HS|  |TAMS 0x0000000085500000| PB 0x0000000085500000| Complete 
|  86|0x0000000085600000, 0x0000000085700000, 0x0000000085700000|100%| O|  |TAMS 0x0000000085600000| PB 0x0000000085600000| Untracked 
|  87|0x0000000085700000, 0x0000000085800000, 0x0000000085800000|100%| O|  |TAMS 0x0000000085700000| PB 0x0000000085700000| Untracked 
|  88|0x0000000085800000, 0x0000000085900000, 0x0000000085900000|100%|HS|  |TAMS 0x0000000085800000| PB 0x0000000085800000| Complete 
|  89|0x0000000085900000, 0x0000000085a00000, 0x0000000085a00000|100%|HC|  |TAMS 0x0000000085900000| PB 0x0000000085900000| Complete 
|  90|0x0000000085a00000, 0x0000000085b00000, 0x0000000085b00000|100%|HC|  |TAMS 0x0000000085a00000| PB 0x0000000085a00000| Complete 
|  91|0x0000000085b00000, 0x0000000085c00000, 0x0000000085c00000|100%| O|  |TAMS 0x0000000085b00000| PB 0x0000000085b00000| Untracked 
|  92|0x0000000085c00000, 0x0000000085d00000, 0x0000000085d00000|100%| O|Cm|TAMS 0x0000000085c00000| PB 0x0000000085c00000| Complete 
|  93|0x0000000085d00000, 0x0000000085e00000, 0x0000000085e00000|100%| O|  |TAMS 0x0000000085d00000| PB 0x0000000085d00000| Untracked 
|  94|0x0000000085e00000, 0x0000000085f00000, 0x0000000085f00000|100%| O|  |TAMS 0x0000000085e00000| PB 0x0000000085e00000| Untracked 
|  95|0x0000000085f00000, 0x0000000086000000, 0x0000000086000000|100%| O|  |TAMS 0x0000000085f00000| PB 0x0000000085f00000| Untracked 
|  96|0x0000000086000000, 0x0000000086100000, 0x0000000086100000|100%| O|  |TAMS 0x0000000086000000| PB 0x0000000086000000| Untracked 
|  97|0x0000000086100000, 0x0000000086200000, 0x0000000086200000|100%| O|  |TAMS 0x0000000086100000| PB 0x0000000086100000| Untracked 
|  98|0x0000000086200000, 0x0000000086300000, 0x0000000086300000|100%| O|Cm|TAMS 0x0000000086200000| PB 0x0000000086200000| Complete 
|  99|0x0000000086300000, 0x0000000086400000, 0x0000000086400000|100%| O|  |TAMS 0x0000000086300000| PB 0x0000000086300000| Untracked 
| 100|0x0000000086400000, 0x0000000086500000, 0x0000000086500000|100%| O|  |TAMS 0x0000000086400000| PB 0x0000000086400000| Untracked 
| 101|0x0000000086500000, 0x0000000086600000, 0x0000000086600000|100%| O|Cm|TAMS 0x0000000086500000| PB 0x0000000086500000| Complete 
| 102|0x0000000086600000, 0x0000000086700000, 0x0000000086700000|100%| O|  |TAMS 0x0000000086600000| PB 0x0000000086600000| Untracked 
| 103|0x0000000086700000, 0x0000000086800000, 0x0000000086800000|100%| O|  |TAMS 0x0000000086700000| PB 0x0000000086700000| Untracked 
| 104|0x0000000086800000, 0x0000000086900000, 0x0000000086900000|100%| O|  |TAMS 0x0000000086800000| PB 0x0000000086800000| Untracked 
| 105|0x0000000086900000, 0x0000000086a00000, 0x0000000086a00000|100%| O|  |TAMS 0x0000000086900000| PB 0x0000000086900000| Untracked 
| 106|0x0000000086a00000, 0x0000000086b00000, 0x0000000086b00000|100%| O|  |TAMS 0x0000000086a00000| PB 0x0000000086a00000| Untracked 
| 107|0x0000000086b00000, 0x0000000086c00000, 0x0000000086c00000|100%| O|  |TAMS 0x0000000086b00000| PB 0x0000000086b00000| Untracked 
| 108|0x0000000086c00000, 0x0000000086d00000, 0x0000000086d00000|100%| O|  |TAMS 0x0000000086c00000| PB 0x0000000086c00000| Untracked 
| 109|0x0000000086d00000, 0x0000000086e00000, 0x0000000086e00000|100%| O|Cm|TAMS 0x0000000086d00000| PB 0x0000000086d00000| Complete 
| 110|0x0000000086e00000, 0x0000000086f00000, 0x0000000086f00000|100%| O|  |TAMS 0x0000000086e00000| PB 0x0000000086e00000| Untracked 
| 111|0x0000000086f00000, 0x0000000087000000, 0x0000000087000000|100%| O|  |TAMS 0x0000000086f00000| PB 0x0000000086f00000| Untracked 
| 112|0x0000000087000000, 0x0000000087100000, 0x0000000087100000|100%| O|  |TAMS 0x0000000087000000| PB 0x0000000087000000| Untracked 
| 113|0x0000000087100000, 0x0000000087200000, 0x0000000087200000|100%| O|Cm|TAMS 0x0000000087100000| PB 0x0000000087100000| Complete 
| 114|0x0000000087200000, 0x0000000087300000, 0x0000000087300000|100%| O|  |TAMS 0x0000000087200000| PB 0x0000000087200000| Untracked 
| 115|0x0000000087300000, 0x0000000087400000, 0x0000000087400000|100%| O|  |TAMS 0x0000000087300000| PB 0x0000000087300000| Untracked 
| 116|0x0000000087400000, 0x0000000087500000, 0x0000000087500000|100%| O|  |TAMS 0x0000000087400000| PB 0x0000000087400000| Untracked 
| 117|0x0000000087500000, 0x0000000087600000, 0x0000000087600000|100%| O|  |TAMS 0x0000000087500000| PB 0x0000000087500000| Untracked 
| 118|0x0000000087600000, 0x0000000087700000, 0x0000000087700000|100%| O|  |TAMS 0x0000000087600000| PB 0x0000000087600000| Untracked 
| 119|0x0000000087700000, 0x0000000087800000, 0x0000000087800000|100%| O|  |TAMS 0x0000000087700000| PB 0x0000000087700000| Untracked 
| 120|0x0000000087800000, 0x0000000087900000, 0x0000000087900000|100%| O|  |TAMS 0x0000000087800000| PB 0x0000000087800000| Untracked 
| 121|0x0000000087900000, 0x0000000087a00000, 0x0000000087a00000|100%| O|  |TAMS 0x0000000087900000| PB 0x0000000087900000| Untracked 
| 122|0x0000000087a00000, 0x0000000087b00000, 0x0000000087b00000|100%| O|  |TAMS 0x0000000087a00000| PB 0x0000000087a00000| Untracked 
| 123|0x0000000087b00000, 0x0000000087c00000, 0x0000000087c00000|100%| O|  |TAMS 0x0000000087b00000| PB 0x0000000087b00000| Untracked 
| 124|0x0000000087c00000, 0x0000000087d00000, 0x0000000087d00000|100%| O|  |TAMS 0x0000000087c00000| PB 0x0000000087c00000| Untracked 
| 125|0x0000000087d00000, 0x0000000087e00000, 0x0000000087e00000|100%| O|Cm|TAMS 0x0000000087d00000| PB 0x0000000087d00000| Complete 
| 126|0x0000000087e00000, 0x0000000087f00000, 0x0000000087f00000|100%| O|  |TAMS 0x0000000087e00000| PB 0x0000000087e00000| Untracked 
| 127|0x0000000087f00000, 0x0000000088000000, 0x0000000088000000|100%| O|Cm|TAMS 0x0000000087f00000| PB 0x0000000087f00000| Complete 
| 128|0x0000000088000000, 0x0000000088100000, 0x0000000088100000|100%| O|  |TAMS 0x0000000088000000| PB 0x0000000088000000| Untracked 
| 129|0x0000000088100000, 0x0000000088200000, 0x0000000088200000|100%| O|  |TAMS 0x0000000088100000| PB 0x0000000088100000| Untracked 
| 130|0x0000000088200000, 0x0000000088300000, 0x0000000088300000|100%| O|  |TAMS 0x0000000088200000| PB 0x0000000088200000| Untracked 
| 131|0x0000000088300000, 0x0000000088400000, 0x0000000088400000|100%| O|  |TAMS 0x0000000088300000| PB 0x0000000088300000| Untracked 
| 132|0x0000000088400000, 0x0000000088500000, 0x0000000088500000|100%| O|  |TAMS 0x0000000088400000| PB 0x0000000088400000| Untracked 
| 133|0x0000000088500000, 0x0000000088600000, 0x0000000088600000|100%|HS|  |TAMS 0x0000000088500000| PB 0x0000000088500000| Complete 
| 134|0x0000000088600000, 0x0000000088700000, 0x0000000088700000|100%| O|  |TAMS 0x0000000088600000| PB 0x0000000088600000| Untracked 
| 135|0x0000000088700000, 0x0000000088800000, 0x0000000088800000|100%| O|  |TAMS 0x0000000088700000| PB 0x0000000088700000| Untracked 
| 136|0x0000000088800000, 0x0000000088900000, 0x0000000088900000|100%| O|  |TAMS 0x0000000088800000| PB 0x0000000088800000| Untracked 
| 137|0x0000000088900000, 0x0000000088a00000, 0x0000000088a00000|100%| O|Cm|TAMS 0x0000000088900000| PB 0x0000000088900000| Complete 
| 138|0x0000000088a00000, 0x0000000088b00000, 0x0000000088b00000|100%| O|  |TAMS 0x0000000088a00000| PB 0x0000000088a00000| Untracked 
| 139|0x0000000088b00000, 0x0000000088c00000, 0x0000000088c00000|100%| O|  |TAMS 0x0000000088b00000| PB 0x0000000088b00000| Untracked 
| 140|0x0000000088c00000, 0x0000000088d00000, 0x0000000088d00000|100%| O|  |TAMS 0x0000000088c00000| PB 0x0000000088c00000| Untracked 
| 141|0x0000000088d00000, 0x0000000088e00000, 0x0000000088e00000|100%| O|  |TAMS 0x0000000088d00000| PB 0x0000000088d00000| Untracked 
| 142|0x0000000088e00000, 0x0000000088f00000, 0x0000000088f00000|100%| O|  |TAMS 0x0000000088e00000| PB 0x0000000088e00000| Untracked 
| 143|0x0000000088f00000, 0x0000000089000000, 0x0000000089000000|100%| O|  |TAMS 0x0000000088f00000| PB 0x0000000088f00000| Untracked 
| 144|0x0000000089000000, 0x0000000089100000, 0x0000000089100000|100%| O|  |TAMS 0x0000000089000000| PB 0x0000000089000000| Untracked 
| 145|0x0000000089100000, 0x0000000089200000, 0x0000000089200000|100%| O|  |TAMS 0x0000000089100000| PB 0x0000000089100000| Untracked 
| 146|0x0000000089200000, 0x0000000089200000, 0x0000000089300000|  0%| F|  |TAMS 0x0000000089200000| PB 0x0000000089200000| Untracked 
| 147|0x0000000089300000, 0x0000000089400000, 0x0000000089400000|100%| O|Cm|TAMS 0x0000000089300000| PB 0x0000000089300000| Complete 
| 148|0x0000000089400000, 0x0000000089500000, 0x0000000089500000|100%| O|Cm|TAMS 0x0000000089400000| PB 0x0000000089400000| Complete 
| 149|0x0000000089500000, 0x0000000089600000, 0x0000000089600000|100%| O|  |TAMS 0x0000000089500000| PB 0x0000000089500000| Untracked 
| 150|0x0000000089600000, 0x0000000089700000, 0x0000000089700000|100%| O|  |TAMS 0x0000000089600000| PB 0x0000000089600000| Untracked 
| 151|0x0000000089700000, 0x0000000089800000, 0x0000000089800000|100%| O|  |TAMS 0x0000000089700000| PB 0x0000000089700000| Untracked 
| 152|0x0000000089800000, 0x0000000089900000, 0x0000000089900000|100%| O|  |TAMS 0x0000000089800000| PB 0x0000000089800000| Untracked 
| 153|0x0000000089900000, 0x0000000089a00000, 0x0000000089a00000|100%| O|  |TAMS 0x0000000089900000| PB 0x0000000089900000| Untracked 
| 154|0x0000000089a00000, 0x0000000089b00000, 0x0000000089b00000|100%| O|  |TAMS 0x0000000089a00000| PB 0x0000000089a00000| Untracked 
| 155|0x0000000089b00000, 0x0000000089c00000, 0x0000000089c00000|100%| O|  |TAMS 0x0000000089b00000| PB 0x0000000089b00000| Untracked 
| 156|0x0000000089c00000, 0x0000000089d00000, 0x0000000089d00000|100%| O|  |TAMS 0x0000000089c00000| PB 0x0000000089c00000| Untracked 
| 157|0x0000000089d00000, 0x0000000089e00000, 0x0000000089e00000|100%| O|Cm|TAMS 0x0000000089d00000| PB 0x0000000089d00000| Complete 
| 158|0x0000000089e00000, 0x0000000089f00000, 0x0000000089f00000|100%| O|  |TAMS 0x0000000089e00000| PB 0x0000000089e00000| Untracked 
| 159|0x0000000089f00000, 0x000000008a000000, 0x000000008a000000|100%| O|  |TAMS 0x0000000089f00000| PB 0x0000000089f00000| Untracked 
| 160|0x000000008a000000, 0x000000008a100000, 0x000000008a100000|100%| O|  |TAMS 0x000000008a000000| PB 0x000000008a000000| Untracked 
| 161|0x000000008a100000, 0x000000008a200000, 0x000000008a200000|100%| O|  |TAMS 0x000000008a100000| PB 0x000000008a100000| Untracked 
| 162|0x000000008a200000, 0x000000008a300000, 0x000000008a300000|100%| O|  |TAMS 0x000000008a200000| PB 0x000000008a200000| Untracked 
| 163|0x000000008a300000, 0x000000008a400000, 0x000000008a400000|100%| O|  |TAMS 0x000000008a300000| PB 0x000000008a300000| Untracked 
| 164|0x000000008a400000, 0x000000008a500000, 0x000000008a500000|100%| O|  |TAMS 0x000000008a400000| PB 0x000000008a400000| Untracked 
| 165|0x000000008a500000, 0x000000008a600000, 0x000000008a600000|100%| O|  |TAMS 0x000000008a500000| PB 0x000000008a500000| Untracked 
| 166|0x000000008a600000, 0x000000008a700000, 0x000000008a700000|100%| O|  |TAMS 0x000000008a600000| PB 0x000000008a600000| Untracked 
| 167|0x000000008a700000, 0x000000008a800000, 0x000000008a800000|100%| O|  |TAMS 0x000000008a700000| PB 0x000000008a700000| Untracked 
| 168|0x000000008a800000, 0x000000008a900000, 0x000000008a900000|100%| O|  |TAMS 0x000000008a800000| PB 0x000000008a800000| Untracked 
| 169|0x000000008a900000, 0x000000008aa00000, 0x000000008aa00000|100%| O|  |TAMS 0x000000008a900000| PB 0x000000008a900000| Untracked 
| 170|0x000000008aa00000, 0x000000008ab00000, 0x000000008ab00000|100%| O|  |TAMS 0x000000008aa00000| PB 0x000000008aa00000| Untracked 
| 171|0x000000008ab00000, 0x000000008ac00000, 0x000000008ac00000|100%| O|Cm|TAMS 0x000000008ab00000| PB 0x000000008ab00000| Complete 
| 172|0x000000008ac00000, 0x000000008ad00000, 0x000000008ad00000|100%| O|  |TAMS 0x000000008ac00000| PB 0x000000008ac00000| Untracked 
| 173|0x000000008ad00000, 0x000000008ae00000, 0x000000008ae00000|100%| O|  |TAMS 0x000000008ad00000| PB 0x000000008ad00000| Untracked 
| 174|0x000000008ae00000, 0x000000008af00000, 0x000000008af00000|100%| O|  |TAMS 0x000000008ae00000| PB 0x000000008ae00000| Untracked 
| 175|0x000000008af00000, 0x000000008b000000, 0x000000008b000000|100%| O|  |TAMS 0x000000008af00000| PB 0x000000008af00000| Untracked 
| 176|0x000000008b000000, 0x000000008b100000, 0x000000008b100000|100%| O|  |TAMS 0x000000008b000000| PB 0x000000008b000000| Untracked 
| 177|0x000000008b100000, 0x000000008b200000, 0x000000008b200000|100%| O|  |TAMS 0x000000008b100000| PB 0x000000008b100000| Untracked 
| 178|0x000000008b200000, 0x000000008b300000, 0x000000008b300000|100%| O|  |TAMS 0x000000008b200000| PB 0x000000008b200000| Untracked 
| 179|0x000000008b300000, 0x000000008b400000, 0x000000008b400000|100%| O|  |TAMS 0x000000008b300000| PB 0x000000008b300000| Untracked 
| 180|0x000000008b400000, 0x000000008b500000, 0x000000008b500000|100%| O|  |TAMS 0x000000008b400000| PB 0x000000008b400000| Untracked 
| 181|0x000000008b500000, 0x000000008b600000, 0x000000008b600000|100%| O|  |TAMS 0x000000008b500000| PB 0x000000008b500000| Untracked 
| 182|0x000000008b600000, 0x000000008b700000, 0x000000008b700000|100%| O|Cm|TAMS 0x000000008b600000| PB 0x000000008b600000| Complete 
| 183|0x000000008b700000, 0x000000008b800000, 0x000000008b800000|100%| O|Cm|TAMS 0x000000008b700000| PB 0x000000008b700000| Complete 
| 184|0x000000008b800000, 0x000000008b900000, 0x000000008b900000|100%| O|  |TAMS 0x000000008b800000| PB 0x000000008b800000| Untracked 
| 185|0x000000008b900000, 0x000000008ba00000, 0x000000008ba00000|100%| O|  |TAMS 0x000000008b900000| PB 0x000000008b900000| Untracked 
| 186|0x000000008ba00000, 0x000000008bb00000, 0x000000008bb00000|100%| O|  |TAMS 0x000000008ba00000| PB 0x000000008ba00000| Untracked 
| 187|0x000000008bb00000, 0x000000008bc00000, 0x000000008bc00000|100%| O|  |TAMS 0x000000008bb00000| PB 0x000000008bb00000| Untracked 
| 188|0x000000008bc00000, 0x000000008bd00000, 0x000000008bd00000|100%| O|  |TAMS 0x000000008bc00000| PB 0x000000008bc00000| Untracked 
| 189|0x000000008bd00000, 0x000000008be00000, 0x000000008be00000|100%| O|  |TAMS 0x000000008bd00000| PB 0x000000008bd00000| Untracked 
| 190|0x000000008be00000, 0x000000008bf00000, 0x000000008bf00000|100%| O|  |TAMS 0x000000008be00000| PB 0x000000008be00000| Untracked 
| 191|0x000000008bf00000, 0x000000008c000000, 0x000000008c000000|100%| O|  |TAMS 0x000000008bf00000| PB 0x000000008bf00000| Untracked 
| 192|0x000000008c000000, 0x000000008c100000, 0x000000008c100000|100%| O|  |TAMS 0x000000008c000000| PB 0x000000008c000000| Untracked 
| 193|0x000000008c100000, 0x000000008c200000, 0x000000008c200000|100%| O|  |TAMS 0x000000008c100000| PB 0x000000008c100000| Untracked 
| 194|0x000000008c200000, 0x000000008c300000, 0x000000008c300000|100%| O|  |TAMS 0x000000008c200000| PB 0x000000008c200000| Untracked 
| 195|0x000000008c300000, 0x000000008c400000, 0x000000008c400000|100%| O|  |TAMS 0x000000008c300000| PB 0x000000008c300000| Untracked 
| 196|0x000000008c400000, 0x000000008c500000, 0x000000008c500000|100%| O|  |TAMS 0x000000008c400000| PB 0x000000008c400000| Untracked 
| 197|0x000000008c500000, 0x000000008c600000, 0x000000008c600000|100%| O|  |TAMS 0x000000008c500000| PB 0x000000008c500000| Untracked 
| 198|0x000000008c600000, 0x000000008c700000, 0x000000008c700000|100%| O|  |TAMS 0x000000008c600000| PB 0x000000008c600000| Untracked 
| 199|0x000000008c700000, 0x000000008c800000, 0x000000008c800000|100%| O|  |TAMS 0x000000008c700000| PB 0x000000008c700000| Untracked 
| 200|0x000000008c800000, 0x000000008c900000, 0x000000008c900000|100%| O|  |TAMS 0x000000008c800000| PB 0x000000008c800000| Untracked 
| 201|0x000000008c900000, 0x000000008ca00000, 0x000000008ca00000|100%| O|  |TAMS 0x000000008c900000| PB 0x000000008c900000| Untracked 
| 202|0x000000008ca00000, 0x000000008cb00000, 0x000000008cb00000|100%| O|  |TAMS 0x000000008ca00000| PB 0x000000008ca00000| Untracked 
| 203|0x000000008cb00000, 0x000000008cc00000, 0x000000008cc00000|100%| O|  |TAMS 0x000000008cb00000| PB 0x000000008cb00000| Untracked 
| 204|0x000000008cc00000, 0x000000008cd00000, 0x000000008cd00000|100%| O|  |TAMS 0x000000008cc00000| PB 0x000000008cc00000| Untracked 
| 205|0x000000008cd00000, 0x000000008ce00000, 0x000000008ce00000|100%| O|  |TAMS 0x000000008cd00000| PB 0x000000008cd00000| Untracked 
| 206|0x000000008ce00000, 0x000000008cf00000, 0x000000008cf00000|100%| O|  |TAMS 0x000000008ce00000| PB 0x000000008ce00000| Untracked 
| 207|0x000000008cf00000, 0x000000008d000000, 0x000000008d000000|100%| O|  |TAMS 0x000000008cf00000| PB 0x000000008cf00000| Untracked 
| 208|0x000000008d000000, 0x000000008d100000, 0x000000008d100000|100%|HS|  |TAMS 0x000000008d000000| PB 0x000000008d000000| Complete 
| 209|0x000000008d100000, 0x000000008d200000, 0x000000008d200000|100%|HC|  |TAMS 0x000000008d100000| PB 0x000000008d100000| Complete 
| 210|0x000000008d200000, 0x000000008d200000, 0x000000008d300000|  0%| F|  |TAMS 0x000000008d200000| PB 0x000000008d200000| Untracked 
| 211|0x000000008d300000, 0x000000008d300000, 0x000000008d400000|  0%| F|  |TAMS 0x000000008d300000| PB 0x000000008d300000| Untracked 
| 212|0x000000008d400000, 0x000000008d500000, 0x000000008d500000|100%| O|  |TAMS 0x000000008d400000| PB 0x000000008d400000| Untracked 
| 213|0x000000008d500000, 0x000000008d600000, 0x000000008d600000|100%| O|  |TAMS 0x000000008d500000| PB 0x000000008d500000| Untracked 
| 214|0x000000008d600000, 0x000000008d700000, 0x000000008d700000|100%| O|  |TAMS 0x000000008d600000| PB 0x000000008d600000| Untracked 
| 215|0x000000008d700000, 0x000000008d800000, 0x000000008d800000|100%| O|  |TAMS 0x000000008d700000| PB 0x000000008d700000| Untracked 
| 216|0x000000008d800000, 0x000000008d900000, 0x000000008d900000|100%| O|  |TAMS 0x000000008d800000| PB 0x000000008d800000| Untracked 
| 217|0x000000008d900000, 0x000000008da00000, 0x000000008da00000|100%| O|  |TAMS 0x000000008d900000| PB 0x000000008d900000| Untracked 
| 218|0x000000008da00000, 0x000000008db00000, 0x000000008db00000|100%| O|  |TAMS 0x000000008da00000| PB 0x000000008da00000| Untracked 
| 219|0x000000008db00000, 0x000000008dc00000, 0x000000008dc00000|100%| O|  |TAMS 0x000000008db00000| PB 0x000000008db00000| Untracked 
| 220|0x000000008dc00000, 0x000000008dd00000, 0x000000008dd00000|100%| O|  |TAMS 0x000000008dc00000| PB 0x000000008dc00000| Untracked 
| 221|0x000000008dd00000, 0x000000008dd00000, 0x000000008de00000|  0%| F|  |TAMS 0x000000008dd00000| PB 0x000000008dd00000| Untracked 
| 222|0x000000008de00000, 0x000000008df00000, 0x000000008df00000|100%| O|  |TAMS 0x000000008de00000| PB 0x000000008de00000| Untracked 
| 223|0x000000008df00000, 0x000000008e000000, 0x000000008e000000|100%| O|  |TAMS 0x000000008df00000| PB 0x000000008df00000| Untracked 
| 224|0x000000008e000000, 0x000000008e100000, 0x000000008e100000|100%| O|  |TAMS 0x000000008e000000| PB 0x000000008e000000| Untracked 
| 225|0x000000008e100000, 0x000000008e200000, 0x000000008e200000|100%| O|  |TAMS 0x000000008e100000| PB 0x000000008e100000| Untracked 
| 226|0x000000008e200000, 0x000000008e300000, 0x000000008e300000|100%| O|  |TAMS 0x000000008e200000| PB 0x000000008e200000| Untracked 
| 227|0x000000008e300000, 0x000000008e400000, 0x000000008e400000|100%| O|  |TAMS 0x000000008e300000| PB 0x000000008e300000| Untracked 
| 228|0x000000008e400000, 0x000000008e500000, 0x000000008e500000|100%| O|  |TAMS 0x000000008e400000| PB 0x000000008e400000| Untracked 
| 229|0x000000008e500000, 0x000000008e600000, 0x000000008e600000|100%| O|Cm|TAMS 0x000000008e500000| PB 0x000000008e500000| Complete 
| 230|0x000000008e600000, 0x000000008e700000, 0x000000008e700000|100%| O|  |TAMS 0x000000008e600000| PB 0x000000008e600000| Untracked 
| 231|0x000000008e700000, 0x000000008e700000, 0x000000008e800000|  0%| F|  |TAMS 0x000000008e700000| PB 0x000000008e700000| Untracked 
| 232|0x000000008e800000, 0x000000008e800000, 0x000000008e900000|  0%| F|  |TAMS 0x000000008e800000| PB 0x000000008e800000| Untracked 
| 233|0x000000008e900000, 0x000000008ea00000, 0x000000008ea00000|100%| O|  |TAMS 0x000000008e900000| PB 0x000000008e900000| Untracked 
| 234|0x000000008ea00000, 0x000000008eb00000, 0x000000008eb00000|100%| O|  |TAMS 0x000000008ea00000| PB 0x000000008ea00000| Untracked 
| 235|0x000000008eb00000, 0x000000008eb00000, 0x000000008ec00000|  0%| F|  |TAMS 0x000000008eb00000| PB 0x000000008eb00000| Untracked 
| 236|0x000000008ec00000, 0x000000008ec00000, 0x000000008ed00000|  0%| F|  |TAMS 0x000000008ec00000| PB 0x000000008ec00000| Untracked 
| 237|0x000000008ed00000, 0x000000008ed00000, 0x000000008ee00000|  0%| F|  |TAMS 0x000000008ed00000| PB 0x000000008ed00000| Untracked 
| 238|0x000000008ee00000, 0x000000008ee00000, 0x000000008ef00000|  0%| F|  |TAMS 0x000000008ee00000| PB 0x000000008ee00000| Untracked 
| 239|0x000000008ef00000, 0x000000008ef00000, 0x000000008f000000|  0%| F|  |TAMS 0x000000008ef00000| PB 0x000000008ef00000| Untracked 
| 240|0x000000008f000000, 0x000000008f000000, 0x000000008f100000|  0%| F|  |TAMS 0x000000008f000000| PB 0x000000008f000000| Untracked 
| 241|0x000000008f100000, 0x000000008f200000, 0x000000008f200000|100%| O|  |TAMS 0x000000008f100000| PB 0x000000008f100000| Untracked 
| 242|0x000000008f200000, 0x000000008f300000, 0x000000008f300000|100%| O|  |TAMS 0x000000008f200000| PB 0x000000008f200000| Untracked 
| 243|0x000000008f300000, 0x000000008f400000, 0x000000008f400000|100%| O|  |TAMS 0x000000008f300000| PB 0x000000008f300000| Untracked 
| 244|0x000000008f400000, 0x000000008f500000, 0x000000008f500000|100%| O|  |TAMS 0x000000008f400000| PB 0x000000008f400000| Untracked 
| 245|0x000000008f500000, 0x000000008f600000, 0x000000008f600000|100%| O|  |TAMS 0x000000008f500000| PB 0x000000008f500000| Untracked 
| 246|0x000000008f600000, 0x000000008f700000, 0x000000008f700000|100%| O|  |TAMS 0x000000008f600000| PB 0x000000008f600000| Untracked 
| 247|0x000000008f700000, 0x000000008f800000, 0x000000008f800000|100%| O|  |TAMS 0x000000008f700000| PB 0x000000008f700000| Untracked 
| 248|0x000000008f800000, 0x000000008f900000, 0x000000008f900000|100%| O|  |TAMS 0x000000008f800000| PB 0x000000008f800000| Untracked 
| 249|0x000000008f900000, 0x000000008f900000, 0x000000008fa00000|  0%| F|  |TAMS 0x000000008f900000| PB 0x000000008f900000| Untracked 
| 250|0x000000008fa00000, 0x000000008fa00000, 0x000000008fb00000|  0%| F|  |TAMS 0x000000008fa00000| PB 0x000000008fa00000| Untracked 
| 251|0x000000008fb00000, 0x000000008fb00000, 0x000000008fc00000|  0%| F|  |TAMS 0x000000008fb00000| PB 0x000000008fb00000| Untracked 
| 252|0x000000008fc00000, 0x000000008fc00000, 0x000000008fd00000|  0%| F|  |TAMS 0x000000008fc00000| PB 0x000000008fc00000| Untracked 
| 253|0x000000008fd00000, 0x000000008fd00000, 0x000000008fe00000|  0%| F|  |TAMS 0x000000008fd00000| PB 0x000000008fd00000| Untracked 
| 254|0x000000008fe00000, 0x000000008ff00000, 0x000000008ff00000|100%| O|  |TAMS 0x000000008fe00000| PB 0x000000008fe00000| Untracked 
| 255|0x000000008ff00000, 0x0000000090000000, 0x0000000090000000|100%| O|  |TAMS 0x000000008ff00000| PB 0x000000008ff00000| Untracked 
| 256|0x0000000090000000, 0x0000000090100000, 0x0000000090100000|100%| O|  |TAMS 0x0000000090000000| PB 0x0000000090000000| Untracked 
| 257|0x0000000090100000, 0x0000000090200000, 0x0000000090200000|100%| O|  |TAMS 0x0000000090100000| PB 0x0000000090100000| Untracked 
| 258|0x0000000090200000, 0x0000000090300000, 0x0000000090300000|100%| O|  |TAMS 0x0000000090200000| PB 0x0000000090200000| Untracked 
| 259|0x0000000090300000, 0x0000000090400000, 0x0000000090400000|100%| O|  |TAMS 0x0000000090300000| PB 0x0000000090300000| Untracked 
| 260|0x0000000090400000, 0x0000000090500000, 0x0000000090500000|100%| O|  |TAMS 0x0000000090400000| PB 0x0000000090400000| Untracked 
| 261|0x0000000090500000, 0x0000000090600000, 0x0000000090600000|100%| O|  |TAMS 0x0000000090500000| PB 0x0000000090500000| Untracked 
| 262|0x0000000090600000, 0x0000000090700000, 0x0000000090700000|100%| O|  |TAMS 0x0000000090600000| PB 0x0000000090600000| Untracked 
| 263|0x0000000090700000, 0x0000000090800000, 0x0000000090800000|100%| O|  |TAMS 0x0000000090700000| PB 0x0000000090700000| Untracked 
| 264|0x0000000090800000, 0x0000000090900000, 0x0000000090900000|100%| O|  |TAMS 0x0000000090800000| PB 0x0000000090800000| Untracked 
| 265|0x0000000090900000, 0x0000000090a00000, 0x0000000090a00000|100%| O|  |TAMS 0x0000000090900000| PB 0x0000000090900000| Untracked 
| 266|0x0000000090a00000, 0x0000000090b00000, 0x0000000090b00000|100%| O|  |TAMS 0x0000000090a00000| PB 0x0000000090a00000| Untracked 
| 267|0x0000000090b00000, 0x0000000090c00000, 0x0000000090c00000|100%| O|  |TAMS 0x0000000090b00000| PB 0x0000000090b00000| Untracked 
| 268|0x0000000090c00000, 0x0000000090d00000, 0x0000000090d00000|100%| O|  |TAMS 0x0000000090c00000| PB 0x0000000090c00000| Untracked 
| 269|0x0000000090d00000, 0x0000000090e00000, 0x0000000090e00000|100%| O|  |TAMS 0x0000000090d00000| PB 0x0000000090d00000| Untracked 
| 270|0x0000000090e00000, 0x0000000090f00000, 0x0000000090f00000|100%| O|  |TAMS 0x0000000090e00000| PB 0x0000000090e00000| Untracked 
| 271|0x0000000090f00000, 0x0000000090f00000, 0x0000000091000000|  0%| F|  |TAMS 0x0000000090f00000| PB 0x0000000090f00000| Untracked 
| 272|0x0000000091000000, 0x0000000091000000, 0x0000000091100000|  0%| F|  |TAMS 0x0000000091000000| PB 0x0000000091000000| Untracked 
| 273|0x0000000091100000, 0x0000000091100000, 0x0000000091200000|  0%| F|  |TAMS 0x0000000091100000| PB 0x0000000091100000| Untracked 
| 274|0x0000000091200000, 0x0000000091200000, 0x0000000091300000|  0%| F|  |TAMS 0x0000000091200000| PB 0x0000000091200000| Untracked 
| 275|0x0000000091300000, 0x0000000091300000, 0x0000000091400000|  0%| F|  |TAMS 0x0000000091300000| PB 0x0000000091300000| Untracked 
| 276|0x0000000091400000, 0x0000000091400000, 0x0000000091500000|  0%| F|  |TAMS 0x0000000091400000| PB 0x0000000091400000| Untracked 
| 277|0x0000000091500000, 0x0000000091500000, 0x0000000091600000|  0%| F|  |TAMS 0x0000000091500000| PB 0x0000000091500000| Untracked 
| 278|0x0000000091600000, 0x0000000091600000, 0x0000000091700000|  0%| F|  |TAMS 0x0000000091600000| PB 0x0000000091600000| Untracked 
| 279|0x0000000091700000, 0x0000000091700000, 0x0000000091800000|  0%| F|  |TAMS 0x0000000091700000| PB 0x0000000091700000| Untracked 
| 280|0x0000000091800000, 0x0000000091800000, 0x0000000091900000|  0%| F|  |TAMS 0x0000000091800000| PB 0x0000000091800000| Untracked 
| 281|0x0000000091900000, 0x0000000091900000, 0x0000000091a00000|  0%| F|  |TAMS 0x0000000091900000| PB 0x0000000091900000| Untracked 
| 282|0x0000000091a00000, 0x0000000091a00000, 0x0000000091b00000|  0%| F|  |TAMS 0x0000000091a00000| PB 0x0000000091a00000| Untracked 
| 283|0x0000000091b00000, 0x0000000091b00000, 0x0000000091c00000|  0%| F|  |TAMS 0x0000000091b00000| PB 0x0000000091b00000| Untracked 
| 284|0x0000000091c00000, 0x0000000091c00000, 0x0000000091d00000|  0%| F|  |TAMS 0x0000000091c00000| PB 0x0000000091c00000| Untracked 
| 285|0x0000000091d00000, 0x0000000091d00000, 0x0000000091e00000|  0%| F|  |TAMS 0x0000000091d00000| PB 0x0000000091d00000| Untracked 
| 286|0x0000000091e00000, 0x0000000091ed6be0, 0x0000000091f00000| 83%| S|CS|TAMS 0x0000000091e00000| PB 0x0000000091e00000| Complete 
| 287|0x0000000091f00000, 0x0000000092000000, 0x0000000092000000|100%| S|CS|TAMS 0x0000000091f00000| PB 0x0000000091f00000| Complete 
| 288|0x0000000092000000, 0x0000000092100000, 0x0000000092100000|100%| S|CS|TAMS 0x0000000092000000| PB 0x0000000092000000| Complete 
| 289|0x0000000092100000, 0x0000000092200000, 0x0000000092200000|100%| S|CS|TAMS 0x0000000092100000| PB 0x0000000092100000| Complete 
| 290|0x0000000092200000, 0x0000000092300000, 0x0000000092300000|100%| S|CS|TAMS 0x0000000092200000| PB 0x0000000092200000| Complete 
| 291|0x0000000092300000, 0x0000000092400000, 0x0000000092400000|100%| S|CS|TAMS 0x0000000092300000| PB 0x0000000092300000| Complete 
| 292|0x0000000092400000, 0x0000000092500000, 0x0000000092500000|100%| S|CS|TAMS 0x0000000092400000| PB 0x0000000092400000| Complete 
| 293|0x0000000092500000, 0x0000000092600000, 0x0000000092600000|100%| S|CS|TAMS 0x0000000092500000| PB 0x0000000092500000| Complete 
| 294|0x0000000092600000, 0x0000000092700000, 0x0000000092700000|100%| S|CS|TAMS 0x0000000092600000| PB 0x0000000092600000| Complete 
| 295|0x0000000092700000, 0x0000000092800000, 0x0000000092800000|100%| S|CS|TAMS 0x0000000092700000| PB 0x0000000092700000| Complete 
| 296|0x0000000092800000, 0x0000000092900000, 0x0000000092900000|100%| S|CS|TAMS 0x0000000092800000| PB 0x0000000092800000| Complete 
| 297|0x0000000092900000, 0x0000000092900000, 0x0000000092a00000|  0%| F|  |TAMS 0x0000000092900000| PB 0x0000000092900000| Untracked 
| 298|0x0000000092a00000, 0x0000000092a00000, 0x0000000092b00000|  0%| F|  |TAMS 0x0000000092a00000| PB 0x0000000092a00000| Untracked 
| 299|0x0000000092b00000, 0x0000000092b00000, 0x0000000092c00000|  0%| F|  |TAMS 0x0000000092b00000| PB 0x0000000092b00000| Untracked 
| 300|0x0000000092c00000, 0x0000000092c00000, 0x0000000092d00000|  0%| F|  |TAMS 0x0000000092c00000| PB 0x0000000092c00000| Untracked 
| 301|0x0000000092d00000, 0x0000000092d00000, 0x0000000092e00000|  0%| F|  |TAMS 0x0000000092d00000| PB 0x0000000092d00000| Untracked 
| 302|0x0000000092e00000, 0x0000000092e00000, 0x0000000092f00000|  0%| F|  |TAMS 0x0000000092e00000| PB 0x0000000092e00000| Untracked 
| 303|0x0000000092f00000, 0x0000000092f00000, 0x0000000093000000|  0%| F|  |TAMS 0x0000000092f00000| PB 0x0000000092f00000| Untracked 
| 304|0x0000000093000000, 0x0000000093000000, 0x0000000093100000|  0%| F|  |TAMS 0x0000000093000000| PB 0x0000000093000000| Untracked 
| 305|0x0000000093100000, 0x0000000093100000, 0x0000000093200000|  0%| F|  |TAMS 0x0000000093100000| PB 0x0000000093100000| Untracked 
| 306|0x0000000093200000, 0x0000000093200000, 0x0000000093300000|  0%| F|  |TAMS 0x0000000093200000| PB 0x0000000093200000| Untracked 
| 307|0x0000000093300000, 0x0000000093300000, 0x0000000093400000|  0%| F|  |TAMS 0x0000000093300000| PB 0x0000000093300000| Untracked 
| 308|0x0000000093400000, 0x0000000093400000, 0x0000000093500000|  0%| F|  |TAMS 0x0000000093400000| PB 0x0000000093400000| Untracked 
| 309|0x0000000093500000, 0x0000000093500000, 0x0000000093600000|  0%| F|  |TAMS 0x0000000093500000| PB 0x0000000093500000| Untracked 
| 310|0x0000000093600000, 0x0000000093600000, 0x0000000093700000|  0%| F|  |TAMS 0x0000000093600000| PB 0x0000000093600000| Untracked 
| 311|0x0000000093700000, 0x0000000093700000, 0x0000000093800000|  0%| F|  |TAMS 0x0000000093700000| PB 0x0000000093700000| Untracked 
| 312|0x0000000093800000, 0x0000000093800000, 0x0000000093900000|  0%| F|  |TAMS 0x0000000093800000| PB 0x0000000093800000| Untracked 
| 313|0x0000000093900000, 0x0000000093900000, 0x0000000093a00000|  0%| F|  |TAMS 0x0000000093900000| PB 0x0000000093900000| Untracked 
| 314|0x0000000093a00000, 0x0000000093a00000, 0x0000000093b00000|  0%| F|  |TAMS 0x0000000093a00000| PB 0x0000000093a00000| Untracked 
| 315|0x0000000093b00000, 0x0000000093b00000, 0x0000000093c00000|  0%| F|  |TAMS 0x0000000093b00000| PB 0x0000000093b00000| Untracked 
| 316|0x0000000093c00000, 0x0000000093c00000, 0x0000000093d00000|  0%| F|  |TAMS 0x0000000093c00000| PB 0x0000000093c00000| Untracked 
| 317|0x0000000093d00000, 0x0000000093d00000, 0x0000000093e00000|  0%| F|  |TAMS 0x0000000093d00000| PB 0x0000000093d00000| Untracked 
| 318|0x0000000093e00000, 0x0000000093e00000, 0x0000000093f00000|  0%| F|  |TAMS 0x0000000093e00000| PB 0x0000000093e00000| Untracked 
| 319|0x0000000093f00000, 0x0000000093f00000, 0x0000000094000000|  0%| F|  |TAMS 0x0000000093f00000| PB 0x0000000093f00000| Untracked 
| 320|0x0000000094000000, 0x0000000094000000, 0x0000000094100000|  0%| F|  |TAMS 0x0000000094000000| PB 0x0000000094000000| Untracked 
| 321|0x0000000094100000, 0x0000000094100000, 0x0000000094200000|  0%| F|  |TAMS 0x0000000094100000| PB 0x0000000094100000| Untracked 
| 322|0x0000000094200000, 0x0000000094200000, 0x0000000094300000|  0%| F|  |TAMS 0x0000000094200000| PB 0x0000000094200000| Untracked 
| 323|0x0000000094300000, 0x0000000094300000, 0x0000000094400000|  0%| F|  |TAMS 0x0000000094300000| PB 0x0000000094300000| Untracked 
| 324|0x0000000094400000, 0x0000000094400000, 0x0000000094500000|  0%| F|  |TAMS 0x0000000094400000| PB 0x0000000094400000| Untracked 
| 325|0x0000000094500000, 0x0000000094500000, 0x0000000094600000|  0%| F|  |TAMS 0x0000000094500000| PB 0x0000000094500000| Untracked 
| 326|0x0000000094600000, 0x0000000094600000, 0x0000000094700000|  0%| F|  |TAMS 0x0000000094600000| PB 0x0000000094600000| Untracked 
| 327|0x0000000094700000, 0x0000000094700000, 0x0000000094800000|  0%| F|  |TAMS 0x0000000094700000| PB 0x0000000094700000| Untracked 
| 328|0x0000000094800000, 0x0000000094800000, 0x0000000094900000|  0%| F|  |TAMS 0x0000000094800000| PB 0x0000000094800000| Untracked 
| 329|0x0000000094900000, 0x0000000094900000, 0x0000000094a00000|  0%| F|  |TAMS 0x0000000094900000| PB 0x0000000094900000| Untracked 
| 330|0x0000000094a00000, 0x0000000094a00000, 0x0000000094b00000|  0%| F|  |TAMS 0x0000000094a00000| PB 0x0000000094a00000| Untracked 
| 331|0x0000000094b00000, 0x0000000094b00000, 0x0000000094c00000|  0%| F|  |TAMS 0x0000000094b00000| PB 0x0000000094b00000| Untracked 
| 332|0x0000000094c00000, 0x0000000094c00000, 0x0000000094d00000|  0%| F|  |TAMS 0x0000000094c00000| PB 0x0000000094c00000| Untracked 
| 333|0x0000000094d00000, 0x0000000094d00000, 0x0000000094e00000|  0%| F|  |TAMS 0x0000000094d00000| PB 0x0000000094d00000| Untracked 
| 334|0x0000000094e00000, 0x0000000094e00000, 0x0000000094f00000|  0%| F|  |TAMS 0x0000000094e00000| PB 0x0000000094e00000| Untracked 
| 335|0x0000000094f00000, 0x0000000094f00000, 0x0000000095000000|  0%| F|  |TAMS 0x0000000094f00000| PB 0x0000000094f00000| Untracked 
| 336|0x0000000095000000, 0x0000000095000000, 0x0000000095100000|  0%| F|  |TAMS 0x0000000095000000| PB 0x0000000095000000| Untracked 
| 337|0x0000000095100000, 0x0000000095100000, 0x0000000095200000|  0%| F|  |TAMS 0x0000000095100000| PB 0x0000000095100000| Untracked 
| 338|0x0000000095200000, 0x0000000095200000, 0x0000000095300000|  0%| F|  |TAMS 0x0000000095200000| PB 0x0000000095200000| Untracked 
| 339|0x0000000095300000, 0x0000000095300000, 0x0000000095400000|  0%| F|  |TAMS 0x0000000095300000| PB 0x0000000095300000| Untracked 
| 340|0x0000000095400000, 0x0000000095400000, 0x0000000095500000|  0%| F|  |TAMS 0x0000000095400000| PB 0x0000000095400000| Untracked 
| 341|0x0000000095500000, 0x0000000095500000, 0x0000000095600000|  0%| F|  |TAMS 0x0000000095500000| PB 0x0000000095500000| Untracked 
| 342|0x0000000095600000, 0x0000000095600000, 0x0000000095700000|  0%| F|  |TAMS 0x0000000095600000| PB 0x0000000095600000| Untracked 
| 343|0x0000000095700000, 0x0000000095700000, 0x0000000095800000|  0%| F|  |TAMS 0x0000000095700000| PB 0x0000000095700000| Untracked 
| 344|0x0000000095800000, 0x0000000095800000, 0x0000000095900000|  0%| F|  |TAMS 0x0000000095800000| PB 0x0000000095800000| Untracked 
| 345|0x0000000095900000, 0x0000000095900000, 0x0000000095a00000|  0%| F|  |TAMS 0x0000000095900000| PB 0x0000000095900000| Untracked 
| 346|0x0000000095a00000, 0x0000000095a00000, 0x0000000095b00000|  0%| F|  |TAMS 0x0000000095a00000| PB 0x0000000095a00000| Untracked 
| 347|0x0000000095b00000, 0x0000000095b00000, 0x0000000095c00000|  0%| F|  |TAMS 0x0000000095b00000| PB 0x0000000095b00000| Untracked 
| 348|0x0000000095c00000, 0x0000000095c00000, 0x0000000095d00000|  0%| F|  |TAMS 0x0000000095c00000| PB 0x0000000095c00000| Untracked 
| 349|0x0000000095d00000, 0x0000000095d00000, 0x0000000095e00000|  0%| F|  |TAMS 0x0000000095d00000| PB 0x0000000095d00000| Untracked 
| 350|0x0000000095e00000, 0x0000000095e00000, 0x0000000095f00000|  0%| F|  |TAMS 0x0000000095e00000| PB 0x0000000095e00000| Untracked 
| 351|0x0000000095f00000, 0x0000000095f00000, 0x0000000096000000|  0%| F|  |TAMS 0x0000000095f00000| PB 0x0000000095f00000| Untracked 
| 352|0x0000000096000000, 0x0000000096000000, 0x0000000096100000|  0%| F|  |TAMS 0x0000000096000000| PB 0x0000000096000000| Untracked 
| 353|0x0000000096100000, 0x0000000096100000, 0x0000000096200000|  0%| F|  |TAMS 0x0000000096100000| PB 0x0000000096100000| Untracked 
| 354|0x0000000096200000, 0x0000000096200000, 0x0000000096300000|  0%| F|  |TAMS 0x0000000096200000| PB 0x0000000096200000| Untracked 
| 355|0x0000000096300000, 0x0000000096300000, 0x0000000096400000|  0%| F|  |TAMS 0x0000000096300000| PB 0x0000000096300000| Untracked 
| 356|0x0000000096400000, 0x0000000096400000, 0x0000000096500000|  0%| F|  |TAMS 0x0000000096400000| PB 0x0000000096400000| Untracked 
| 357|0x0000000096500000, 0x0000000096500000, 0x0000000096600000|  0%| F|  |TAMS 0x0000000096500000| PB 0x0000000096500000| Untracked 
| 358|0x0000000096600000, 0x0000000096600000, 0x0000000096700000|  0%| F|  |TAMS 0x0000000096600000| PB 0x0000000096600000| Untracked 
| 359|0x0000000096700000, 0x0000000096700000, 0x0000000096800000|  0%| F|  |TAMS 0x0000000096700000| PB 0x0000000096700000| Untracked 
| 360|0x0000000096800000, 0x0000000096800000, 0x0000000096900000|  0%| F|  |TAMS 0x0000000096800000| PB 0x0000000096800000| Untracked 
| 361|0x0000000096900000, 0x0000000096900000, 0x0000000096a00000|  0%| F|  |TAMS 0x0000000096900000| PB 0x0000000096900000| Untracked 
| 362|0x0000000096a00000, 0x0000000096a00000, 0x0000000096b00000|  0%| F|  |TAMS 0x0000000096a00000| PB 0x0000000096a00000| Untracked 
| 363|0x0000000096b00000, 0x0000000096b00000, 0x0000000096c00000|  0%| F|  |TAMS 0x0000000096b00000| PB 0x0000000096b00000| Untracked 
| 364|0x0000000096c00000, 0x0000000096c00000, 0x0000000096d00000|  0%| F|  |TAMS 0x0000000096c00000| PB 0x0000000096c00000| Untracked 
| 365|0x0000000096d00000, 0x0000000096d00000, 0x0000000096e00000|  0%| F|  |TAMS 0x0000000096d00000| PB 0x0000000096d00000| Untracked 
| 366|0x0000000096e00000, 0x0000000096e00000, 0x0000000096f00000|  0%| F|  |TAMS 0x0000000096e00000| PB 0x0000000096e00000| Untracked 
| 367|0x0000000096f00000, 0x0000000096f00000, 0x0000000097000000|  0%| F|  |TAMS 0x0000000096f00000| PB 0x0000000096f00000| Untracked 
| 368|0x0000000097000000, 0x0000000097000000, 0x0000000097100000|  0%| F|  |TAMS 0x0000000097000000| PB 0x0000000097000000| Untracked 
| 369|0x0000000097100000, 0x0000000097100000, 0x0000000097200000|  0%| F|  |TAMS 0x0000000097100000| PB 0x0000000097100000| Untracked 
| 370|0x0000000097200000, 0x0000000097200000, 0x0000000097300000|  0%| F|  |TAMS 0x0000000097200000| PB 0x0000000097200000| Untracked 
| 371|0x0000000097300000, 0x0000000097300000, 0x0000000097400000|  0%| F|  |TAMS 0x0000000097300000| PB 0x0000000097300000| Untracked 
| 372|0x0000000097400000, 0x0000000097400000, 0x0000000097500000|  0%| F|  |TAMS 0x0000000097400000| PB 0x0000000097400000| Untracked 
| 373|0x0000000097500000, 0x0000000097500000, 0x0000000097600000|  0%| F|  |TAMS 0x0000000097500000| PB 0x0000000097500000| Untracked 
| 374|0x0000000097600000, 0x0000000097600000, 0x0000000097700000|  0%| F|  |TAMS 0x0000000097600000| PB 0x0000000097600000| Untracked 
| 375|0x0000000097700000, 0x0000000097700000, 0x0000000097800000|  0%| F|  |TAMS 0x0000000097700000| PB 0x0000000097700000| Untracked 
| 376|0x0000000097800000, 0x0000000097800000, 0x0000000097900000|  0%| F|  |TAMS 0x0000000097800000| PB 0x0000000097800000| Untracked 
| 377|0x0000000097900000, 0x0000000097900000, 0x0000000097a00000|  0%| F|  |TAMS 0x0000000097900000| PB 0x0000000097900000| Untracked 
| 378|0x0000000097a00000, 0x0000000097a00000, 0x0000000097b00000|  0%| F|  |TAMS 0x0000000097a00000| PB 0x0000000097a00000| Untracked 
| 379|0x0000000097b00000, 0x0000000097b00000, 0x0000000097c00000|  0%| F|  |TAMS 0x0000000097b00000| PB 0x0000000097b00000| Untracked 
| 380|0x0000000097c00000, 0x0000000097c00000, 0x0000000097d00000|  0%| F|  |TAMS 0x0000000097c00000| PB 0x0000000097c00000| Untracked 
| 381|0x0000000097d00000, 0x0000000097d00000, 0x0000000097e00000|  0%| F|  |TAMS 0x0000000097d00000| PB 0x0000000097d00000| Untracked 
| 382|0x0000000097e00000, 0x0000000097e00000, 0x0000000097f00000|  0%| F|  |TAMS 0x0000000097e00000| PB 0x0000000097e00000| Untracked 
| 383|0x0000000097f00000, 0x0000000097f00000, 0x0000000098000000|  0%| F|  |TAMS 0x0000000097f00000| PB 0x0000000097f00000| Untracked 
| 384|0x0000000098000000, 0x0000000098000000, 0x0000000098100000|  0%| F|  |TAMS 0x0000000098000000| PB 0x0000000098000000| Untracked 
| 385|0x0000000098100000, 0x0000000098100000, 0x0000000098200000|  0%| F|  |TAMS 0x0000000098100000| PB 0x0000000098100000| Untracked 
| 386|0x0000000098200000, 0x0000000098200000, 0x0000000098300000|  0%| F|  |TAMS 0x0000000098200000| PB 0x0000000098200000| Untracked 
|2028|0x00000000fec00000, 0x00000000fec00000, 0x00000000fed00000|  0%| F|  |TAMS 0x00000000fec00000| PB 0x00000000fec00000| Untracked 
|2029|0x00000000fed00000, 0x00000000fed00000, 0x00000000fee00000|  0%| F|  |TAMS 0x00000000fed00000| PB 0x00000000fed00000| Untracked 
|2030|0x00000000fee00000, 0x00000000fee00000, 0x00000000fef00000|  0%| F|  |TAMS 0x00000000fee00000| PB 0x00000000fee00000| Untracked 
|2031|0x00000000fef00000, 0x00000000fef00000, 0x00000000ff000000|  0%| F|  |TAMS 0x00000000fef00000| PB 0x00000000fef00000| Untracked 
|2032|0x00000000ff000000, 0x00000000ff000000, 0x00000000ff100000|  0%| F|  |TAMS 0x00000000ff000000| PB 0x00000000ff000000| Untracked 
|2033|0x00000000ff100000, 0x00000000ff100000, 0x00000000ff200000|  0%| F|  |TAMS 0x00000000ff100000| PB 0x00000000ff100000| Untracked 
|2034|0x00000000ff200000, 0x00000000ff200000, 0x00000000ff300000|  0%| F|  |TAMS 0x00000000ff200000| PB 0x00000000ff200000| Untracked 
|2035|0x00000000ff300000, 0x00000000ff300000, 0x00000000ff400000|  0%| F|  |TAMS 0x00000000ff300000| PB 0x00000000ff300000| Untracked 
|2036|0x00000000ff400000, 0x00000000ff400000, 0x00000000ff500000|  0%| F|  |TAMS 0x00000000ff400000| PB 0x00000000ff400000| Untracked 
|2037|0x00000000ff500000, 0x00000000ff500000, 0x00000000ff600000|  0%| F|  |TAMS 0x00000000ff500000| PB 0x00000000ff500000| Untracked 
|2038|0x00000000ff600000, 0x00000000ff700000, 0x00000000ff700000|100%| O|  |TAMS 0x00000000ff600000| PB 0x00000000ff600000| Untracked 
|2039|0x00000000ff700000, 0x00000000ff800000, 0x00000000ff800000|100%| O|  |TAMS 0x00000000ff700000| PB 0x00000000ff700000| Untracked 
|2040|0x00000000ff800000, 0x00000000ff900000, 0x00000000ff900000|100%| O|  |TAMS 0x00000000ff800000| PB 0x00000000ff800000| Untracked 
|2041|0x00000000ff900000, 0x00000000ffa00000, 0x00000000ffa00000|100%| O|  |TAMS 0x00000000ff900000| PB 0x00000000ff900000| Untracked 
|2042|0x00000000ffa00000, 0x00000000ffb00000, 0x00000000ffb00000|100%| O|Cm|TAMS 0x00000000ffa00000| PB 0x00000000ffa00000| Complete 
|2043|0x00000000ffb00000, 0x00000000ffc00000, 0x00000000ffc00000|100%| O|  |TAMS 0x00000000ffb00000| PB 0x00000000ffb00000| Untracked 
|2044|0x00000000ffc00000, 0x00000000ffc00000, 0x00000000ffd00000|  0%| F|  |TAMS 0x00000000ffc00000| PB 0x00000000ffc00000| Untracked 
|2045|0x00000000ffd00000, 0x00000000ffe00000, 0x00000000ffe00000|100%| O|  |TAMS 0x00000000ffd00000| PB 0x00000000ffd00000| Untracked 
|2046|0x00000000ffe00000, 0x00000000ffe00000, 0x00000000fff00000|  0%| F|  |TAMS 0x00000000ffe00000| PB 0x00000000ffe00000| Untracked 
|2047|0x00000000fff00000, 0x00000000fff00000, 0x0000000100000000|  0%| F|  |TAMS 0x00000000fff00000| PB 0x00000000fff00000| Untracked 

Card table byte_map: [0x0000025aa2920000,0x0000025aa2d20000] _byte_map_base: 0x0000025aa2520000

Marking Bits: (CMBitMap*) 0x0000025a90413f60
 Bits: [0x0000025aa2d20000, 0x0000025aa4d20000)

Polling page: 0x0000025a8e330000

Metaspace:

Usage:
  Non-class:    138.74 MB used.
      Class:     21.97 MB used.
       Both:    160.71 MB used.

Virtual space:
  Non-class space:      192.00 MB reserved,     139.88 MB ( 73%) committed,  3 nodes.
      Class space:        1.00 GB reserved,      23.06 MB (  2%) committed,  1 nodes.
             Both:        1.19 GB reserved,     162.94 MB ( 13%) committed. 

Chunk freelists:
   Non-Class:  4.08 MB
       Class:  8.94 MB
        Both:  13.02 MB

MaxMetaspaceSize: unlimited
CompressedClassSpaceSize: 1.00 GB
Initial GC threshold: 21.00 MB
Current GC threshold: 271.38 MB
CDS: off
 - commit_granule_bytes: 65536.
 - commit_granule_words: 8192.
 - virtual_space_node_default_size: 8388608.
 - enlarge_chunks_in_place: 1.
 - use_allocation_guard: 0.


Internal statistics:

num_allocs_failed_limit: 6.
num_arena_births: 4638.
num_arena_deaths: 10.
num_vsnodes_births: 4.
num_vsnodes_deaths: 0.
num_space_committed: 2605.
num_space_uncommitted: 0.
num_chunks_returned_to_freelist: 18.
num_chunks_taken_from_freelist: 11426.
num_chunk_merges: 6.
num_chunk_splits: 7593.
num_chunks_enlarged: 4972.
num_inconsistent_stats: 0.

CodeHeap 'non-profiled nmethods': size=120000Kb used=14643Kb max_used=15793Kb free=105357Kb
 bounds [0x0000025a9aff0000, 0x0000025a9bfb0000, 0x0000025aa2520000]
CodeHeap 'profiled nmethods': size=120000Kb used=14686Kb max_used=30201Kb free=105313Kb
 bounds [0x0000025a93520000, 0x0000025a95440000, 0x0000025a9aa50000]
CodeHeap 'non-nmethods': size=5760Kb used=3138Kb max_used=3205Kb free=2621Kb
 bounds [0x0000025a9aa50000, 0x0000025a9ad80000, 0x0000025a9aff0000]
CodeCache: size=245760Kb, used=32467Kb, max_used=49199Kb, free=213291Kb
 total_blobs=9636, nmethods=8515, adapters=1023, full_count=0
Compilation: enabled, stopped_count=0, restarted_count=0

Compilation events (20 events):
Event: 699.456 Thread 0x0000025aa73f8120 nmethod 30225 0x0000025a9359f410 code [0x0000025a9359f620, 0x0000025a9359fad0]
Event: 699.456 Thread 0x0000025aa73f8120 30226       3       com.android.tools.r8.internal.cj::a (61 bytes)
Event: 699.457 Thread 0x0000025aa73f8120 nmethod 30226 0x0000025a9354c690 code [0x0000025a9354c8c0, 0x0000025a9354cef8]
Event: 699.457 Thread 0x0000025aa73f8120 30227       3       com.android.tools.r8.internal.gy0::a (114 bytes)
Event: 699.457 Thread 0x0000025aa73f8120 nmethod 30227 0x0000025a936a2c10 code [0x0000025a936a2e20, 0x0000025a936a3278]
Event: 699.461 Thread 0x0000025aa73f8120 30229       3       com.android.tools.r8.internal.cj::a (40 bytes)
Event: 699.462 Thread 0x0000025aa73f8120 nmethod 30229 0x0000025a93a00190 code [0x0000025a93a00360, 0x0000025a93a00580]
Event: 699.465 Thread 0x0000025aa73f8120 30230       3       com.android.tools.r8.internal.ae4::a (102 bytes)
Event: 699.466 Thread 0x0000025aa73f8120 nmethod 30230 0x0000025a93850090 code [0x0000025a938502a0, 0x0000025a93850750]
Event: 699.485 Thread 0x0000025aa73f8120 30231       3       com.android.tools.r8.internal.rx3::b (163 bytes)
Event: 699.492 Thread 0x0000025aa73f8120 nmethod 30231 0x0000025a935ce610 code [0x0000025a935ce920, 0x0000025a935cf8f8]
Event: 699.492 Thread 0x0000025aa73f8120 30232       3       java.util.stream.AbstractSpinedBuffer::chunkSize (34 bytes)
Event: 699.492 Thread 0x0000025aa73f8120 nmethod 30232 0x0000025a935fd190 code [0x0000025a935fd340, 0x0000025a935fd578]
Event: 699.605 Thread 0x0000025aa73f0fd0 nmethod 30224 0x0000025a9bc6d990 code [0x0000025a9bc6e0e0, 0x0000025a9bc73980]
Event: 699.605 Thread 0x0000025aa73f0fd0 30228       4       java.util.IdentityHashMap$KeySet::toArray (9 bytes)
Event: 699.628 Thread 0x0000025aa73f0fd0 nmethod 30228 0x0000025a9b4c3e90 code [0x0000025a9b4c4060, 0x0000025a9b4c45d0]
Event: 699.632 Thread 0x0000025aa73f8120 30233       3       com.android.tools.r8.internal.je3::a (64 bytes)
Event: 699.633 Thread 0x0000025aa73f8120 nmethod 30233 0x0000025a93d35590 code [0x0000025a93d357e0, 0x0000025a93d363f0]
Event: 699.667 Thread 0x0000025aa73f0fd0 30234       4       com.android.tools.r8.internal.kk$$Lambda/0x0000000101628550::apply (12 bytes)
Event: 699.668 Thread 0x0000025aa73f0fd0 nmethod 30234 0x0000025a9b8f2b90 code [0x0000025a9b8f2d20, 0x0000025a9b8f2e78]

GC Heap History (20 events):
Event: 634.070 GC heap after
{Heap after GC invocations=113 (full 0):
 garbage-first heap   total 414720K, used 211388K [0x0000000080000000, 0x0000000100000000)
  region size 1024K, 9 young (9216K), 9 survivors (9216K)
 Metaspace       used 164495K, committed 166784K, reserved 1245184K
  class space    used 22498K, committed 23616K, reserved 1048576K
}
Event: 641.540 GC heap before
{Heap before GC invocations=113 (full 0):
 garbage-first heap   total 414720K, used 392636K [0x0000000080000000, 0x0000000100000000)
  region size 1024K, 186 young (190464K), 9 survivors (9216K)
 Metaspace       used 164517K, committed 166784K, reserved 1245184K
  class space    used 22499K, committed 23616K, reserved 1048576K
}
Event: 641.744 GC heap after
{Heap after GC invocations=114 (full 0):
 garbage-first heap   total 416768K, used 224100K [0x0000000080000000, 0x0000000100000000)
  region size 1024K, 22 young (22528K), 22 survivors (22528K)
 Metaspace       used 164517K, committed 166784K, reserved 1245184K
  class space    used 22499K, committed 23616K, reserved 1048576K
}
Event: 641.844 GC heap before
{Heap before GC invocations=114 (full 0):
 garbage-first heap   total 416768K, used 225124K [0x0000000080000000, 0x0000000100000000)
  region size 1024K, 23 young (23552K), 22 survivors (22528K)
 Metaspace       used 164517K, committed 166784K, reserved 1245184K
  class space    used 22499K, committed 23616K, reserved 1048576K
}
Event: 642.023 GC heap after
{Heap after GC invocations=115 (full 0):
 garbage-first heap   total 416768K, used 225280K [0x0000000080000000, 0x0000000100000000)
  region size 1024K, 2 young (2048K), 2 survivors (2048K)
 Metaspace       used 164517K, committed 166784K, reserved 1245184K
  class space    used 22499K, committed 23616K, reserved 1048576K
}
Event: 661.137 GC heap before
{Heap before GC invocations=115 (full 0):
 garbage-first heap   total 416768K, used 393216K [0x0000000080000000, 0x0000000100000000)
  region size 1024K, 167 young (171008K), 2 survivors (2048K)
 Metaspace       used 164549K, committed 166848K, reserved 1245184K
  class space    used 22499K, committed 23616K, reserved 1048576K
}
Event: 661.528 GC heap after
{Heap after GC invocations=116 (full 0):
 garbage-first heap   total 416768K, used 230912K [0x0000000080000000, 0x0000000100000000)
  region size 1024K, 7 young (7168K), 7 survivors (7168K)
 Metaspace       used 164549K, committed 166848K, reserved 1245184K
  class space    used 22499K, committed 23616K, reserved 1048576K
}
Event: 674.230 GC heap before
{Heap before GC invocations=116 (full 0):
 garbage-first heap   total 416768K, used 392704K [0x0000000080000000, 0x0000000100000000)
  region size 1024K, 166 young (169984K), 7 survivors (7168K)
 Metaspace       used 164559K, committed 166848K, reserved 1245184K
  class space    used 22499K, committed 23616K, reserved 1048576K
}
Event: 674.664 GC heap after
{Heap after GC invocations=117 (full 0):
 garbage-first heap   total 416768K, used 241664K [0x0000000080000000, 0x0000000100000000)
  region size 1024K, 18 young (18432K), 18 survivors (18432K)
 Metaspace       used 164559K, committed 166848K, reserved 1245184K
  class space    used 22499K, committed 23616K, reserved 1048576K
}
Event: 678.300 GC heap before
{Heap before GC invocations=117 (full 0):
 garbage-first heap   total 416768K, used 245760K [0x0000000080000000, 0x0000000100000000)
  region size 1024K, 20 young (20480K), 18 survivors (18432K)
 Metaspace       used 164559K, committed 166848K, reserved 1245184K
  class space    used 22499K, committed 23616K, reserved 1048576K
}
Event: 678.436 GC heap after
{Heap after GC invocations=118 (full 0):
 garbage-first heap   total 416768K, used 245051K [0x0000000080000000, 0x0000000100000000)
  region size 1024K, 2 young (2048K), 2 survivors (2048K)
 Metaspace       used 164559K, committed 166848K, reserved 1245184K
  class space    used 22499K, committed 23616K, reserved 1048576K
}
Event: 692.921 GC heap before
{Heap before GC invocations=119 (full 0):
 garbage-first heap   total 416768K, used 391483K [0x0000000080000000, 0x0000000100000000)
  region size 1024K, 146 young (149504K), 2 survivors (2048K)
 Metaspace       used 164563K, committed 166848K, reserved 1245184K
  class space    used 22499K, committed 23616K, reserved 1048576K
}
Event: 693.146 GC heap after
{Heap after GC invocations=120 (full 0):
 garbage-first heap   total 416768K, used 264192K [0x0000000080000000, 0x0000000100000000)
  region size 1024K, 19 young (19456K), 19 survivors (19456K)
 Metaspace       used 164563K, committed 166848K, reserved 1245184K
  class space    used 22499K, committed 23616K, reserved 1048576K
}
Event: 693.165 GC heap before
{Heap before GC invocations=120 (full 0):
 garbage-first heap   total 416768K, used 265216K [0x0000000080000000, 0x0000000100000000)
  region size 1024K, 20 young (20480K), 19 survivors (19456K)
 Metaspace       used 164563K, committed 166848K, reserved 1245184K
  class space    used 22499K, committed 23616K, reserved 1048576K
}
Event: 693.206 GC heap after
{Heap after GC invocations=121 (full 0):
 garbage-first heap   total 416768K, used 263012K [0x0000000080000000, 0x0000000100000000)
  region size 1024K, 2 young (2048K), 2 survivors (2048K)
 Metaspace       used 164563K, committed 166848K, reserved 1245184K
  class space    used 22499K, committed 23616K, reserved 1048576K
}
Event: 698.260 GC heap before
{Heap before GC invocations=121 (full 0):
 garbage-first heap   total 416768K, used 367460K [0x0000000080000000, 0x0000000100000000)
  region size 1024K, 105 young (107520K), 2 survivors (2048K)
 Metaspace       used 164566K, committed 166848K, reserved 1245184K
  class space    used 22499K, committed 23616K, reserved 1048576K
}
Event: 698.338 GC heap after
{Heap after GC invocations=122 (full 0):
 garbage-first heap   total 416768K, used 271360K [0x0000000080000000, 0x0000000100000000)
  region size 1024K, 12 young (12288K), 12 survivors (12288K)
 Metaspace       used 164566K, committed 166848K, reserved 1245184K
  class space    used 22499K, committed 23616K, reserved 1048576K
}
Event: 698.528 GC heap before
{Heap before GC invocations=122 (full 0):
 garbage-first heap   total 416768K, used 283648K [0x0000000080000000, 0x0000000100000000)
  region size 1024K, 24 young (24576K), 12 survivors (12288K)
 Metaspace       used 164569K, committed 166848K, reserved 1245184K
  class space    used 22499K, committed 23616K, reserved 1048576K
}
Event: 698.606 GC heap after
{Heap after GC invocations=123 (full 0):
 garbage-first heap   total 416768K, used 271306K [0x0000000080000000, 0x0000000100000000)
  region size 1024K, 3 young (3072K), 3 survivors (3072K)
 Metaspace       used 164569K, committed 166848K, reserved 1245184K
  class space    used 22499K, committed 23616K, reserved 1048576K
}
Event: 699.749 GC heap before
{Heap before GC invocations=123 (full 0):
 garbage-first heap   total 416768K, used 372682K [0x0000000080000000, 0x0000000100000000)
  region size 1024K, 103 young (105472K), 3 survivors (3072K)
 Metaspace       used 164570K, committed 166848K, reserved 1245184K
  class space    used 22499K, committed 23616K, reserved 1048576K
}

Dll operation events (3 events):
Event: 0.041 Loaded shared library C:\Program Files\Android\Android Studio\jbr\bin\java.dll
Event: 0.065 Loaded shared library C:\Program Files\Android\Android Studio\jbr\bin\zip.dll
Event: 2.639 Loaded shared library C:\Program Files\Android\Android Studio\jbr\bin\verify.dll

Deoptimization events (20 events):
Event: 686.550 Thread 0x0000025ab7cedbe0 DEOPT PACKING pc=0x0000025a9b47b46c sp=0x000000ce7c9fab50
Event: 686.557 Thread 0x0000025ab7cedbe0 DEOPT UNPACKING pc=0x0000025a9aaa7aa2 sp=0x000000ce7c9faac8 mode 2
Event: 690.074 Thread 0x0000025ab7cee270 Uncommon trap: trap_request=0xffffff45 fr.pc=0x0000025a9bb3083c relative=0x0000000000005cfc
Event: 690.076 Thread 0x0000025ab7cee270 Uncommon trap: reason=unstable_if action=reinterpret pc=0x0000025a9bb3083c method=com.android.tools.r8.internal.je0.a(Lcom/android/tools/r8/internal/c41;Lcom/android/tools/r8/internal/yc;Lcom/android/tools/r8/internal/w12;Ljava/util/IdentityHashMap;Ljava/
Event: 690.076 Thread 0x0000025ab7cee270 DEOPT PACKING pc=0x0000025a9bb3083c sp=0x000000ce7cafa9e0
Event: 690.077 Thread 0x0000025ab7cee270 DEOPT UNPACKING pc=0x0000025a9aaa7aa2 sp=0x000000ce7cafa9f8 mode 2
Event: 694.881 Thread 0x0000025ab7cee270 Uncommon trap: trap_request=0xffffff45 fr.pc=0x0000025a9bb69e28 relative=0x0000000000003d48
Event: 694.881 Thread 0x0000025ab7cee270 Uncommon trap: reason=unstable_if action=reinterpret pc=0x0000025a9bb69e28 method=com.android.tools.r8.internal.xq.b(Lcom/android/tools/r8/internal/c41;)Lcom/android/tools/r8/internal/ou; @ 152 c2
Event: 694.888 Thread 0x0000025ab7cee270 DEOPT PACKING pc=0x0000025a9bb69e28 sp=0x000000ce7cafada0
Event: 694.888 Thread 0x0000025ab7cee270 DEOPT UNPACKING pc=0x0000025a9aaa7aa2 sp=0x000000ce7cafad88 mode 2
Event: 695.082 Thread 0x0000025ab7cedbe0 Uncommon trap: trap_request=0xffffff45 fr.pc=0x0000025a9bf53f64 relative=0x0000000000006144
Event: 695.177 Thread 0x0000025ab7cedbe0 Uncommon trap: reason=unstable_if action=reinterpret pc=0x0000025a9bf53f64 method=com.android.tools.r8.internal.ot.a(Lcom/android/tools/r8/internal/pe2;Lcom/android/tools/r8/internal/v10;I)V @ 1168 c2
Event: 695.177 Thread 0x0000025ab7cedbe0 DEOPT PACKING pc=0x0000025a9bf53f64 sp=0x000000ce7c9fac10
Event: 695.177 Thread 0x0000025ab7cedbe0 DEOPT UNPACKING pc=0x0000025a9aaa7aa2 sp=0x000000ce7c9fabe0 mode 2
Event: 698.054 Thread 0x0000025ab7cedbe0 Uncommon trap: trap_request=0xffffff45 fr.pc=0x0000025a9b8469ac relative=0x0000000000000cac
Event: 698.067 Thread 0x0000025ab7cedbe0 Uncommon trap: reason=unstable_if action=reinterpret pc=0x0000025a9b8469ac method=com.android.tools.r8.internal.vl.a(I)Lcom/android/tools/r8/internal/vl; @ 1 c2
Event: 698.067 Thread 0x0000025ab7cedbe0 DEOPT PACKING pc=0x0000025a9b8469ac sp=0x000000ce7c9fab50
Event: 698.067 Thread 0x0000025ab7cedbe0 DEOPT UNPACKING pc=0x0000025a9aaa7aa2 sp=0x000000ce7c9fab08 mode 2
Event: 698.805 Thread 0x0000025ab7cefcb0 DEOPT PACKING pc=0x0000025a93dd0896 sp=0x000000ce7cbfaa10
Event: 698.958 Thread 0x0000025ab7cefcb0 DEOPT UNPACKING pc=0x0000025a9aaa85e2 sp=0x000000ce7cbf9e98 mode 0

Classes loaded (20 events):
Event: 562.743 Loading class java/util/SortedSet$1
Event: 562.744 Loading class java/util/SortedSet$1 done
Event: 562.746 Loading class java/util/stream/SliceOps
Event: 562.748 Loading class java/util/stream/SliceOps done
Event: 562.748 Loading class java/util/stream/SliceOps$1
Event: 562.750 Loading class java/util/stream/SliceOps$1 done
Event: 562.754 Loading class java/util/stream/SliceOps$1$1
Event: 562.755 Loading class java/util/stream/SliceOps$1$1 done
Event: 562.779 Loading class java/util/PriorityQueue
Event: 562.813 Loading class java/util/PriorityQueue done
Event: 562.839 Loading class java/util/IdentityHashMap$ValueIterator
Event: 562.843 Loading class java/util/IdentityHashMap$ValueIterator done
Event: 580.263 Loading class java/nio/ShortBuffer
Event: 580.267 Loading class java/nio/ShortBuffer done
Event: 580.566 Loading class java/nio/ByteBufferAsShortBufferL
Event: 580.625 Loading class java/nio/ByteBufferAsShortBufferL done
Event: 580.703 Loading class java/util/zip/Adler32
Event: 580.743 Loading class java/util/zip/Adler32 done
Event: 581.415 Loading class java/nio/file/Files$2
Event: 581.431 Loading class java/nio/file/Files$2 done

Classes unloaded (5 events):
Event: 572.610 Thread 0x0000025aa72452b0 Unloading class 0x0000000101614400 'java/lang/invoke/LambdaForm$DMH+0x0000000101614400'
Event: 572.610 Thread 0x0000025aa72452b0 Unloading class 0x00000001015f4400 'java/lang/invoke/LambdaForm$DMH+0x00000001015f4400'
Event: 572.610 Thread 0x0000025aa72452b0 Unloading class 0x0000000101594800 'java/lang/invoke/LambdaForm$DMH+0x0000000101594800'
Event: 572.610 Thread 0x0000025aa72452b0 Unloading class 0x0000000101594000 'java/lang/invoke/LambdaForm$DMH+0x0000000101594000'
Event: 572.611 Thread 0x0000025aa72452b0 Unloading class 0x0000000101568400 'java/lang/invoke/LambdaForm$DMH+0x0000000101568400'

Classes redefined (0 events):
No events

Internal exceptions (20 events):
Event: 669.391 Thread 0x0000025ab18dcb00 Exception <a 'sun/nio/fs/WindowsException'{0x0000000092d9e668}> (0x0000000092d9e668) 
thrown [s\src\hotspot\share\prims\jni.cpp, line 537]
Event: 669.441 Thread 0x0000025ab18dcb00 Exception <a 'sun/nio/fs/WindowsException'{0x0000000092d9fd28}> (0x0000000092d9fd28) 
thrown [s\src\hotspot\share\prims\jni.cpp, line 537]
Event: 669.443 Thread 0x0000025ab18dcb00 Exception <a 'sun/nio/fs/WindowsException'{0x0000000092da1628}> (0x0000000092da1628) 
thrown [s\src\hotspot\share\prims\jni.cpp, line 537]
Event: 669.444 Thread 0x0000025ab18dcb00 Exception <a 'sun/nio/fs/WindowsException'{0x0000000092da3078}> (0x0000000092da3078) 
thrown [s\src\hotspot\share\prims\jni.cpp, line 537]
Event: 671.510 Thread 0x0000025aad507880 Exception <a 'sun/nio/fs/WindowsException'{0x000000008f987068}> (0x000000008f987068) 
thrown [s\src\hotspot\share\prims\jni.cpp, line 537]
Event: 671.549 Thread 0x0000025ab18dcb00 Exception <a 'sun/nio/fs/WindowsException'{0x0000000092daac18}> (0x0000000092daac18) 
thrown [s\src\hotspot\share\prims\jni.cpp, line 537]
Event: 671.552 Thread 0x0000025ab18dcb00 Exception <a 'sun/nio/fs/WindowsException'{0x0000000092dac628}> (0x0000000092dac628) 
thrown [s\src\hotspot\share\prims\jni.cpp, line 537]
Event: 671.941 Thread 0x0000025aad507880 Exception <a 'sun/nio/fs/WindowsException'{0x000000008f702f00}> (0x000000008f702f00) 
thrown [s\src\hotspot\share\prims\jni.cpp, line 537]
Event: 671.977 Thread 0x0000025aad507880 Exception <a 'sun/nio/fs/WindowsException'{0x000000008f711608}> (0x000000008f711608) 
thrown [s\src\hotspot\share\prims\jni.cpp, line 537]
Event: 672.252 Thread 0x0000025ab18dcb00 Exception <a 'sun/nio/fs/WindowsException'{0x0000000092dafb48}> (0x0000000092dafb48) 
thrown [s\src\hotspot\share\prims\jni.cpp, line 537]
Event: 672.459 Thread 0x0000025ab18dcb00 Exception <a 'sun/nio/fs/WindowsException'{0x0000000092db1610}> (0x0000000092db1610) 
thrown [s\src\hotspot\share\prims\jni.cpp, line 537]
Event: 672.461 Thread 0x0000025ab18dcb00 Exception <a 'sun/nio/fs/WindowsException'{0x0000000092db30d8}> (0x0000000092db30d8) 
thrown [s\src\hotspot\share\prims\jni.cpp, line 537]
Event: 672.509 Thread 0x0000025ab18dcb00 Exception <a 'sun/nio/fs/WindowsException'{0x0000000092db5298}> (0x0000000092db5298) 
thrown [s\src\hotspot\share\prims\jni.cpp, line 537]
Event: 672.511 Thread 0x0000025ab18dcb00 Exception <a 'sun/nio/fs/WindowsException'{0x0000000092db6da0}> (0x0000000092db6da0) 
thrown [s\src\hotspot\share\prims\jni.cpp, line 537]
Event: 672.511 Thread 0x0000025ab18dcb00 Exception <a 'sun/nio/fs/WindowsException'{0x0000000092db88a8}> (0x0000000092db88a8) 
thrown [s\src\hotspot\share\prims\jni.cpp, line 537]
Event: 683.423 Thread 0x0000025aad507880 Exception <a 'sun/nio/fs/WindowsException'{0x00000000fed7b7c8}> (0x00000000fed7b7c8) 
thrown [s\src\hotspot\share\prims\jni.cpp, line 537]
Event: 684.375 Thread 0x0000025aad507880 Exception <a 'sun/nio/fs/WindowsException'{0x0000000097e3ae38}> (0x0000000097e3ae38) 
thrown [s\src\hotspot\share\prims\jni.cpp, line 537]
Event: 692.324 Thread 0x0000025aad507880 Exception <a 'sun/nio/fs/WindowsException'{0x0000000091fd8be0}> (0x0000000091fd8be0) 
thrown [s\src\hotspot\share\prims\jni.cpp, line 537]
Event: 692.400 Thread 0x0000025aad507880 Exception <a 'sun/nio/fs/WindowsException'{0x0000000091c38dc0}> (0x0000000091c38dc0) 
thrown [s\src\hotspot\share\prims\jni.cpp, line 537]
Event: 694.881 Thread 0x0000025ab7cee270 Implicit null exception at 0x0000025a9bb670ac to 0x0000025a9bb69dfc

ZGC Phase Switch (0 events):
No events

VM Operations (20 events):
Event: 692.048 Executing VM operation: Cleanup done
Event: 692.904 Executing VM operation: G1CollectForAllocation (G1 Evacuation Pause)
Event: 693.147 Executing VM operation: G1CollectForAllocation (G1 Evacuation Pause) done
Event: 693.164 Executing VM operation: G1CollectForAllocation (G1 Evacuation Pause)
Event: 693.206 Executing VM operation: G1CollectForAllocation (G1 Evacuation Pause) done
Event: 694.215 Executing VM operation: Cleanup
Event: 694.263 Executing VM operation: Cleanup done
Event: 695.264 Executing VM operation: Cleanup
Event: 695.280 Executing VM operation: Cleanup done
Event: 696.284 Executing VM operation: Cleanup
Event: 696.363 Executing VM operation: Cleanup done
Event: 697.378 Executing VM operation: Cleanup
Event: 697.394 Executing VM operation: Cleanup done
Event: 698.238 Executing VM operation: G1CollectForAllocation (G1 Evacuation Pause)
Event: 698.339 Executing VM operation: G1CollectForAllocation (G1 Evacuation Pause) done
Event: 698.504 Executing VM operation: G1CollectForAllocation (G1 Evacuation Pause)
Event: 698.606 Executing VM operation: G1CollectForAllocation (G1 Evacuation Pause) done
Event: 699.612 Executing VM operation: Cleanup
Event: 699.628 Executing VM operation: Cleanup done
Event: 699.749 Executing VM operation: G1CollectForAllocation (G1 Evacuation Pause)

Memory protections (0 events):
No events

Nmethod flushes (20 events):
Event: 681.499 Thread 0x0000025aa72452b0 flushing  nmethod 0x0000025a94f5ba10
Event: 681.499 Thread 0x0000025aa72452b0 flushing  nmethod 0x0000025a94f5be10
Event: 681.499 Thread 0x0000025aa72452b0 flushing  nmethod 0x0000025a94f5c710
Event: 681.499 Thread 0x0000025aa72452b0 flushing  nmethod 0x0000025a94f5cc90
Event: 681.499 Thread 0x0000025aa72452b0 flushing  nmethod 0x0000025a94fbcd10
Event: 681.499 Thread 0x0000025aa72452b0 flushing  nmethod 0x0000025a9501f390
Event: 681.500 Thread 0x0000025aa72452b0 flushing  nmethod 0x0000025a9501fb90
Event: 681.500 Thread 0x0000025aa72452b0 flushing  nmethod 0x0000025a95020490
Event: 681.500 Thread 0x0000025aa72452b0 flushing  nmethod 0x0000025a95026290
Event: 681.500 Thread 0x0000025aa72452b0 flushing  nmethod 0x0000025a9519df10
Event: 681.500 Thread 0x0000025aa72452b0 flushing  nmethod 0x0000025a951a2f10
Event: 681.500 Thread 0x0000025aa72452b0 flushing  nmethod 0x0000025a951aa510
Event: 681.500 Thread 0x0000025aa72452b0 flushing  nmethod 0x0000025a951af490
Event: 681.500 Thread 0x0000025aa72452b0 flushing  nmethod 0x0000025a951baf90
Event: 681.500 Thread 0x0000025aa72452b0 flushing  nmethod 0x0000025a952ee310
Event: 681.501 Thread 0x0000025aa72452b0 flushing  nmethod 0x0000025a95303e10
Event: 681.501 Thread 0x0000025aa72452b0 flushing  nmethod 0x0000025a9531bf90
Event: 681.501 Thread 0x0000025aa72452b0 flushing  nmethod 0x0000025a95339210
Event: 681.501 Thread 0x0000025aa72452b0 flushing osr nmethod 0x0000025a953ef710
Event: 681.502 Thread 0x0000025aa72452b0 flushing  nmethod 0x0000025a95414b90

Events (20 events):
Event: 530.738 Thread 0x0000025ab18dbde0 Thread added: 0x0000025ab18d8ff0
Event: 530.738 Thread 0x0000025ab18dbde0 Thread added: 0x0000025ab18dcb00
Event: 530.752 Thread 0x0000025ab18dbde0 Thread added: 0x0000025ab18d9680
Event: 532.623 Thread 0x0000025ab18dbde0 Thread added: 0x0000025ab18dd190
Event: 532.623 Thread 0x0000025ab18dbde0 Thread added: 0x0000025ab18ddeb0
Event: 532.623 Thread 0x0000025ab18dbde0 Thread added: 0x0000025ab18de540
Event: 533.057 Thread 0x0000025ab18dbde0 Thread added: 0x0000025ab18debd0
Event: 533.067 Thread 0x0000025ab18dbde0 Thread added: 0x0000025ab18df260
Event: 543.887 Thread 0x0000025ab18dbde0 Thread added: 0x0000025aacabf7c0
Event: 544.001 Thread 0x0000025ab18dbde0 Thread added: 0x0000025aacabfe50
Event: 544.188 Thread 0x0000025ab18dbde0 Thread added: 0x0000025aacac04e0
Event: 548.921 Thread 0x0000025aacabf7c0 Thread added: 0x0000025ab7ceef90
Event: 549.342 Thread 0x0000025aacabf7c0 Thread added: 0x0000025ab7ced550
Event: 549.342 Thread 0x0000025aacabf7c0 Thread added: 0x0000025ab7cf2410
Event: 551.593 Thread 0x0000025ab18dc470 Thread added: 0x0000025ab7cef620
Event: 551.594 Thread 0x0000025ab18dc470 Thread added: 0x0000025ab7cec1a0
Event: 551.595 Thread 0x0000025ab18dc470 Thread added: 0x0000025ab7cecec0
Event: 552.327 Thread 0x0000025ab18dcb00 Thread added: 0x0000025ab7cedbe0
Event: 552.328 Thread 0x0000025ab18dcb00 Thread added: 0x0000025ab7cee270
Event: 552.331 Thread 0x0000025ab18dcb00 Thread added: 0x0000025ab7cefcb0


Dynamic libraries:
0x00007ff613040000 - 0x00007ff61304a000 	C:\Program Files\Android\Android Studio\jbr\bin\java.exe
0x00007ffd834a0000 - 0x00007ffd83707000 	C:\WINDOWS\SYSTEM32\ntdll.dll
0x00007ffd82240000 - 0x00007ffd82309000 	C:\WINDOWS\System32\KERNEL32.DLL
0x00007ffd801e0000 - 0x00007ffd805d1000 	C:\WINDOWS\System32\KERNELBASE.dll
0x00007ffd80690000 - 0x00007ffd807db000 	C:\WINDOWS\System32\ucrtbase.dll
0x00007ffd637d0000 - 0x00007ffd637eb000 	C:\Program Files\Android\Android Studio\jbr\bin\VCRUNTIME140.dll
0x00007ffd482a0000 - 0x00007ffd482b8000 	C:\Program Files\Android\Android Studio\jbr\bin\jli.dll
0x00007ffd81260000 - 0x00007ffd81425000 	C:\WINDOWS\System32\USER32.dll
0x00007ffd81180000 - 0x00007ffd811a7000 	C:\WINDOWS\System32\win32u.dll
0x00007ffd817c0000 - 0x00007ffd817eb000 	C:\WINDOWS\System32\GDI32.dll
0x00007ffd807e0000 - 0x00007ffd8090b000 	C:\WINDOWS\System32\gdi32full.dll
0x00007ffd60210000 - 0x00007ffd604a3000 	C:\WINDOWS\WinSxS\amd64_microsoft.windows.common-controls_6595b64144ccf1df_6.0.26100.8037_none_3e092faae333b53b\COMCTL32.dll
0x00007ffd7ffb0000 - 0x00007ffd80053000 	C:\WINDOWS\System32\msvcp_win.dll
0x00007ffd823f0000 - 0x00007ffd82499000 	C:\WINDOWS\System32\msvcrt.dll
0x00007ffd83420000 - 0x00007ffd83451000 	C:\WINDOWS\System32\IMM32.DLL
0x00007ffd787c0000 - 0x00007ffd787cc000 	C:\Program Files\Android\Android Studio\jbr\bin\vcruntime140_1.dll
0x00007ffd03cb0000 - 0x00007ffd03d3d000 	C:\Program Files\Android\Android Studio\jbr\bin\msvcp140.dll
0x00007ffcfebe0000 - 0x00007ffcff876000 	C:\Program Files\Android\Android Studio\jbr\bin\server\jvm.dll
0x00007ffd83190000 - 0x00007ffd8324b000 	C:\WINDOWS\System32\ADVAPI32.dll
0x00007ffd82a70000 - 0x00007ffd82b17000 	C:\WINDOWS\System32\sechost.dll
0x00007ffd82660000 - 0x00007ffd82778000 	C:\WINDOWS\System32\RPCRT4.dll
0x00007ffd81840000 - 0x00007ffd818b4000 	C:\WINDOWS\System32\WS2_32.dll
0x00007ffd75d30000 - 0x00007ffd75d65000 	C:\WINDOWS\SYSTEM32\WINMM.dll
0x00007ffd6f6a0000 - 0x00007ffd6f6ab000 	C:\WINDOWS\SYSTEM32\VERSION.dll
0x00007ffd7fbe0000 - 0x00007ffd7fc3e000 	C:\WINDOWS\SYSTEM32\POWRPROF.dll
0x00007ffd7fbc0000 - 0x00007ffd7fbd4000 	C:\WINDOWS\SYSTEM32\UMPDC.dll
0x00007ffd7eb10000 - 0x00007ffd7eb2b000 	C:\WINDOWS\SYSTEM32\kernel.appcore.dll
0x00007ffd637c0000 - 0x00007ffd637ca000 	C:\Program Files\Android\Android Studio\jbr\bin\jimage.dll
0x00007ffd7dad0000 - 0x00007ffd7dd12000 	C:\WINDOWS\SYSTEM32\DBGHELP.DLL
0x00007ffd81430000 - 0x00007ffd817b2000 	C:\WINDOWS\System32\combase.dll
0x00007ffd82310000 - 0x00007ffd823e7000 	C:\WINDOWS\System32\OLEAUT32.dll
0x00007ffd5ea60000 - 0x00007ffd5ea9b000 	C:\WINDOWS\SYSTEM32\dbgcore.DLL
0x00007ffd805e0000 - 0x00007ffd80685000 	C:\WINDOWS\System32\bcryptPrimitives.dll
0x00007ffd5a500000 - 0x00007ffd5a50e000 	C:\Program Files\Android\Android Studio\jbr\bin\instrument.dll
0x00007ffd5afc0000 - 0x00007ffd5afe0000 	C:\Program Files\Android\Android Studio\jbr\bin\java.dll
0x00007ffd5af50000 - 0x00007ffd5af68000 	C:\Program Files\Android\Android Studio\jbr\bin\zip.dll
0x00007ffd81aa0000 - 0x00007ffd821ff000 	C:\WINDOWS\System32\SHELL32.dll
0x00007ffd7fd80000 - 0x00007ffd7feea000 	C:\WINDOWS\System32\wintypes.dll
0x00007ffd80910000 - 0x00007ffd81174000 	C:\WINDOWS\System32\windows.storage.dll
0x00007ffd82560000 - 0x00007ffd82657000 	C:\WINDOWS\System32\SHCORE.dll
0x00007ffd83350000 - 0x00007ffd833b7000 	C:\WINDOWS\System32\shlwapi.dll
0x00007ffd7fca0000 - 0x00007ffd7fcc9000 	C:\WINDOWS\SYSTEM32\profapi.dll
0x00007ffd637b0000 - 0x00007ffd637c0000 	C:\Program Files\Android\Android Studio\jbr\bin\net.dll
0x00007ffd6fb60000 - 0x00007ffd6fc87000 	C:\WINDOWS\SYSTEM32\WINHTTP.dll
0x00007ffd7f080000 - 0x00007ffd7f0eb000 	C:\WINDOWS\system32\mswsock.dll
0x00007ffd5aa80000 - 0x00007ffd5aa96000 	C:\Program Files\Android\Android Studio\jbr\bin\nio.dll
0x00007ffd5a570000 - 0x00007ffd5a580000 	C:\Program Files\Android\Android Studio\jbr\bin\verify.dll
0x00007ffd51a40000 - 0x00007ffd51a67000 	C:\Users\VENKAT\.gradle\native\1def1411415f61bf3af743bc5b6707747c0891f09f0c88961ee8f79bc544acac\windows-amd64\native-platform.dll
0x00007ffd06200000 - 0x00007ffd06278000 	C:\Users\VENKAT\.gradle\native\0.2.7\x86_64-windows-gnu\gradle-fileevents.dll
0x00007ffd5af20000 - 0x00007ffd5af29000 	C:\Program Files\Android\Android Studio\jbr\bin\management.dll
0x00007ffd5a8d0000 - 0x00007ffd5a8db000 	C:\Program Files\Android\Android Studio\jbr\bin\management_ext.dll
0x00007ffd81240000 - 0x00007ffd81248000 	C:\WINDOWS\System32\PSAPI.DLL
0x00007ffd7e5d0000 - 0x00007ffd7e603000 	C:\WINDOWS\SYSTEM32\IPHLPAPI.DLL
0x00007ffd82fd0000 - 0x00007ffd82fda000 	C:\WINDOWS\System32\NSI.dll
0x00007ffd5aff0000 - 0x00007ffd5aff9000 	C:\Program Files\Android\Android Studio\jbr\bin\extnet.dll
0x00007ffd7f360000 - 0x00007ffd7f37b000 	C:\WINDOWS\SYSTEM32\CRYPTSP.dll
0x00007ffd7ea70000 - 0x00007ffd7eaa9000 	C:\WINDOWS\system32\rsaenh.dll
0x00007ffd7f130000 - 0x00007ffd7f162000 	C:\WINDOWS\SYSTEM32\USERENV.dll
0x00007ffd7fc70000 - 0x00007ffd7fc9a000 	C:\WINDOWS\SYSTEM32\bcrypt.dll
0x00007ffd7f380000 - 0x00007ffd7f38c000 	C:\WINDOWS\SYSTEM32\CRYPTBASE.dll
0x00007ffd3f660000 - 0x00007ffd3f668000 	C:\WINDOWS\system32\wshunix.dll
0x00007ffd7e6b0000 - 0x00007ffd7e7da000 	C:\WINDOWS\SYSTEM32\DNSAPI.dll
0x00007ffd6f240000 - 0x00007ffd6f24b000 	C:\Windows\System32\rasadhlp.dll
0x00007ffd75ca0000 - 0x00007ffd75d26000 	C:\WINDOWS\System32\fwpuclnt.dll
0x00007ffd3cf20000 - 0x00007ffd3cf38000 	C:\WINDOWS\system32\napinsp.dll
0x00007ffd3cf40000 - 0x00007ffd3cf52000 	C:\WINDOWS\System32\winrnr.dll
0x00007ffd51cd0000 - 0x00007ffd51cf2000 	C:\WINDOWS\system32\nlansp_c.dll
0x00007ffd4a1d0000 - 0x00007ffd4a1e6000 	C:\WINDOWS\system32\wshbth.dll
0x00007ffd7ec30000 - 0x00007ffd7ec66000 	C:\WINDOWS\SYSTEM32\ntmarta.dll

JVMTI agents:
C:\Users\VENKAT\.gradle\wrapper\dists\gradle-8.13-bin\5xuhj0ry160q40clulazy9h7d\gradle-8.13\lib\agents\gradle-instrumentation-agent-8.13.jar path:C:\Program Files\Android\Android Studio\jbr\bin\instrument.dll, loaded, initialized, instrumentlib options:none

dbghelp: loaded successfully - version: 4.0.5 - missing functions: none
symbol engine: initialized successfully - sym options: 0x614 - pdb path: .;C:\Program Files\Android\Android Studio\jbr\bin;C:\WINDOWS\SYSTEM32;C:\WINDOWS\WinSxS\amd64_microsoft.windows.common-controls_6595b64144ccf1df_6.0.26100.8037_none_3e092faae333b53b;C:\Program Files\Android\Android Studio\jbr\bin\server;C:\Users\VENKAT\.gradle\native\1def1411415f61bf3af743bc5b6707747c0891f09f0c88961ee8f79bc544acac\windows-amd64;C:\Users\VENKAT\.gradle\native\0.2.7\x86_64-windows-gnu

VM Arguments:
jvm_args: --add-opens=java.base/java.lang=ALL-UNNAMED --add-opens=java.base/java.lang.invoke=ALL-UNNAMED --add-opens=java.base/java.util=ALL-UNNAMED --add-opens=java.prefs/java.util.prefs=ALL-UNNAMED --add-exports=jdk.compiler/com.sun.tools.javac.api=ALL-UNNAMED --add-exports=jdk.compiler/com.sun.tools.javac.util=ALL-UNNAMED --add-opens=java.base/java.util=ALL-UNNAMED --add-opens=java.prefs/java.util.prefs=ALL-UNNAMED --add-opens=java.base/java.nio.charset=ALL-UNNAMED --add-opens=java.base/java.net=ALL-UNNAMED --add-opens=java.base/java.util.concurrent.atomic=ALL-UNNAMED --add-opens=java.xml/javax.xml.namespace=ALL-UNNAMED -Xmx2048m -Dfile.encoding=UTF-8 -Duser.country=IN -Duser.language=en -Duser.variant -javaagent:C:\Users\VENKAT\.gradle\wrapper\dists\gradle-8.13-bin\5xuhj0ry160q40clulazy9h7d\gradle-8.13\lib\agents\gradle-instrumentation-agent-8.13.jar 
java_command: org.gradle.launcher.daemon.bootstrap.GradleDaemon 8.13
java_class_path (initial): C:\Users\VENKAT\.gradle\wrapper\dists\gradle-8.13-bin\5xuhj0ry160q40clulazy9h7d\gradle-8.13\lib\gradle-daemon-main-8.13.jar
Launcher Type: SUN_STANDARD

[Global flags]
     intx CICompilerCount                          = 3                                         {product} {ergonomic}
     uint ConcGCThreads                            = 1                                         {product} {ergonomic}
     uint G1ConcRefinementThreads                  = 4                                         {product} {ergonomic}
   size_t G1HeapRegionSize                         = 1048576                                   {product} {ergonomic}
    uintx GCDrainStackTargetSize                   = 64                                        {product} {ergonomic}
   size_t InitialHeapSize                          = 130023424                                 {product} {ergonomic}
   size_t MarkStackSize                            = 4194304                                   {product} {ergonomic}
   size_t MaxHeapSize                              = 2147483648                                {product} {command line}
   size_t MaxNewSize                               = 1287651328                                {product} {ergonomic}
   size_t MinHeapDeltaBytes                        = 1048576                                   {product} {ergonomic}
   size_t MinHeapSize                              = 8388608                                   {product} {ergonomic}
    uintx NonNMethodCodeHeapSize                   = 5832780                                {pd product} {ergonomic}
    uintx NonProfiledCodeHeapSize                  = 122912730                              {pd product} {ergonomic}
    uintx ProfiledCodeHeapSize                     = 122912730                              {pd product} {ergonomic}
    uintx ReservedCodeCacheSize                    = 251658240                              {pd product} {ergonomic}
     bool SegmentedCodeCache                       = true                                      {product} {ergonomic}
   size_t SoftMaxHeapSize                          = 2147483648                             {manageable} {ergonomic}
     bool UseCompressedOops                        = true                           {product lp64_product} {ergonomic}
     bool UseG1GC                                  = true                                      {product} {ergonomic}
     bool UseLargePagesIndividualAllocation        = false                                  {pd product} {ergonomic}

Logging:
Log output configuration:
 #0: stdout all=warning uptime,level,tags foldmultilines=false
 #1: stderr all=off uptime,level,tags foldmultilines=false

Release file:
JAVA_VERSION="21.0.9" 
MODULES="java.base java.compiler java.datatransfer java.xml java.prefs java.desktop java.instrument java.logging java.management java.security.sasl java.naming java.rmi java.management.rmi java.net.http java.scripting java.security.jgss java.transaction.xa java.sql java.sql.rowset java.xml.crypto java.se java.smartcardio jdk.accessibility jdk.internal.jvmstat jdk.attach jdk.charsets jdk.internal.opt jdk.zipfs jdk.compiler jdk.crypto.ec jdk.crypto.cryptoki jdk.dynalink jdk.hotspot.agent jdk.httpserver jdk.internal.ed jdk.internal.le jdk.internal.vm.ci jdk.jartool jdk.javadoc jdk.jcmd jdk.jdeps jdk.jdwp.agent jdk.jdi jdk.jfr jdk.jlink jdk.jsobject jdk.localedata jdk.management jdk.management.agent jdk.management.jfr jdk.naming.dns jdk.naming.rmi jdk.net jdk.sctp jdk.security.auth jdk.security.jgss jdk.unsupported jdk.unsupported.desktop jdk.xml.dom" 
IMPLEMENTOR="JetBrains s.r.o." 
JAVA_RUNTIME_VERSION="21.0.9+-14787801-b1163.94" 
LIBC="default" 
OS_ARCH="x86_64" 
OS_NAME="Windows" 
SOURCE=".:git:0c757ddc9f2f" 

Environment Variables:
JAVA_HOME=C:\Program Files\Java\jdk-22
PATH=C:\Program Files\Common Files\Oracle\Java\javapath;C:\WINDOWS\system32;C:\WINDOWS;C:\WINDOWS\System32\Wbem;C:\WINDOWS\System32\WindowsPowerShell\v1.0\;C:\WINDOWS\System32\OpenSSH\;C:\Program Files\HP\HP One Agent;C:\Program Files\Java\jdk-22\bin;C:\Program Files (x86)\Windows Kits\10\Windows Performance Toolkit\;C:\Program Files\dotnet\;C:\WINDOWS\system32;C:\WINDOWS;C:\WINDOWS\System32\Wbem;C:\WINDOWS\System32\WindowsPowerShell\v1.0\;C:\WINDOWS\System32\OpenSSH\;C:\Program Files\Java\jdk-24\bin;C:\Program Files\Git\cmd;C:\msys64\ucrt64\bin
USERNAME=VENKAT
OS=Windows_NT
PROCESSOR_IDENTIFIER=Intel64 Family 6 Model 140 Stepping 1, GenuineIntel
TMP=C:\Users\VENKAT\AppData\Local\Temp
TEMP=C:\Users\VENKAT\AppData\Local\Temp




Periodic native trim disabled

JNI global refs:
JNI global refs: 27, weak refs: 0

JNI global refs memory usage: 835, weak refs: 833

Process memory usage:
Resident Set Size: 289856K (3% of 8022752K total physical memory with 109468K free physical memory)

OOME stack traces (most recent first):
Classloader memory used:
Loader org.gradle.internal.classloader.VisitableURLClassLoader$InstrumentingVisitableURLClassLoader: 65065K
Loader org.gradle.internal.classloader.VisitableURLClassLoader                         : 47916K
Loader bootstrap                                                                       : 35975K
Loader org.gradle.initialization.MixInLegacyTypesClassLoader                           : 13603K
Loader jdk.internal.loader.ClassLoaders$PlatformClassLoader                            : 827K
Loader jdk.internal.reflect.DelegatingClassLoader                                      : 501K
Loader org.gradle.internal.classloader.VisitableURLClassLoader                         : 279K
Loader jdk.internal.loader.ClassLoaders$AppClassLoader                                 : 235K
Loader org.gradle.groovy.scripts.internal.DefaultScriptCompilationHandler$ScriptClassLoader: 135K
Loader org.codehaus.groovy.runtime.callsite.CallSiteClassLoader                        : 27656B
Loader sun.reflect.misc.MethodUtil                                                     : 2984B

Classes loaded by more than one classloader:
Class Program                                                                         : loaded 5 times (x 72B)
Class com.google.common.base.PairwiseEquivalence                                      : loaded 2 times (x 83B)
Class com.google.common.base.Equivalence$Identity                                     : loaded 2 times (x 82B)
Class com.google.common.collect.RegularImmutableMap$KeySet                            : loaded 2 times (x 152B)
Class org.gradle.internal.classloader.FilteringClassLoader                            : loaded 2 times (x 105B)
Class [Lcom.google.common.collect.MapMakerInternalMap$Segment;                        : loaded 2 times (x 69B)
Class com.google.common.io.FileWriteMode                                              : loaded 2 times (x 79B)
Class [Lcom.google.common.base.AbstractIterator$State;                                : loaded 2 times (x 69B)
Class com.google.common.base.CharMatcher$IsEither                                     : loaded 2 times (x 111B)
Class ijKotlinCoroutineJvmDebugInit1_93tulc1gvvz3n842z07ktskns$_run_closure1          : loaded 2 times (x 139B)
Class org.gradle.internal.classloader.ClassLoaderHierarchy                            : loaded 2 times (x 70B)
Class com.google.common.collect.AbstractMapBasedMultimap$WrappedCollection            : loaded 2 times (x 124B)
Class com.google.common.collect.ImmutableEnumSet                                      : loaded 2 times (x 146B)
Class com.google.common.util.concurrent.ExecutionError                                : loaded 2 times (x 82B)
Class com.google.common.collect.ImmutableList$1                                       : loaded 2 times (x 97B)
Class org.gradle.api.internal.classpath.ManifestUtil                                  : loaded 2 times (x 71B)
Class com.google.common.io.ByteArrayDataOutput                                        : loaded 2 times (x 70B)
Class com.google.common.collect.RegularImmutableMap                                   : loaded 2 times (x 121B)
Class com.google.common.collect.ImmutableMap$MapViewOfValuesAsSingletonSets           : loaded 2 times (x 126B)
Class com.google.common.collect.TransformedListIterator                               : loaded 2 times (x 93B)
Class com.google.common.reflect.TypeCapture                                           : loaded 2 times (x 71B)
Class [Lorg.objectweb.asm.Symbol;                                                     : loaded 2 times (x 69B)
Class org.objectweb.asm.ClassVisitor                                                  : loaded 2 times (x 88B)
Class com.google.common.collect.UnmodifiableListIterator                              : loaded 2 times (x 95B)
Class com.google.common.collect.MapMakerInternalMap$StrongKeyDummyValueEntry$LinkedStrongKeyDummyValueEntry: loaded 2 times (x 82B)
Class com.google.common.collect.MapMakerInternalMap$Strength                          : loaded 2 times (x 80B)
Class com.google.common.base.Platform$JdkPatternCompiler                              : loaded 2 times (x 75B)
Class org.objectweb.asm.MethodTooLargeException                                       : loaded 2 times (x 83B)
Class [Lcom.google.common.cache.CacheBuilder$OneWeigher;                              : loaded 2 times (x 69B)
Class com.google.common.base.Suppliers                                                : loaded 2 times (x 71B)
Class org.gradle.internal.classloader.DefaultClassLoaderFactory                       : loaded 2 times (x 82B)
Class com.google.common.base.CharMatcher$None                                         : loaded 2 times (x 112B)
Class org.gradle.internal.classloader.ClassLoaderVisitor                              : loaded 2 times (x 76B)
Class [Lcom.google.common.collect.ImmutableMapEntry;                                  : loaded 2 times (x 69B)
Class org.gradle.api.internal.classpath.EffectiveClassPath                            : loaded 2 times (x 90B)
Class com.google.common.collect.ImmutableRangeSet                                     : loaded 2 times (x 115B)
Class com.google.common.collect.ListMultimap                                          : loaded 2 times (x 70B)
Class com.google.common.collect.ImmutableEnumMap                                      : loaded 2 times (x 126B)
Class com.google.common.collect.Iterators$EmptyModifiableIterator                     : loaded 2 times (x 86B)
Class com.google.common.base.Splitter                                                 : loaded 2 times (x 72B)
Class com.google.common.collect.Sets$1                                                : loaded 2 times (x 139B)
Class org.objectweb.asm.AnnotationVisitor                                             : loaded 2 times (x 78B)
Class org.gradle.api.internal.DefaultClassPathProvider                                : loaded 2 times (x 76B)
Class com.google.common.collect.MapMakerInternalMap$Strength$1                        : loaded 2 times (x 80B)
Class com.google.common.collect.Maps$ViewCachingAbstractMap                           : loaded 2 times (x 125B)
Class com.google.common.collect.Sets$2                                                : loaded 2 times (x 139B)
Class [Lorg.gradle.api.internal.ClassPathProvider;                                    : loaded 2 times (x 69B)
Class org.gradle.api.internal.ClassPathProvider                                       : loaded 2 times (x 70B)
Class com.google.common.collect.MapMakerInternalMap$Strength$2                        : loaded 2 times (x 80B)
Class com.google.common.base.AbstractIterator$State                                   : loaded 2 times (x 79B)
Class com.google.common.reflect.Types$ClassOwnership$1                                : loaded 2 times (x 80B)
Class [Lorg.objectweb.asm.AnnotationVisitor;                                          : loaded 2 times (x 69B)
Class com.google.common.collect.Sets$3                                                : loaded 2 times (x 139B)
Class com.google.common.util.concurrent.AbstractFuture$SafeAtomicHelper               : loaded 2 times (x 79B)
Class com.google.common.cache.LocalCache$LocalLoadingCache                            : loaded 2 times (x 134B)
Class org.gradle.internal.service.UnknownServiceException                             : loaded 2 times (x 83B)
Class com.google.common.io.ByteArrayDataInput                                         : loaded 2 times (x 70B)
Class com.google.common.collect.MapMakerInternalMap$StrongValueEntry                  : loaded 2 times (x 70B)
Class com.google.common.reflect.Types$ClassOwnership$2                                : loaded 2 times (x 80B)
Class com.google.common.reflect.TypeResolver                                          : loaded 2 times (x 72B)
Class com.google.common.collect.Sets$4                                                : loaded 2 times (x 139B)
Class org.objectweb.asm.ModuleVisitor                                                 : loaded 2 times (x 81B)
Class com.google.common.cache.LocalCache$Strength$1                                   : loaded 2 times (x 81B)
Class com.google.common.reflect.Types$ClassOwnership$3                                : loaded 2 times (x 71B)
Class com.google.common.util.concurrent.SettableFuture                                : loaded 2 times (x 114B)
Class com.google.common.cache.LocalCache$Strength$2                                   : loaded 2 times (x 81B)
Class com.google.common.io.ByteStreams                                                : loaded 2 times (x 71B)
Class com.google.common.collect.Interners$InternerImpl                                : loaded 2 times (x 75B)
Class com.google.common.collect.Interner                                              : loaded 2 times (x 70B)
Class com.google.common.collect.TransformedIterator                                   : loaded 2 times (x 80B)
Class com.google.common.base.Splitter$1                                               : loaded 2 times (x 77B)
Class com.google.common.cache.LocalCache$Strength$3                                   : loaded 2 times (x 81B)
Class com.google.common.collect.MapDifference                                         : loaded 2 times (x 70B)
Class com.google.common.collect.MapMaker$Dummy                                        : loaded 2 times (x 79B)
Class com.google.common.reflect.Invokable                                             : loaded 2 times (x 103B)
Class org.objectweb.asm.FieldWriter                                                   : loaded 2 times (x 78B)
Class com.google.common.cache.CacheBuilder$NullListener                               : loaded 2 times (x 82B)
Class org.gradle.internal.classpath.TransformedClassPath                              : loaded 2 times (x 96B)
Class org.gradle.internal.classloader.InstrumentingClassLoader                        : loaded 2 times (x 70B)
Class com.google.common.collect.ImmutableListMultimap                                 : loaded 2 times (x 176B)
Class com.google.common.reflect.Types$ParameterizedTypeImpl                           : loaded 2 times (x 81B)
Class com.google.common.collect.ImmutableRangeSet$AsSet                               : loaded 2 times (x 300B)
Class com.google.common.cache.CacheLoader$FunctionToCacheLoader                       : loaded 2 times (x 75B)
Class com.google.common.collect.Iterators$ArrayItr                                    : loaded 2 times (x 97B)
Class com.google.common.collect.ImmutableCollection$Builder                           : loaded 2 times (x 76B)
Class com.google.common.collect.EmptyImmutableListMultimap                            : loaded 2 times (x 176B)
Class com.google.common.collect.BaseImmutableMultimap                                 : loaded 2 times (x 123B)
Class com.google.common.reflect.TypeResolver$TypeVariableKey                          : loaded 2 times (x 72B)
Class com.google.common.base.Joiner                                                   : loaded 2 times (x 79B)
Class com.google.common.base.MoreObjects                                              : loaded 2 times (x 71B)
Class com.google.common.collect.Platform                                              : loaded 2 times (x 71B)
Class [Lorg.objectweb.asm.Type;                                                       : loaded 2 times (x 69B)
Class com.google.common.collect.UnmodifiableIterator                                  : loaded 2 times (x 80B)
Class org.gradle.internal.service.ServiceLocator                                      : loaded 2 times (x 70B)
Class com.google.common.base.Ascii                                                    : loaded 2 times (x 71B)
Class com.google.common.collect.SingletonImmutableBiMap                               : loaded 2 times (x 143B)
Class com.google.common.cache.LocalCache$1                                            : loaded 2 times (x 89B)
Class com.google.common.collect.AbstractMapEntry                                      : loaded 2 times (x 81B)
Class ijJvmDebugger1_1dohb91fhaivriqmognd4ig0d$_run_closure1$_closure2                : loaded 2 times (x 140B)
Class com.google.common.collect.MapMakerInternalMap$AbstractStrongKeyEntry            : loaded 2 times (x 80B)
Class com.google.common.reflect.TypeToken$SimpleTypeToken                             : loaded 2 times (x 73B)
Class com.google.common.collect.Sets$ImprovedAbstractSet                              : loaded 2 times (x 135B)
Class com.google.common.collect.ImmutableList$Builder                                 : loaded 2 times (x 77B)
Class com.google.common.collect.AbstractMultimap                                      : loaded 2 times (x 123B)
Class com.google.common.cache.LocalCache$2                                            : loaded 2 times (x 142B)
Class com.google.common.collect.ImmutableRangeSet$1                                   : loaded 2 times (x 210B)
Class com.google.common.util.concurrent.AbstractFuture$UnsafeAtomicHelper$1           : loaded 2 times (x 76B)
Class com.google.common.collect.RegularImmutableAsList                                : loaded 2 times (x 217B)
Class com.google.common.base.Optional                                                 : loaded 2 times (x 80B)
Class com.google.common.collect.Range                                                 : loaded 2 times (x 87B)
Class com.google.common.util.concurrent.AbstractFuture$Trusted                        : loaded 2 times (x 70B)
Class com.google.common.collect.Iterators                                             : loaded 2 times (x 71B)
Class com.google.common.io.ByteSink$AsCharSink                                        : loaded 2 times (x 80B)
Class com.google.common.collect.Lists$StringAsImmutableList                           : loaded 2 times (x 207B)
Class com.google.common.util.concurrent.UncheckedExecutionException                   : loaded 2 times (x 82B)
Class org.gradle.internal.InternalTransformer                                         : loaded 2 times (x 70B)
Class com.google.common.collect.AbstractMapBasedMultimap$KeySet$1                     : loaded 2 times (x 82B)
Class org.objectweb.asm.ClassWriter                                                   : loaded 2 times (x 106B)
Class com.google.common.cache.CacheLoader$UnsupportedLoadingOperationException        : loaded 2 times (x 82B)
Class com.google.common.base.CharMatcher$And                                          : loaded 2 times (x 112B)
Class org.gradle.internal.classloader.ClasspathUtil$1                                 : loaded 2 times (x 76B)
Class com.google.common.base.Objects                                                  : loaded 2 times (x 71B)
Class org.objectweb.asm.FieldVisitor                                                  : loaded 2 times (x 77B)
Class com.google.common.collect.IndexedImmutableSet                                   : loaded 2 times (x 152B)
Class com.google.common.collect.ImmutableMap$1                                        : loaded 2 times (x 81B)
Class com.google.common.collect.BiMap                                                 : loaded 2 times (x 70B)
Class org.gradle.api.internal.classpath.DefaultModuleRegistry$DefaultModule           : loaded 2 times (x 86B)
Class com.google.common.reflect.Reflection                                            : loaded 2 times (x 71B)
Class com.google.common.primitives.Ints                                               : loaded 2 times (x 71B)
Class com.google.common.collect.AbstractIterator                                      : loaded 2 times (x 82B)
Class com.google.common.collect.ObjectArrays                                          : loaded 2 times (x 71B)
Class com.google.common.collect.Multiset                                              : loaded 2 times (x 70B)
Class com.google.common.collect.ArrayListMultimapGwtSerializationDependencies         : loaded 2 times (x 172B)
Class com.google.common.collect.AbstractIndexedListIterator                           : loaded 2 times (x 96B)
Class com.google.common.math.MathPreconditions                                        : loaded 2 times (x 71B)
Class ijKotlinCoroutineJvmDebugInit1_93tulc1gvvz3n842z07ktskns                        : loaded 2 times (x 179B)
Class com.google.common.collect.ImmutableMapEntrySet                                  : loaded 2 times (x 152B)
Class org.gradle.api.internal.classpath.Module                                        : loaded 2 times (x 70B)
Class com.google.common.cache.Weigher                                                 : loaded 2 times (x 70B)
Class org.gradle.api.internal.classpath.UnknownModuleException                        : loaded 2 times (x 82B)
Class com.google.common.base.Stopwatch                                                : loaded 2 times (x 72B)
Class com.google.common.cache.LocalCache$Strength                                     : loaded 2 times (x 81B)
Class com.google.common.cache.Cache                                                   : loaded 2 times (x 70B)
Class com.google.common.io.AppendableWriter                                           : loaded 2 times (x 100B)
Class com.google.common.io.Files$2                                                    : loaded 2 times (x 76B)
Class com.google.common.base.NullnessCasts                                            : loaded 2 times (x 71B)
Class com.google.common.util.concurrent.AbstractFuture$Cancellation                   : loaded 2 times (x 72B)
Class com.google.common.collect.ImmutableMap$Builder                                  : loaded 2 times (x 82B)
Class com.google.common.base.Present                                                  : loaded 2 times (x 81B)
Class com.google.common.collect.AbstractMapBasedMultimap$WrappedCollection$WrappedIterator: loaded 2 times (x 84B)
Class com.google.common.cache.RemovalListener                                         : loaded 2 times (x 70B)
Class ijJvmDebugger1_1dohb91fhaivriqmognd4ig0d$_run_closure1                          : loaded 2 times (x 139B)
Class org.gradle.api.internal.DefaultClassPathRegistry                                : loaded 2 times (x 76B)
Class com.google.common.collect.ImmutableMultimap$Keys                                : loaded 2 times (x 166B)
Class com.google.common.reflect.Invokable$ConstructorInvokable                        : loaded 2 times (x 107B)
Class com.google.common.primitives.IntsMethodsForWeb                                  : loaded 2 times (x 71B)
Class com.google.common.collect.Multimap                                              : loaded 2 times (x 70B)
Class org.gradle.api.internal.ClassPathRegistry                                       : loaded 2 times (x 70B)
Class org.gradle.internal.classpath.DefaultClassPath$ImmutableUniqueList              : loaded 2 times (x 199B)
Class com.google.common.collect.MapMakerInternalMap$Segment                           : loaded 2 times (x 142B)
Class com.google.common.base.ExtraObjectsMethodsForWeb                                : loaded 2 times (x 71B)
Class com.google.common.reflect.TypeToken                                             : loaded 2 times (x 73B)
Class ijKotlinCoroutineJvmDebugInit1_93tulc1gvvz3n842z07ktskns$_run_closure1$_closure2: loaded 2 times (x 139B)
Class com.google.common.io.LineReader                                                 : loaded 2 times (x 72B)
Class com.google.common.io.ByteSink                                                   : loaded 2 times (x 76B)
Class com.google.common.cache.CacheBuilder                                            : loaded 2 times (x 72B)
Class com.google.common.collect.SingletonImmutableList                                : loaded 2 times (x 207B)
Class Settings_gradle$1                                                               : loaded 2 times (x 74B)
Class org.gradle.internal.classpath.ClassPath                                         : loaded 2 times (x 70B)
Class org.gradle.api.UncheckedIOException                                             : loaded 2 times (x 82B)
Class com.google.common.collect.Interners$InternerBuilder                             : loaded 2 times (x 76B)
Class com.google.common.io.Files$FileByteSource                                       : loaded 2 times (x 85B)
Class [Lcom.google.common.reflect.Types$JavaVersion;                                  : loaded 2 times (x 69B)
Class com.google.common.base.JdkPattern                                               : loaded 2 times (x 75B)
Class com.google.common.collect.ImmutableList$ReverseImmutableList                    : loaded 2 times (x 209B)
Class com.google.common.io.CharStreams$NullWriter                                     : loaded 2 times (x 99B)
Class org.objectweb.asm.SymbolTable$Entry                                             : loaded 2 times (x 74B)
Class com.google.common.util.concurrent.AbstractFuture$AtomicHelper                   : loaded 2 times (x 78B)
Class org.objectweb.asm.Edge                                                          : loaded 2 times (x 72B)
Class com.google.common.base.Suppliers$SupplierOfInstance                             : loaded 2 times (x 79B)
Class com.google.common.collect.Iterators$1                                           : loaded 2 times (x 81B)
Class com.google.common.reflect.TypeToken$1                                           : loaded 2 times (x 110B)
Class com.google.common.cache.LocalCache$ComputingValueReference                      : loaded 2 times (x 96B)
Class com.google.common.collect.SingletonImmutableSet                                 : loaded 2 times (x 146B)
Class com.google.common.collect.ImmutableMap$IteratorBasedImmutableMap                : loaded 2 times (x 126B)
Class com.google.common.reflect.TypeToken$2                                           : loaded 2 times (x 110B)
Class com.google.common.cache.LocalCache$Segment                                      : loaded 2 times (x 154B)
Class com.google.common.collect.SortedIterable                                        : loaded 2 times (x 70B)
Class com.google.common.collect.AbstractListMultimap                                  : loaded 2 times (x 172B)
Class [Lorg.objectweb.asm.SymbolTable$Entry;                                          : loaded 2 times (x 69B)
Class com.google.common.cache.CacheLoader                                             : loaded 2 times (x 74B)
Class com.google.common.collect.Iterators$4                                           : loaded 2 times (x 82B)
Class com.google.common.collect.ImmutableBiMap                                        : loaded 2 times (x 143B)
Class org.gradle.internal.installation.GradleInstallation$1                           : loaded 2 times (x 75B)
Class org.gradle.api.internal.classpath.ModuleRegistry                                : loaded 2 times (x 70B)
Class com.google.common.base.Splitter$SplittingIterator                               : loaded 2 times (x 84B)
Class com.google.common.util.concurrent.internal.InternalFutureFailureAccess          : loaded 2 times (x 72B)
Class com.google.common.collect.Iterators$5                                           : loaded 2 times (x 82B)
Class com.google.common.collect.ImmutableSet$JdkBackedSetBuilderImpl                  : loaded 2 times (x 76B)
Class com.google.common.collect.ImmutableMultimap$Values                              : loaded 2 times (x 126B)
Class com.google.common.util.concurrent.AbstractFuture$UnsafeAtomicHelper             : loaded 2 times (x 78B)
Class com.google.common.cache.LocalCache$LocalManualCache$1                           : loaded 2 times (x 75B)
Class com.google.common.base.CharMatcher$ForPredicate                                 : loaded 2 times (x 112B)
Class com.google.common.base.CharMatcher$AnyOf                                        : loaded 2 times (x 112B)
Class com.google.common.collect.ImmutableCollection                                   : loaded 2 times (x 125B)
Class org.gradle.api.internal.classpath.DefaultModuleRegistry                         : loaded 2 times (x 86B)
Class com.google.common.collect.Lists                                                 : loaded 2 times (x 71B)
Class com.google.common.util.concurrent.ListenableFuture                              : loaded 2 times (x 70B)
Class com.google.common.cache.ReferenceEntry                                          : loaded 2 times (x 70B)
Class com.google.common.base.Converter                                                : loaded 2 times (x 90B)
Class com.google.common.collect.ImmutableSet$CachingAsList                            : loaded 2 times (x 148B)
Class com.google.common.collect.AbstractMapBasedMultimap                              : loaded 2 times (x 139B)
Class com.google.common.util.concurrent.AbstractFuture                                : loaded 2 times (x 106B)
Class com.google.common.base.FunctionalEquivalence                                    : loaded 2 times (x 83B)
Class com.google.common.collect.Iterators$9                                           : loaded 2 times (x 81B)
Class com.google.common.collect.ImmutableAsList                                       : loaded 2 times (x 209B)
Class com.google.common.io.CharStreams                                                : loaded 2 times (x 71B)
Class com.google.common.collect.ImmutableMultiset                                     : loaded 2 times (x 163B)
Class com.google.common.reflect.TypeResolver$TypeTable                                : loaded 2 times (x 73B)
Class org.objectweb.asm.RecordComponentVisitor                                        : loaded 2 times (x 77B)
Class com.google.common.cache.CacheLoader$SupplierToCacheLoader                       : loaded 2 times (x 75B)
Class com.google.common.reflect.TypeResolver$TypeTable$1                              : loaded 2 times (x 73B)
Class com.google.common.collect.Maps$EntryTransformer                                 : loaded 2 times (x 70B)
Class org.gradle.internal.service.ServiceLookupException                              : loaded 2 times (x 82B)
Class com.google.common.base.CharMatcher$JavaLetter                                   : loaded 2 times (x 111B)
Class com.google.common.collect.ImmutableSortedSet                                    : loaded 2 times (x 300B)
Class [Lcom.google.common.cache.LocalCache$EntryFactory;                              : loaded 2 times (x 69B)
Class org.gradle.internal.classloader.ClassLoaderFactory                              : loaded 2 times (x 70B)
Class com.google.common.collect.ImmutableMap$SerializedForm                           : loaded 2 times (x 73B)
Class com.google.common.base.CommonPattern                                            : loaded 2 times (x 74B)
Class com.google.common.cache.LocalCache$LocalManualCache                             : loaded 2 times (x 99B)
Class com.google.common.base.CharMatcher$IsNot                                        : loaded 2 times (x 111B)
Class org.gradle.internal.service.CachingServiceLocator                               : loaded 2 times (x 82B)
Class com.google.common.collect.AbstractMapBasedMultimap$KeySet                       : loaded 2 times (x 137B)
Class com.google.common.collect.RegularImmutableSortedSet                             : loaded 2 times (x 300B)
Class com.google.common.math.IntMath                                                  : loaded 2 times (x 71B)
Class com.google.common.collect.MapMakerInternalMap$InternalEntry                     : loaded 2 times (x 70B)
Class com.google.common.reflect.Types$TypeVariableInvocationHandler                   : loaded 2 times (x 75B)
Class com.google.common.collect.ImmutableMapEntry                                     : loaded 2 times (x 85B)
Class com.google.common.collect.ImmutableMultimap                                     : loaded 2 times (x 147B)
Class com.google.common.base.Equivalence                                              : loaded 2 times (x 82B)
Class com.google.common.base.Function                                                 : loaded 2 times (x 70B)
Class com.google.common.collect.ImmutableMapEntry$NonTerminalImmutableMapEntry        : loaded 2 times (x 85B)
Class com.google.common.cache.CacheBuilder$OneWeigher                                 : loaded 2 times (x 82B)
Class com.google.common.collect.RegularImmutableList                                  : loaded 2 times (x 213B)
Class com.google.common.reflect.Types$ClassOwnership$1LocalClass                      : loaded 2 times (x 71B)
Class org.gradle.internal.classloader.ClasspathUtil                                   : loaded 2 times (x 71B)
Class com.google.common.base.Charsets                                                 : loaded 2 times (x 71B)
Class com.google.common.util.concurrent.Uninterruptibles                              : loaded 2 times (x 71B)
Class com.google.common.collect.Maps                                                  : loaded 2 times (x 71B)
Class org.gradle.api.specs.Spec                                                       : loaded 2 times (x 70B)
Class com.google.common.collect.MapMaker                                              : loaded 2 times (x 72B)
Class com.google.common.reflect.Types$JavaVersion                                     : loaded 2 times (x 83B)
Class [Lcom.google.common.collect.ImmutableEntry;                                     : loaded 2 times (x 69B)
Class com.google.common.cache.LocalCache$LoadingValueReference                        : loaded 2 times (x 96B)
Class Build_gradle$1                                                                  : loaded 2 times (x 74B)
Class com.google.common.collect.MapMakerInternalMap$StrongKeyDummyValueEntry          : loaded 2 times (x 82B)
Class com.google.common.io.LineReader$1                                               : loaded 2 times (x 75B)
Class com.google.common.collect.CollectSpliterators                                   : loaded 2 times (x 71B)
Class com.google.common.collect.AbstractMapBasedMultimap$AsMap                        : loaded 2 times (x 128B)
Class com.google.common.reflect.Invokable$MethodInvokable                             : loaded 2 times (x 107B)
Class com.google.common.base.Platform                                                 : loaded 2 times (x 71B)
Class com.google.common.collect.AbstractMapBasedMultimap$WrappedList                  : loaded 2 times (x 205B)
Class [Lorg.objectweb.asm.AnnotationWriter;                                           : loaded 2 times (x 69B)
Class com.google.common.collect.Maps$8                                                : loaded 2 times (x 82B)
Class [Lcom.google.common.collect.Iterators$EmptyModifiableIterator;                  : loaded 2 times (x 69B)
Class com.google.common.collect.ImmutableRangeSet$Builder                             : loaded 2 times (x 77B)
Class com.google.common.collect.Sets$SetView                                          : loaded 2 times (x 138B)
Class com.google.common.cache.LocalCache$StrongValueReference                         : loaded 2 times (x 90B)
Class com.google.common.util.concurrent.AbstractFuture$SynchronizedHelper             : loaded 2 times (x 78B)
Class com.google.common.graph.SuccessorsFunction                                      : loaded 2 times (x 70B)
Class org.objectweb.asm.Type                                                          : loaded 2 times (x 72B)
Class org.gradle.internal.classloader.VisitableURLClassLoader$InstrumentingVisitableURLClassLoader: loaded 2 times (x 123B)
Class com.google.common.collect.MapMakerInternalMap$StrongKeyDummyValueEntry$Helper   : loaded 2 times (x 79B)
Class com.google.common.io.Files$FileByteSink                                         : loaded 2 times (x 77B)
Class org.objectweb.asm.ByteVector                                                    : loaded 2 times (x 79B)
Class [Lcom.google.common.cache.CacheBuilder$NullListener;                            : loaded 2 times (x 69B)
Class com.google.common.math.IntMath$1                                                : loaded 2 times (x 71B)
Class org.gradle.internal.classloader.VisitableURLClassLoader$Spec                    : loaded 2 times (x 74B)
Class org.gradle.internal.classpath.DefaultClassPath                                  : loaded 2 times (x 90B)
Class com.google.common.base.AbstractIterator                                         : loaded 2 times (x 80B)
Class com.google.common.reflect.Types$ClassOwnership                                  : loaded 2 times (x 80B)
Class org.objectweb.asm.Symbol                                                        : loaded 2 times (x 73B)
Class com.google.common.io.Java8Compatibility                                         : loaded 2 times (x 71B)
Class com.google.common.io.Closer                                                     : loaded 2 times (x 78B)
Class com.google.common.base.CharMatcher$Ascii                                        : loaded 2 times (x 112B)
Class com.google.common.base.CharMatcher$BitSetMatcher                                : loaded 2 times (x 112B)
Class com.google.common.collect.RegularImmutableMap$Values                            : loaded 2 times (x 207B)
Class com.google.common.collect.ImmutableSet                                          : loaded 2 times (x 145B)
Class org.gradle.internal.classloader.ClassLoaderSpec                                 : loaded 2 times (x 71B)
Class org.objectweb.asm.AnnotationWriter                                              : loaded 2 times (x 79B)
Class com.google.common.cache.CacheStats                                              : loaded 2 times (x 71B)
Class com.google.common.collect.Interners                                             : loaded 2 times (x 71B)
Class com.google.common.collect.ImmutableMultisetGwtSerializationDependencies         : loaded 2 times (x 125B)
Class com.google.common.io.Closer$Suppressor                                          : loaded 2 times (x 70B)
Class com.google.common.io.LineProcessor                                              : loaded 2 times (x 70B)
Class org.objectweb.asm.RecordComponentWriter                                         : loaded 2 times (x 78B)
Class com.google.common.util.concurrent.AbstractFuture$Listener                       : loaded 2 times (x 72B)
Class com.google.common.base.CharMatcher$Or                                           : loaded 2 times (x 112B)
Class Settings_gradle$1$1                                                             : loaded 2 times (x 74B)
Class org.objectweb.asm.Attribute                                                     : loaded 2 times (x 77B)
Class com.google.common.base.Supplier                                                 : loaded 2 times (x 70B)
Class org.gradle.internal.classloader.VisitableURLClassLoader                         : loaded 2 times (x 117B)
Class com.google.common.util.concurrent.AbstractFuture$Waiter                         : loaded 2 times (x 72B)
Class Settings_gradle                                                                 : loaded 2 times (x 128B)
Class org.gradle.internal.Cast                                                        : loaded 2 times (x 71B)
Class org.gradle.api.Action                                                           : loaded 2 times (x 70B)
Class com.google.common.collect.MapMakerInternalMap                                   : loaded 2 times (x 161B)
Class com.google.common.base.Strings                                                  : loaded 2 times (x 71B)
Class com.google.common.collect.Sets                                                  : loaded 2 times (x 71B)
Class org.objectweb.asm.Handler                                                       : loaded 2 times (x 72B)
Class com.google.common.base.Ticker                                                   : loaded 2 times (x 72B)
Class com.google.common.base.CharMatcher$FastMatcher                                  : loaded 2 times (x 111B)
Class [Lcom.google.common.cache.LocalCache$Segment;                                   : loaded 2 times (x 69B)
Class [Lcom.google.common.cache.LocalCache$Strength;                                  : loaded 2 times (x 69B)
Class com.google.common.cache.CacheBuilder$1                                          : loaded 2 times (x 85B)
Class com.google.common.base.Predicate                                                : loaded 2 times (x 70B)
Class com.google.common.collect.ImmutableMap                                          : loaded 2 times (x 120B)
Class org.gradle.internal.classpath.DefaultClassPath$ImmutableUniqueList$Builder      : loaded 2 times (x 75B)
Class com.google.common.collect.MapMakerInternalMap$WeakValueReference                : loaded 2 times (x 70B)
Class com.google.common.collect.AbstractRangeSet                                      : loaded 2 times (x 114B)
Class com.google.common.cache.LocalCache                                              : loaded 2 times (x 187B)
Class com.google.common.cache.CacheBuilder$2                                          : loaded 2 times (x 79B)
Class com.google.common.base.CharMatcher$NegatedFastMatcher                           : loaded 2 times (x 113B)
Class com.google.common.collect.ArrayListMultimap                                     : loaded 2 times (x 172B)
Class com.google.common.cache.CacheBuilder$3                                          : loaded 2 times (x 72B)
Class [Lcom.google.common.collect.AbstractMapEntry;                                   : loaded 2 times (x 69B)
Class com.google.common.collect.ImmutableEntry                                        : loaded 2 times (x 82B)
Class org.gradle.api.GradleException                                                  : loaded 2 times (x 82B)
Class com.google.common.base.Suppliers$MemoizingSupplier                              : loaded 2 times (x 79B)
Class com.google.common.collect.CollectPreconditions                                  : loaded 2 times (x 71B)
Class ijJvmDebugger1_1dohb91fhaivriqmognd4ig0d                                        : loaded 2 times (x 179B)
Class [Lcom.google.common.collect.MapMakerInternalMap$Strength;                       : loaded 2 times (x 69B)
Class [Lcom.google.common.io.FileWriteMode;                                           : loaded 2 times (x 69B)
Class com.google.common.collect.SortedMapDifference                                   : loaded 2 times (x 70B)
Class com.google.common.collect.MapMakerInternalMap$StrongKeyDummyValueSegment        : loaded 2 times (x 142B)
Class com.google.common.cache.LocalCache$WriteThroughEntry                            : loaded 2 times (x 79B)
Class com.google.common.cache.LocalCache$HashIterator                                 : loaded 2 times (x 86B)
Class com.google.common.io.Files                                                      : loaded 2 times (x 71B)
Class com.google.common.cache.LocalCache$EntryFactory                                 : loaded 2 times (x 83B)
Class [Lcom.google.common.collect.MapMaker$Dummy;                                     : loaded 2 times (x 69B)
Class com.google.common.base.CharMatcher$Whitespace                                   : loaded 2 times (x 112B)
Class com.google.common.base.Splitter$1$1                                             : loaded 2 times (x 86B)
Class com.google.common.reflect.Types$NativeTypeVariableEquals                        : loaded 2 times (x 71B)
Class com.google.common.reflect.TypeParameter                                         : loaded 2 times (x 72B)
Class com.google.common.cache.LocalCache$AbstractReferenceEntry                       : loaded 2 times (x 107B)
Class org.gradle.internal.IoActions                                                   : loaded 2 times (x 71B)
Class com.google.common.collect.ImmutableMapKeySet                                    : loaded 2 times (x 152B)
Class com.google.common.collect.ImmutableRangeSet$ComplementRanges                    : loaded 2 times (x 207B)
Class org.objectweb.asm.SymbolTable                                                   : loaded 2 times (x 72B)
Class com.google.common.cache.CacheLoader$InvalidCacheLoadException                   : loaded 2 times (x 82B)
Class com.google.common.collect.ImmutableSet$RegularSetBuilderImpl                    : loaded 2 times (x 77B)
Class org.gradle.internal.classloader.SystemClassLoaderSpec                           : loaded 2 times (x 71B)
Class com.google.common.cache.LocalCache$StrongEntry                                  : loaded 2 times (x 108B)
Class com.google.common.util.concurrent.AbstractFuture$TrustedFuture                  : loaded 2 times (x 114B)
Class com.google.common.cache.LoadingCache                                            : loaded 2 times (x 70B)
Class com.google.common.io.ByteStreams$LimitedInputStream                             : loaded 2 times (x 92B)
Class com.google.common.base.Suppliers$NonSerializableMemoizingSupplier               : loaded 2 times (x 79B)
Class org.objectweb.asm.MethodWriter                                                  : loaded 2 times (x 106B)
Class [Lcom.google.common.cache.Weigher;                                              : loaded 2 times (x 69B)
Class com.google.common.collect.RegularImmutableMap$BucketOverflowException           : loaded 2 times (x 82B)
Class com.google.common.collect.ImmutableMultimap$1                                   : loaded 2 times (x 82B)
Class com.google.common.collect.AbstractMapBasedMultimap$RandomAccessWrappedList      : loaded 2 times (x 205B)
Class com.google.common.collect.ImmutableMultimap$2                                   : loaded 2 times (x 81B)
Class com.google.common.reflect.Types$JavaVersion$1                                   : loaded 2 times (x 83B)
Class com.google.common.collect.RegularImmutableBiMap                                 : loaded 2 times (x 149B)
Class com.google.common.cache.LocalCache$ValueReference                               : loaded 2 times (x 70B)
Class com.google.common.base.CharMatcher$Negated                                      : loaded 2 times (x 113B)
Class com.google.common.base.CharMatcher$Is                                           : loaded 2 times (x 111B)
Class com.google.common.reflect.Types$JavaVersion$2                                   : loaded 2 times (x 83B)
Class com.google.common.reflect.Types                                                 : loaded 2 times (x 71B)
Class com.google.common.hash.PrimitiveSink                                            : loaded 2 times (x 70B)
Class com.google.common.base.PatternCompiler                                          : loaded 2 times (x 70B)
Class com.google.common.util.concurrent.AbstractFuture$Failure                        : loaded 2 times (x 72B)
Class com.google.common.base.Equivalence$Equals                                       : loaded 2 times (x 82B)
Class com.google.common.collect.Hashing                                               : loaded 2 times (x 71B)
Class com.google.common.base.Preconditions                                            : loaded 2 times (x 71B)
Class com.google.common.collect.ImmutableSetMultimap                                  : loaded 2 times (x 180B)
Class com.google.common.io.CharSink                                                   : loaded 2 times (x 79B)
Class com.google.common.reflect.Types$JavaVersion$3                                   : loaded 2 times (x 83B)
Class com.google.common.base.Joiner$1                                                 : loaded 2 times (x 80B)
Class org.objectweb.asm.Label                                                         : loaded 2 times (x 73B)
Class org.objectweb.asm.CurrentFrame                                                  : loaded 2 times (x 73B)
Class org.objectweb.asm.ClassTooLargeException                                        : loaded 2 times (x 83B)
Class com.google.common.base.CharMatcher                                              : loaded 2 times (x 111B)
Class com.google.common.collect.PeekingIterator                                       : loaded 2 times (x 70B)
Class com.google.common.collect.MapMakerInternalMap$InternalEntryHelper               : loaded 2 times (x 70B)
Class com.google.common.collect.Maps$IteratorBasedAbstractMap                         : loaded 2 times (x 125B)
Class com.google.common.collect.Table                                                 : loaded 2 times (x 70B)
Class com.google.common.reflect.Types$JavaVersion$4                                   : loaded 2 times (x 83B)
Class com.google.common.collect.RangeGwtSerializationDependencies                     : loaded 2 times (x 71B)
Class com.google.common.base.Joiner$2                                                 : loaded 2 times (x 79B)
Class org.objectweb.asm.Frame                                                         : loaded 2 times (x 73B)
Class org.objectweb.asm.MethodVisitor                                                 : loaded 2 times (x 105B)
Class com.google.common.cache.LocalCache$EntryFactory$1                               : loaded 2 times (x 83B)
Class [Lcom.google.common.cache.RemovalListener;                                      : loaded 2 times (x 69B)
Class com.google.common.base.CharMatcher$1                                            : loaded 2 times (x 113B)
Class com.google.common.base.CharMatcher$NamedFastMatcher                             : loaded 2 times (x 112B)
Class com.google.common.reflect.Types$JavaVersion$5                                   : loaded 2 times (x 71B)
Class [Lcom.google.common.reflect.Types$ClassOwnership;                               : loaded 2 times (x 69B)
Class com.google.common.collect.RangeSet                                              : loaded 2 times (x 70B)
Class com.google.common.cache.LocalCache$EntryFactory$2                               : loaded 2 times (x 83B)
Class org.gradle.api.internal.classpath.GlobalCacheRootsProvider                      : loaded 2 times (x 70B)
Class com.google.common.collect.CollectCollectors                                     : loaded 2 times (x 71B)
Class org.objectweb.asm.ModuleWriter                                                  : loaded 2 times (x 82B)
Class com.google.common.cache.LocalCache$EntryFactory$3                               : loaded 2 times (x 83B)
Class com.google.common.base.Ticker$1                                                 : loaded 2 times (x 72B)
Class com.google.common.collect.Maps$BiMapConverter                                   : loaded 2 times (x 90B)
Class com.google.common.collect.ImmutableMapEntrySet$RegularEntrySet                  : loaded 2 times (x 152B)
Class com.google.common.collect.SetMultimap                                           : loaded 2 times (x 70B)
Class com.google.common.cache.LocalCache$EntryFactory$4                               : loaded 2 times (x 83B)
Class com.google.common.base.CharMatcher$InRange                                      : loaded 2 times (x 111B)
Class com.google.common.collect.ImmutableSet$Builder                                  : loaded 2 times (x 85B)
Class com.google.common.io.ByteStreams$1                                              : loaded 2 times (x 85B)
Class com.google.common.cache.LocalCache$EntryFactory$5                               : loaded 2 times (x 83B)
Class Build_gradle                                                                    : loaded 2 times (x 130B)
Class com.google.common.cache.LocalCache$EntryFactory$6                               : loaded 2 times (x 83B)
Class org.gradle.internal.installation.CurrentGradleInstallationLocator               : loaded 2 times (x 71B)
Class com.google.common.collect.ImmutableMultimap$Builder                             : loaded 2 times (x 86B)
Class com.google.common.collect.Maps$KeySet                                           : loaded 2 times (x 137B)
Class com.google.common.cache.LocalCache$EntryFactory$7                               : loaded 2 times (x 83B)
Class com.google.common.collect.ImmutableSet$EmptySetBuilderImpl                      : loaded 2 times (x 76B)
Class com.google.common.collect.ImmutableList                                         : loaded 2 times (x 206B)
Class org.gradle.internal.service.DefaultServiceLocator                               : loaded 2 times (x 83B)
Class com.google.common.collect.ImmutableMultimap$EntryCollection                     : loaded 2 times (x 128B)
Class com.google.common.collect.Maps$EntrySet                                         : loaded 2 times (x 136B)
Class com.google.common.cache.LocalCache$EntryFactory$8                               : loaded 2 times (x 83B)
Class com.google.common.collect.ImmutableSet$SetBuilderImpl                           : loaded 2 times (x 76B)
Class org.gradle.internal.installation.CurrentGradleInstallation                      : loaded 2 times (x 73B)
Class com.google.common.cache.CacheLoader$1                                           : loaded 2 times (x 75B)
Class com.google.common.collect.ForwardingObject                                      : loaded 2 times (x 72B)
Class com.google.common.collect.ImmutableList$SubList                                 : loaded 2 times (x 209B)
Class org.gradle.util.internal.GUtil                                                  : loaded 2 times (x 71B)
Class com.google.common.io.ByteSource                                                 : loaded 2 times (x 84B)
Class com.google.common.util.concurrent.AbstractFuture$SetFuture                      : loaded 2 times (x 75B)
Class com.google.common.cache.AbstractCache$StatsCounter                              : loaded 2 times (x 70B)
Class com.google.common.collect.MapMakerInternalMap$1                                 : loaded 2 times (x 83B)
Class com.google.common.io.LineBuffer                                                 : loaded 2 times (x 75B)
Class com.google.common.reflect.Types$TypeVariableImpl                                : loaded 2 times (x 72B)
Class com.google.common.collect.Iterators$MergingIterator                             : loaded 2 times (x 81B)
Class com.google.common.collect.RegularImmutableSet                                   : loaded 2 times (x 149B)
Class org.gradle.internal.installation.GradleInstallation                             : loaded 2 times (x 75B)
Class com.google.common.base.Splitter$Strategy                                        : loaded 2 times (x 70B)
Class com.google.common.collect.Iterables                                             : loaded 2 times (x 71B)

---------------  S Y S T E M  ---------------

OS:
 Windows 11 , 64 bit Build 26100 (10.0.26100.7920)
OS uptime: 0 days 4:10 hours

CPU: total 4 (initial active 4) (2 cores per cpu, 2 threads per core) family 6 model 140 stepping 1 microcode 0xb4, cx8, cmov, fxsr, ht, mmx, 3dnowpref, sse, sse2, sse3, ssse3, sse4.1, sse4.2, popcnt, lzcnt, tsc, tscinvbit, avx, avx2, aes, erms, clmul, bmi1, bmi2, adx, avx512f, avx512dq, avx512cd, avx512bw, avx512vl, sha, fma, vzeroupper, avx512_vpopcntdq, avx512_vpclmulqdq, avx512_vaes, avx512_vnni, clflush, clflushopt, clwb, avx512_vbmi2, avx512_vbmi, rdtscp, rdpid, fsrm, gfni, avx512_bitalg, f16c, pku, cet_ibt, cet_ss, avx512_ifma
Processor Information for the first 4 processors :
  Max Mhz: 2901, Current Mhz: 2901, Mhz Limit: 2901

Memory: 4k page, system-wide physical 7834M (56M free)
TotalPageFile size 20334M (AvailPageFile size 282M)
current process WorkingSet (physical memory assigned to process): 320M, peak: 541M
current process commit charge ("private bytes"): 828M, peak: 1486M

vm_info: OpenJDK 64-Bit Server VM (21.0.9+-14787801-b1163.94) for windows-amd64 JRE (21.0.9+-14787801-b1163.94), built on 2026-01-27T21:15:44Z by "builder" with MS VC++ 16.10 / 16.11 (VS2019)

END.
