version 2
JvmtiExport can_access_local_variables 0
JvmtiExport can_hotswap_or_post_breakpoint 1
JvmtiExport can_post_on_exceptions 0
# 404 ciObject found
instanceKlass org/jetbrains/kotlin/fir/resolve/providers/FirSymbolNamesProvider
ciInstanceKlass kotlin/jvm/internal/Intrinsics 1 1 278 10 7 10 10 10 10 10 10 100 10 10 10 100 10 10 100 10 8 8 10 100 10 10 100 10 10 100 10 10 8 8 8 8 10 10 10 10 10 100 10 10 10 10 8 8 10 10 10 8 10 100 10 10 10 10 100 8 8 10 8 10 10 10 100 10 7 100 1 1 1 1 1 1 1 1 1 1 1 1 1 1 1 1 1 1 1 1 1 1 1 1 1 1 1 1 1 1 1 1 1 1 1 1 1 1 1 1 1 1 1 1 1 1 1 1 1 1 1 1 1 1 1 1 1 1 100 1 1 1 1 1 1 1 1 1 1 1 1 1 1 1 1 1 1 1 1 1 1 1 1 1 1 1 1 1 1 1 1 1 100 1 1 1 1 1 1 1 1 1 1 1 1 1 1 1 1 1 100 1 1 1 12 1 12 12 12 12 12 1 12 12 1 1 1 1 12 1 12 1 1 1 1 1 1 12 12 12 100 12 12 1 100 12 100 12 100 12 12 1 1 100 12 100 12 1 12 1 12 12 12 1 1 1 12 1 12 100 100 12 12 1 1 1 1 1 1 1 1 1 1 1 1 1 1 1 1 1 1 1 1 1 1 1 1 1 1 1 1 1 1 1 1 1 1 1 1 1
ciInstanceKlass kotlin/jvm/internal/markers/KMappedMarker 1 0 22 1 100 1 100 1 1 3 3 3 1 1 3 1 1 1 1 1 1 1 1 1
ciInstanceKlass kotlin/reflect/KAnnotatedElement 1 0 29 1 100 1 100 1 1 1 1 1 1 3 3 3 1 1 3 1 1 1 1 1 1 1 1 1 1 1 1
ciInstanceKlass java/util/LinkedHashMap 1 1 386 9 7 12 1 1 1 9 12 1 1 9 12 1 9 7 12 1 1 9 12 1 10 7 12 1 1 1 10 12 1 1 10 12 1 1 9 12 1 9 12 1 1 9 12 1 10 12 1 1 100 1 10 10 12 1 1 10 12 1 10 12 1 1 9 12 1 1 9 12 1 10 12 1 1 10 100 12 1 1 1 10 12 1 10 12 1 10 12 10 12 1 1 10 100 12 1 1 1 10 12 1 1 10 12 1 1 9 7 1 10 12 1 10 12 1 1 9 12 1 1 7 1 10 12 1 7 1 100 1 10 10 12 1 1 10 12 1 1 9 12 1 1 7 1 10 7 1 10 12 1 9 12 1 7 1 10 100 1 10 11 100 12 1 1 1 100 1 10 11 100 12 1 1 100 1 100 1 10 8 1 10 12 1 1 10 12 1 10 12 1 1 10 12 1 10 12 1 1 10 100 1 10 12 1 100 1 1 1 1 5 0 1 1 1 3 1 3 1 3 1 1 1 1 1 1 1 1 1 1 1 1 1 1 1 1 1 1 1 1 1 1 1 1 1 1 1 1 1 1 1 1 1 1 1 1 1 1 1 1 1 1 1 1 1 1 1 100 1 1 1 1 1 1 1 1 100 1 1 1 1 1 1 1 1 1 1 1 1 1 1 1 1 1 1 1 1 1 1 1 1 1 1 1 1 100 1 1 1 1 1 1 1 1 1 1 1 1 1 1 100 1 1 1 1 1 1 1 1 1 100 1 1 1 1 1 1 1 1 1 1 1 1 1 1 1 1 1 1 1 1 1 1 1 1 1 1 1 1 1 1 1 100 1 100 1 100 1 100 1 1 1 1 1 100 1 100 1 1 1 1 1 1 1 1 1
ciInstanceKlass java/util/zip/ZipFile$Source$Key 1 1 84 10 7 12 1 1 1 9 7 12 1 1 1 9 12 1 1 10 7 12 1 1 1 9 12 1 1 100 1 5 0 11 7 12 1 1 1 10 7 12 1 1 1 10 7 12 1 1 1 10 12 1 1 11 12 1 1 10 10 1 1 1 1 1 1 1 1 1 1 1 1 1 1 1 1 1 1 100 1 1 100 1 1 1
ciInstanceKlass java/util/SequencedMap 1 1 157 11 100 12 1 1 1 11 100 12 1 1 1 11 100 12 1 1 1 100 1 11 12 1 1 100 1 10 12 1 1 11 12 1 1 11 12 1 1 100 1 10 12 100 1 10 12 1 100 1 10 100 1 10 100 1 100 1 1 1 1 1 1 1 1 1 1 1 1 1 1 1 1 1 1 1 1 1 1 1 1 1 1 1 1 1 1 1 1 1 1 1 1 1 1 1 1 1 1 1 1 1 1 1 1 1 1 100 1 8 1 1 12 10 1 1 1 8 1 1 1 8 1 1 8 1 1 1 8 1 1 1 8 1 1 1 8 1 1 1 8 1 1 1 8 1 1 1 8 1 1 1 8 1 1 8 1
ciInstanceKlass java/lang/Character$CharacterCache 1 1 59 10 100 12 1 1 1 7 1 10 7 12 1 1 1 9 7 12 1 1 1 10 7 12 1 1 1 9 12 1 1 10 12 1 9 12 1 100 1 10 1 1 1 1 1 1 1 1 1 1 1 1 1 100 1 1 1 1 1
staticfield java/lang/Character$CharacterCache cache [Ljava/lang/Character; 128 [Ljava/lang/Character;
staticfield java/lang/Character$CharacterCache $assertionsDisabled Z 1
# instanceKlass java/util/function/IntUnaryOperator$$Lambda+0x00000001001787f0
instanceKlass org/jetbrains/kotlin/fir/scopes/impl/FirTypeIntersectionScopeContext$WhenMappings
instanceKlass  @bci org/jetbrains/kotlin/fir/scopes/impl/FirTypeIntersectionScopeContext$ResultOfIntersection$NonTrivial <init> (Lorg/jetbrains/kotlin/fir/scopes/impl/FirTypeIntersectionScopeContext;Ljava/util/List;Ljava/util/List;Lorg/jetbrains/kotlin/fir/scopes/FirTypeScope;Z)V 44 <appendix> member <vmtarget> ; # org/jetbrains/kotlin/fir/scopes/impl/FirTypeIntersectionScopeContext$ResultOfIntersection$NonTrivial$$Lambda+0x000000010070b0f0
instanceKlass  @bci org/jetbrains/kotlin/fir/declarations/DeclarationUtilsKt nonSubsumed (Ljava/util/Collection;)Ljava/util/List; 166 <appendix> member <vmtarget> ; # org/jetbrains/kotlin/fir/declarations/DeclarationUtilsKt$$Lambda+0x000000010070ae98
instanceKlass  @bci org/jetbrains/kotlin/fir/resolve/dfa/FirDataFlowAnalyzer exitWhileLoop (Lorg/jetbrains/kotlin/fir/expressions/FirLoop;)V 78 <appendix> member <vmtarget> ; # org/jetbrains/kotlin/fir/resolve/dfa/FirDataFlowAnalyzer$$Lambda+0x000000010070ac40
instanceKlass org/jetbrains/kotlin/fir/java/scopes/JavaClassUseSiteMemberScope$doesOverrideRenamedBuiltins$$inlined$collectMembersGroupedByScope$1
instanceKlass org/jetbrains/kotlin/fir/java/scopes/BuiltinMethodsWithDifferentJvmName
instanceKlass  @bci org/jetbrains/kotlin/fir/java/scopes/JavaScopeUtilsKt getOverriddenBuiltinWithDifferentJvmName (Lorg/jetbrains/kotlin/fir/symbols/impl/FirCallableSymbol;Lorg/jetbrains/kotlin/fir/scopes/FirTypeScope;Lorg/jetbrains/kotlin/fir/FirSession;)Lorg/jetbrains/kotlin/fir/symbols/impl/FirCallableSymbol; 71 <appendix> member <vmtarget> ; # org/jetbrains/kotlin/fir/java/scopes/JavaScopeUtilsKt$$Lambda+0x000000010070a2d0
instanceKlass  @bci org/jetbrains/kotlin/fir/resolve/dfa/FirDataFlowAnalyzer exitWhileLoopCondition (Lorg/jetbrains/kotlin/fir/expressions/FirLoop;)V 52 <appendix> member <vmtarget> ; # org/jetbrains/kotlin/fir/resolve/dfa/FirDataFlowAnalyzer$$Lambda+0x000000010070a078
instanceKlass  @bci org/jetbrains/kotlin/fir/resolve/dfa/FirDataFlowAnalyzer enterWhileLoop (Lorg/jetbrains/kotlin/fir/expressions/FirLoop;)V 66 <appendix> member <vmtarget> ; # org/jetbrains/kotlin/fir/resolve/dfa/FirDataFlowAnalyzer$$Lambda+0x0000000100709910
instanceKlass org/jetbrains/kotlin/fir/expressions/builder/FirIntegerLiteralOperatorCallBuilder
instanceKlass org/jetbrains/kotlin/types/AbstractFlexibilityChecker
instanceKlass  @bci org/jetbrains/kotlin/fir/resolve/inference/PostponedArgumentsAnalyzer createSubstituteFunctorForLambdaAnalysis (Lorg/jetbrains/kotlin/resolve/calls/components/PostponedArgumentsAnalyzerContext;)Lkotlin/jvm/functions/Function1; 175 <appendix> member <vmtarget> ; # org/jetbrains/kotlin/fir/resolve/inference/PostponedArgumentsAnalyzer$$Lambda+0x0000000100708250
instanceKlass  @bci org/jetbrains/kotlin/resolve/calls/inference/components/ConstraintSystemCompletionContext hasLambdaToAnalyze (Lorg/jetbrains/kotlin/config/LanguageVersionSettings;Ljava/util/List;)Z 15 <appendix> argL0 ; # org/jetbrains/kotlin/resolve/calls/inference/components/ConstraintSystemCompletionContext$$Lambda+0x0000000100708000
instanceKlass kotlin/jvm/internal/CharCompanionObject
instanceKlass  @bci org/jetbrains/kotlin/fir/resolve/dfa/FirDataFlowAnalyzer exitVariableInitialization (Lorg/jetbrains/kotlin/fir/resolve/dfa/MutableFlow;Lorg/jetbrains/kotlin/fir/expressions/FirExpression;Lorg/jetbrains/kotlin/fir/declarations/FirProperty;Lorg/jetbrains/kotlin/fir/expressions/FirExpression;Z)V 261 <appendix> member <vmtarget> ; # org/jetbrains/kotlin/fir/resolve/dfa/FirDataFlowAnalyzer$$Lambda+0x0000000100705b20
instanceKlass org/jetbrains/kotlin/resolve/calls/inference/components/ResultTypeResolver$sinkIntegerLiteralTypes$1$containsILT$1
instanceKlass  @bci org/jetbrains/kotlin/fir/java/scopes/JavaClassUseSiteMemberScope getBuiltinSpecialPropertyGetterName (Lorg/jetbrains/kotlin/fir/symbols/impl/FirPropertySymbol;)Lorg/jetbrains/kotlin/name/Name; 14 <appendix> member <vmtarget> ; # org/jetbrains/kotlin/fir/java/scopes/JavaClassUseSiteMemberScope$$Lambda+0x0000000100705000
instanceKlass org/jetbrains/kotlin/fir/analysis/checkers/FirHelpersKt
instanceKlass org/jetbrains/kotlin/fir/java/SyntheticPropertiesCacheKey
instanceKlass org/jetbrains/kotlin/fir/declarations/builder/FirTypeAliasBuilder
instanceKlass  @bci org/jetbrains/kotlin/fir/deserialization/AbstractFirDeserializedSymbolProvider findAndDeserializeTypeAlias (Lorg/jetbrains/kotlin/name/ClassId;)Lkotlin/Pair; 99 <appendix> member <vmtarget> ; # org/jetbrains/kotlin/fir/deserialization/AbstractFirDeserializedSymbolProvider$$Lambda+0x00000001007070d8
instanceKlass org/jetbrains/kotlin/resolve/jvm/KotlinJavaPsiFacade$3
instanceKlass  @bci org/jetbrains/kotlin/fir/scopes/impl/FirScopeWithCallableCopyReturnTypeUpdater processPropertiesByName (Lorg/jetbrains/kotlin/name/Name;Lkotlin/jvm/functions/Function1;)V 19 <appendix> member <vmtarget> ; # org/jetbrains/kotlin/fir/scopes/impl/FirScopeWithCallableCopyReturnTypeUpdater$$Lambda+0x0000000100706000
instanceKlass org/jetbrains/kotlin/fir/expressions/builder/FirSmartCastExpressionBuilder
instanceKlass org/jetbrains/kotlin/fir/resolve/dfa/Operation$WhenMappings
instanceKlass  @bci org/jetbrains/kotlin/fir/resolve/dfa/LogicSystem approveOperationStatement (Ljava/util/Map;Lorg/jetbrains/kotlin/fir/resolve/dfa/OperationStatement;Z)Ljava/util/Map; 264 <adapter> ; # java/lang/invoke/LambdaForm$MH+0x0000000100704c00
# instanceKlass java/lang/invoke/LambdaForm$DMH+0x0000000100704800
instanceKlass  @bci org/jetbrains/kotlin/fir/resolve/dfa/LogicSystem approveOperationStatement (Ljava/util/Map;Lorg/jetbrains/kotlin/fir/resolve/dfa/OperationStatement;Z)Ljava/util/Map; 264 <appendix> form vmentry <vmtarget> ; # java/lang/invoke/LambdaForm$DMH+0x0000000100704400
instanceKlass  @bci org/jetbrains/kotlin/fir/resolve/dfa/LogicSystem approveOperationStatement (Ljava/util/Map;Lorg/jetbrains/kotlin/fir/resolve/dfa/OperationStatement;Z)Ljava/util/Map; 264 <appendix> member <vmtarget> ; # org/jetbrains/kotlin/fir/resolve/dfa/LogicSystem$$Lambda+0x0000000100702980
instanceKlass  @cpi org/jetbrains/kotlin/fir/resolve/dfa/LogicSystem 723 form vmentry <vmtarget> ; # java/lang/invoke/LambdaForm$DMH+0x0000000100704000
instanceKlass  @bci org/jetbrains/kotlin/fir/resolve/dfa/FirDataFlowAnalyzer mergeBinaryLogicOperatorFlow (Lorg/jetbrains/kotlin/fir/resolve/dfa/cfg/AbstractBinaryExitNode;)V 7 <appendix> member <vmtarget> ; # org/jetbrains/kotlin/fir/resolve/dfa/FirDataFlowAnalyzer$$Lambda+0x0000000100702218
instanceKlass  @bci org/jetbrains/kotlin/fir/resolve/dfa/FirDataFlowAnalyzer exitLeftBinaryLogicExpressionArgument (Lorg/jetbrains/kotlin/fir/expressions/FirBinaryLogicExpression;)V 46 <appendix> member <vmtarget> ; # org/jetbrains/kotlin/fir/resolve/dfa/FirDataFlowAnalyzer$$Lambda+0x0000000100701fc0
instanceKlass org/jetbrains/kotlin/fir/resolve/dfa/cfg/ControlFlowGraphBuilder$WhenMappings
instanceKlass  @bci org/jetbrains/kotlin/fir/resolve/calls/FirSyntheticPropertiesScope setterTypeIsConsistentWithGetterType$processOverrides (Lorg/jetbrains/kotlin/fir/resolve/calls/FirSyntheticPropertiesScope;Lorg/jetbrains/kotlin/name/Name;Lorg/jetbrains/kotlin/fir/symbols/impl/FirNamedFunctionSymbol;Lorg/jetbrains/kotlin/fir/symbols/impl/FirNamedFunctionSymbol;)Z 19 <appendix> member <vmtarget> ; # org/jetbrains/kotlin/fir/resolve/calls/FirSyntheticPropertiesScope$$Lambda+0x0000000100701620
instanceKlass java/util/RegularEnumSet$EnumSetIterator
instanceKlass org/jetbrains/kotlin/fir/java/JavaTypeConversionKt$WhenMappings
instanceKlass org/jetbrains/kotlin/utils/SmartList$1
instanceKlass org/jetbrains/kotlin/fir/java/declarations/FirJavaValueParameterKt$buildJavaValueParameterCopy$1
instanceKlass org/jetbrains/kotlin/fir/java/declarations/FirJavaMethodKt$buildJavaMethodCopy$1
instanceKlass org/jetbrains/kotlin/fir/java/scopes/JavaScopeUtilsKt$firstOverriddenCallable$1
instanceKlass  @bci org/jetbrains/kotlin/fir/java/scopes/BuiltinMethodsWithSpecialGenericSignature getOverriddenBuiltinFunctionWithErasedValueParametersInJava (Lorg/jetbrains/kotlin/fir/symbols/impl/FirNamedFunctionSymbol;Lorg/jetbrains/kotlin/fir/scopes/FirTypeScope;)Lorg/jetbrains/kotlin/fir/symbols/impl/FirNamedFunctionSymbol; 29 <appendix> argL0 ; # org/jetbrains/kotlin/fir/java/scopes/BuiltinMethodsWithSpecialGenericSignature$$Lambda+0x0000000100700470
instanceKlass org/jetbrains/kotlin/fir/java/scopes/BuiltinMethodsWithSpecialGenericSignature
instanceKlass org/jetbrains/kotlin/fir/java/scopes/JavaScopeUtilsKt
instanceKlass  @bci org/jetbrains/kotlin/fir/java/scopes/JavaClassUseSiteMemberScope computeJvmDescriptor (Lorg/jetbrains/kotlin/fir/declarations/FirFunction;Ljava/lang/String;Z)Ljava/lang/String; 5 <appendix> member <vmtarget> ; # org/jetbrains/kotlin/fir/java/scopes/JavaClassUseSiteMemberScope$$Lambda+0x00000001006fbd68
instanceKlass org/jetbrains/kotlin/fir/java/scopes/JavaClassUseSiteMemberScope$shouldBeVisibleAsOverrideOfBuiltInWithErasedValueParameters$$inlined$collectIntersectionResultsForCallables$1
instanceKlass  @bci org/jetbrains/kotlin/fir/scopes/impl/FirOverrideUtilsKt overrides (Lorg/jetbrains/kotlin/fir/scopes/MemberWithBaseScope;Lorg/jetbrains/kotlin/fir/symbols/impl/FirCallableSymbol;Lkotlin/jvm/functions/Function3;)Z 45 <appendix> member <vmtarget> ; # org/jetbrains/kotlin/fir/scopes/impl/FirOverrideUtilsKt$$Lambda+0x00000001006fb168
instanceKlass org/jetbrains/kotlin/fir/scopes/impl/FirOverrideUtilsKt
instanceKlass kotlin/jvm/internal/ShortCompanionObject
instanceKlass kotlin/jvm/internal/ByteCompanionObject
instanceKlass java/lang/Byte$ByteCache
instanceKlass  @bci org/jetbrains/kotlin/fir/resolve/dfa/FirDataFlowAnalyzer exitElvis$lambda$62 (ZLorg/jetbrains/kotlin/fir/expressions/FirElvisExpression;Lorg/jetbrains/kotlin/fir/resolve/dfa/FirDataFlowAnalyzer;Lorg/jetbrains/kotlin/fir/resolve/dfa/cfg/ElvisExitNode;Lorg/jetbrains/kotlin/fir/resolve/dfa/FlowPath;Lorg/jetbrains/kotlin/fir/resolve/dfa/MutableFlow;)Lkotlin/Unit; 26 <appendix> member <vmtarget> ; # org/jetbrains/kotlin/fir/resolve/dfa/FirDataFlowAnalyzer$$Lambda+0x00000001006fa258
instanceKlass  @bci org/jetbrains/kotlin/fir/resolve/dfa/FirDataFlowAnalyzer exitElvis (Lorg/jetbrains/kotlin/fir/expressions/FirElvisExpression;ZZ)V 29 <adapter> ; # java/lang/invoke/LambdaForm$MH+0x00000001006f9800
# instanceKlass java/lang/invoke/LambdaForm$DMH+0x00000001006f9400
instanceKlass  @bci org/jetbrains/kotlin/fir/resolve/dfa/FirDataFlowAnalyzer exitElvis (Lorg/jetbrains/kotlin/fir/expressions/FirElvisExpression;ZZ)V 29 <appendix> form vmentry <vmtarget> ; # java/lang/invoke/LambdaForm$DMH+0x00000001006f9000
instanceKlass  @bci org/jetbrains/kotlin/fir/resolve/dfa/FirDataFlowAnalyzer exitElvis (Lorg/jetbrains/kotlin/fir/expressions/FirElvisExpression;ZZ)V 29 <appendix> member <vmtarget> ; # org/jetbrains/kotlin/fir/resolve/dfa/FirDataFlowAnalyzer$$Lambda+0x00000001006fa000
instanceKlass  @cpi org/jetbrains/kotlin/fir/resolve/dfa/FirDataFlowAnalyzer 2326 form vmentry <vmtarget> ; # java/lang/invoke/LambdaForm$DMH+0x00000001006f8c00
instanceKlass  @bci org/jetbrains/kotlin/fir/resolve/dfa/FirDataFlowAnalyzer exitElvisLhs (Lorg/jetbrains/kotlin/fir/expressions/FirElvisExpression;)V 79 <appendix> member <vmtarget> ; # org/jetbrains/kotlin/fir/resolve/dfa/FirDataFlowAnalyzer$$Lambda+0x00000001006ffc28
instanceKlass  @bci org/jetbrains/kotlin/fir/resolve/dfa/FirDataFlowAnalyzer exitElvisLhs (Lorg/jetbrains/kotlin/fir/expressions/FirElvisExpression;)V 62 <appendix> member <vmtarget> ; # org/jetbrains/kotlin/fir/resolve/dfa/FirDataFlowAnalyzer$$Lambda+0x00000001006ff9d0
instanceKlass org/jetbrains/kotlin/fir/scopes/FirOverrideService$MemberWithBaseScopeAndReturnType
instanceKlass org/jetbrains/kotlin/fir/caches/FirCacheWithPostComputeKt
instanceKlass org/jetbrains/kotlin/fir/scopes/FirTypeScopeKt$anyOverriddenOf$$inlined$anyOverriddenOf$1
instanceKlass org/jetbrains/kotlin/fir/declarations/FirDeclarationOriginKt
instanceKlass  @bci org/jetbrains/kotlin/fir/scopes/jvm/JvmMappedScope processFunctionsByName$lambda$13 (Ljava/util/List;Lorg/jetbrains/kotlin/fir/scopes/jvm/JvmMappedScope;Lorg/jetbrains/kotlin/name/Name;)Ljava/util/Set; 110 <appendix> member <vmtarget> ; # org/jetbrains/kotlin/fir/scopes/jvm/JvmMappedScope$$Lambda+0x00000001006fe0f8
instanceKlass org/jetbrains/kotlin/diagnostics/WhenMissingCase
instanceKlass org/jetbrains/kotlin/fir/expressions/ExhaustivenessStatus$NotExhaustive$Companion
instanceKlass org/jetbrains/kotlin/kotlinx/collections/immutable/implementations/immutableMap/MapEntry
instanceKlass org/jetbrains/kotlin/kotlinx/collections/immutable/implementations/immutableMap/PersistentHashMapBuilderEntriesIterator
instanceKlass org/jetbrains/kotlin/resolve/calls/inference/model/ConstraintStorageKt$WhenMappings
instanceKlass org/jetbrains/kotlin/resolve/calls/inference/model/ConstraintStorageKt
instanceKlass  @bci org/jetbrains/kotlin/fir/types/ConeTypeContext hasRecursiveBounds (Lorg/jetbrains/kotlin/types/model/TypeParameterMarker;Lorg/jetbrains/kotlin/types/model/TypeConstructorMarker;)Z 146 <appendix> member <vmtarget> ; # org/jetbrains/kotlin/fir/types/ConeTypeContext$$Lambda+0x00000001006f6238
instanceKlass  @bci org/jetbrains/kotlin/resolve/calls/inference/components/TrivialConstraintTypeInferenceOracle containsOnlyNonNullableNothing (Lorg/jetbrains/kotlin/types/model/KotlinTypeMarker;)Z 3 <appendix> member <vmtarget> ; # org/jetbrains/kotlin/resolve/calls/inference/components/TrivialConstraintTypeInferenceOracle$$Lambda+0x00000001006f5fe0
instanceKlass  @bci org/jetbrains/kotlin/resolve/calls/inference/components/TrivialConstraintTypeInferenceOracle isGeneratedConstraintTrivial (Lorg/jetbrains/kotlin/resolve/calls/inference/model/Constraint;Lorg/jetbrains/kotlin/resolve/calls/inference/model/Constraint;Lorg/jetbrains/kotlin/types/model/KotlinTypeMarker;Z)Z 84 <appendix> member <vmtarget> ; # org/jetbrains/kotlin/resolve/calls/inference/components/TrivialConstraintTypeInferenceOracle$$Lambda+0x00000001006f5d88
instanceKlass  @bci org/jetbrains/kotlin/resolve/calls/inference/components/TrivialConstraintTypeInferenceOracle isGeneratedConstraintTrivial (Lorg/jetbrains/kotlin/resolve/calls/inference/model/Constraint;Lorg/jetbrains/kotlin/resolve/calls/inference/model/Constraint;Lorg/jetbrains/kotlin/types/model/KotlinTypeMarker;Z)Z 65 <appendix> member <vmtarget> ; # org/jetbrains/kotlin/resolve/calls/inference/components/TrivialConstraintTypeInferenceOracle$$Lambda+0x00000001006f5b30
instanceKlass  @bci org/jetbrains/kotlin/fir/resolve/inference/FirDelegatedPropertyInferenceSession completeCandidatesForRootSession ()Ljava/util/List; 288 <appendix> member <vmtarget> ; # org/jetbrains/kotlin/fir/resolve/inference/FirDelegatedPropertyInferenceSession$$Lambda+0x00000001006f58d8
instanceKlass  @cpi org/jetbrains/kotlin/fir/resolve/inference/FirDelegatedPropertyInferenceSession 512 form vmentry <vmtarget> ; # java/lang/invoke/LambdaForm$DMH+0x00000001006f8800
instanceKlass  @bci org/jetbrains/kotlin/fir/resolve/transformers/body/resolve/FirDeclarationsResolveTransformer transformPropertyAccessorsWithDelegate (Lorg/jetbrains/kotlin/fir/declarations/FirProperty;Lorg/jetbrains/kotlin/fir/expressions/FirExpression;Z)V 387 <appendix> member <vmtarget> ; # org/jetbrains/kotlin/fir/resolve/transformers/body/resolve/FirDeclarationsResolveTransformer$$Lambda+0x00000001006f5680
instanceKlass  @cpi org/jetbrains/kotlin/fir/resolve/transformers/body/resolve/FirDeclarationsResolveTransformer 1206 form vmentry <vmtarget> ; # java/lang/invoke/LambdaForm$DMH+0x00000001006f8400
instanceKlass  @bci org/jetbrains/kotlin/types/AbstractTypeApproximator approximateToSubType (Lorg/jetbrains/kotlin/types/model/KotlinTypeMarker;Lorg/jetbrains/kotlin/types/TypeApproximatorConfiguration;I)Lorg/jetbrains/kotlin/types/model/KotlinTypeMarker; 195 <appendix> member <vmtarget> ; # org/jetbrains/kotlin/types/AbstractTypeApproximator$$Lambda+0x00000001006f51e8
instanceKlass  @bci org/jetbrains/kotlin/resolve/calls/inference/components/ConstraintIncorporatorKt getNestedArguments (Lorg/jetbrains/kotlin/types/model/TypeSystemInferenceExtensionContext;Lorg/jetbrains/kotlin/types/model/KotlinTypeMarker;)Ljava/util/List; 108 <appendix> member <vmtarget> ; # org/jetbrains/kotlin/resolve/calls/inference/components/ConstraintIncorporatorKt$$Lambda+0x00000001006f4f90
instanceKlass org/jetbrains/kotlin/resolve/calls/inference/components/ConstraintIncorporatorKt
instanceKlass org/jetbrains/kotlin/types/AbstractTypeApproximator$ApproximationResult
instanceKlass  @bci org/jetbrains/kotlin/types/AbstractTypeApproximator approximateCapturedType (Lorg/jetbrains/kotlin/types/model/CapturedTypeMarker;Lorg/jetbrains/kotlin/types/TypeApproximatorConfiguration;ZI)Lorg/jetbrains/kotlin/types/model/KotlinTypeMarker; 262 <appendix> member <vmtarget> ; # org/jetbrains/kotlin/types/AbstractTypeApproximator$$Lambda+0x00000001006f48c0
instanceKlass  @bci org/jetbrains/kotlin/types/AbstractTypeApproximator approximateCapturedType (Lorg/jetbrains/kotlin/types/model/CapturedTypeMarker;Lorg/jetbrains/kotlin/types/TypeApproximatorConfiguration;ZI)Lorg/jetbrains/kotlin/types/model/KotlinTypeMarker; 243 <appendix> member <vmtarget> ; # org/jetbrains/kotlin/types/AbstractTypeApproximator$$Lambda+0x00000001006f4668
instanceKlass  @bci org/jetbrains/kotlin/types/AbstractTypeApproximator approximateToSuperType (Lorg/jetbrains/kotlin/types/model/KotlinTypeMarker;Lorg/jetbrains/kotlin/types/TypeApproximatorConfiguration;I)Lorg/jetbrains/kotlin/types/model/KotlinTypeMarker; 195 <appendix> member <vmtarget> ; # org/jetbrains/kotlin/types/AbstractTypeApproximator$$Lambda+0x00000001006f4410
instanceKlass  @bci org/jetbrains/kotlin/resolve/calls/inference/components/ConstraintIncorporator approximateIfNeededAndAddNewConstraint (Lorg/jetbrains/kotlin/resolve/calls/inference/components/ConstraintIncorporator$Context;Lorg/jetbrains/kotlin/types/model/TypeVariableMarker;Lorg/jetbrains/kotlin/resolve/calls/inference/model/Constraint;Lorg/jetbrains/kotlin/types/model/TypeVariableMarker;Lorg/jetbrains/kotlin/resolve/calls/inference/model/Constraint;Lorg/jetbrains/kotlin/types/model/KotlinTypeMarker;Z)V 20 <appendix> member <vmtarget> ; # org/jetbrains/kotlin/resolve/calls/inference/components/ConstraintIncorporator$$Lambda+0x00000001006f41b8
instanceKlass  @cpi org/jetbrains/kotlin/resolve/calls/inference/components/ConstraintIncorporator 373 form vmentry <vmtarget> ; # java/lang/invoke/LambdaForm$DMH+0x00000001006f8000
instanceKlass org/jetbrains/kotlin/fir/types/ConeInferenceContext$WhenMappings
instanceKlass org/jetbrains/kotlin/resolve/calls/inference/components/ConstraintIncorporator$WhenMappings
instanceKlass org/jetbrains/kotlin/fir/declarations/builder/FirErrorFunctionBuilder
instanceKlass org/jetbrains/kotlin/fir/resolve/calls/candidate/ErrorCandidateUtilsKt
instanceKlass org/jetbrains/kotlin/fir/resolve/diagnostics/ConeUnresolvedNameError
instanceKlass org/jetbrains/kotlin/fir/resolve/diagnostics/ConeUnresolvedError
instanceKlass  @bci org/jetbrains/kotlin/fir/scopes/impl/FirClassSubstitutionScope processClassifiersByNameWithSubstitution (Lorg/jetbrains/kotlin/name/Name;Lkotlin/jvm/functions/Function2;)V 19 <appendix> member <vmtarget> ; # org/jetbrains/kotlin/fir/scopes/impl/FirClassSubstitutionScope$$Lambda+0x00000001006f20b0
instanceKlass org/jetbrains/kotlin/fir/resolve/SupertypeUtilsKt$WhenMappings
instanceKlass org/jetbrains/kotlin/load/java/structure/JavaTypesKt
instanceKlass  @bci org/jetbrains/kotlin/types/model/MarkerExtensionsKt dependsOnTypeConstructor (Lorg/jetbrains/kotlin/types/model/KotlinTypeMarker;Lorg/jetbrains/kotlin/types/model/TypeSystemInferenceExtensionContext;Ljava/util/Set;)Z 27 <appendix> member <vmtarget> ; # org/jetbrains/kotlin/types/model/MarkerExtensionsKt$$Lambda+0x00000001006f19e8
instanceKlass org/jetbrains/kotlin/fir/resolve/dfa/FirLocalVariableAssignmentAnalyzer$Companion$Assignment
instanceKlass org/jetbrains/kotlin/fir/resolve/dfa/cfg/ControlFlowGraphBuilder$exitClass$$inlined$sortedBy$1
instanceKlass org/jetbrains/kotlin/fir/expressions/ExhaustivenessStatusKt
instanceKlass org/jetbrains/kotlin/fir/FirEnumWhenTrackerComponent
instanceKlass org/jetbrains/kotlin/fir/FirEnumWhenTrackerComponentKt
instanceKlass org/jetbrains/kotlin/fir/expressions/ExhaustivenessStatus
instanceKlass  @bci org/jetbrains/kotlin/fir/resolve/dfa/FirDataFlowAnalyzer getVariableIfStable (Lorg/jetbrains/kotlin/fir/resolve/dfa/Flow;Lorg/jetbrains/kotlin/fir/FirElement;)Lorg/jetbrains/kotlin/fir/resolve/dfa/DataFlowVariable; 7 <appendix> member <vmtarget> ; # org/jetbrains/kotlin/fir/resolve/dfa/FirDataFlowAnalyzer$$Lambda+0x00000001006eeb00
instanceKlass  @bci org/jetbrains/kotlin/fir/resolve/dfa/FirDataFlowAnalyzer exitWhenBranchCondition (Lorg/jetbrains/kotlin/fir/expressions/FirWhenBranch;)V 52 <appendix> member <vmtarget> ; # org/jetbrains/kotlin/fir/resolve/dfa/FirDataFlowAnalyzer$$Lambda+0x00000001006ee8a8
instanceKlass org/jetbrains/kotlin/fir/scopes/impl/FirClassSubstitutionScope$SubstitutedData
instanceKlass org/jetbrains/kotlin/fir/scopes/impl/FirFakeOverrideGenerator
instanceKlass  @bci org/jetbrains/kotlin/fir/scopes/jvm/JvmMappedScope processFunctionsByName (Lorg/jetbrains/kotlin/name/Name;Lkotlin/jvm/functions/Function1;)V 111 <appendix> member <vmtarget> ; # org/jetbrains/kotlin/fir/scopes/jvm/JvmMappedScope$$Lambda+0x00000001006eb850
instanceKlass  @bci org/jetbrains/kotlin/fir/scopes/jvm/JvmMappedScope processFunctionsByName (Lorg/jetbrains/kotlin/name/Name;Lkotlin/jvm/functions/Function1;)V 44 <appendix> member <vmtarget> ; # org/jetbrains/kotlin/fir/scopes/jvm/JvmMappedScope$$Lambda+0x00000001006eb5f8
instanceKlass org/jetbrains/kotlin/fir/scopes/FirPlatformDeclarationFilter
instanceKlass org/jetbrains/kotlin/fir/scopes/jvm/FirJvmPlatformDeclarationFilter
instanceKlass  @bci org/jetbrains/kotlin/fir/scopes/jvm/JvmMappedScope processFunctionsByName (Lorg/jetbrains/kotlin/name/Name;Lkotlin/jvm/functions/Function1;)V 33 <appendix> member <vmtarget> ; # org/jetbrains/kotlin/fir/scopes/jvm/JvmMappedScope$$Lambda+0x00000001006eaf30
instanceKlass org/jetbrains/kotlin/fir/resolve/dfa/UtilKt$WhenMappings
instanceKlass  @bci org/jetbrains/kotlin/fir/resolve/dfa/FirDataFlowAnalyzer exitEqualityOperatorCall (Lorg/jetbrains/kotlin/fir/expressions/FirEqualityOperatorCall;)V 292 <adapter> ; # java/lang/invoke/LambdaForm$MH+0x00000001006ecc00
# instanceKlass java/lang/invoke/LambdaForm$DMH+0x00000001006ec800
instanceKlass  @bci org/jetbrains/kotlin/fir/resolve/dfa/FirDataFlowAnalyzer exitEqualityOperatorCall (Lorg/jetbrains/kotlin/fir/expressions/FirEqualityOperatorCall;)V 292 <appendix> form vmentry <vmtarget> ; # java/lang/invoke/LambdaForm$DMH+0x00000001006ec400
instanceKlass  @bci org/jetbrains/kotlin/fir/resolve/dfa/FirDataFlowAnalyzer exitEqualityOperatorCall (Lorg/jetbrains/kotlin/fir/expressions/FirEqualityOperatorCall;)V 292 <appendix> member <vmtarget> ; # org/jetbrains/kotlin/fir/resolve/dfa/FirDataFlowAnalyzer$$Lambda+0x00000001006ea6b8
instanceKlass  @cpi org/jetbrains/kotlin/fir/resolve/dfa/FirDataFlowAnalyzer 1040 form vmentry <vmtarget> ; # java/lang/invoke/LambdaForm$DMH+0x00000001006ec000
instanceKlass  @bci org/jetbrains/kotlin/fir/resolve/dfa/FirDataFlowAnalyzer mergeWhenBranchEntryFlow (Lorg/jetbrains/kotlin/fir/resolve/dfa/cfg/CFGNode;)V 4 <appendix> member <vmtarget> ; # org/jetbrains/kotlin/fir/resolve/dfa/FirDataFlowAnalyzer$$Lambda+0x00000001006e9cc8
instanceKlass  @bci org/jetbrains/kotlin/fir/resolve/transformers/body/resolve/FirControlFlowStatementsResolveTransformer transformWhenExpression (Lorg/jetbrains/kotlin/fir/expressions/FirWhenExpression;Lorg/jetbrains/kotlin/fir/resolve/ResolutionMode;)Lorg/jetbrains/kotlin/fir/expressions/FirStatement; 144 <appendix> member <vmtarget> ; # org/jetbrains/kotlin/fir/resolve/transformers/body/resolve/FirControlFlowStatementsResolveTransformer$$Lambda+0x00000001006e97e8
instanceKlass org/jetbrains/kotlin/fir/resolve/inference/CalculatorForNestedCall$FixationDirectionForVariable
instanceKlass org/jetbrains/kotlin/fir/resolve/inference/CalculatorForNestedCall$WhenMappings
instanceKlass  @bci org/jetbrains/kotlin/fir/resolve/inference/CalculatorForNestedCall computeDirections (Lorg/jetbrains/kotlin/resolve/calls/inference/components/ConstraintSystemCompletionContext;)V 47 <appendix> member <vmtarget> ; # org/jetbrains/kotlin/fir/resolve/inference/CalculatorForNestedCall$$Lambda+0x00000001006e8000
instanceKlass  @bci org/jetbrains/kotlin/fir/resolve/inference/CalculatorForNestedCall <init> (Lorg/jetbrains/kotlin/fir/resolve/calls/candidate/Candidate;Lorg/jetbrains/kotlin/fir/types/ConeKotlinType;Lorg/jetbrains/kotlin/resolve/calls/inference/components/ConstraintSystemCompletionContext;Lorg/jetbrains/kotlin/resolve/calls/inference/components/TrivialConstraintTypeInferenceOracle;)V 96 <appendix> member <vmtarget> ; # org/jetbrains/kotlin/fir/resolve/inference/CalculatorForNestedCall$$Lambda+0x00000001006e4400
instanceKlass org/jetbrains/kotlin/fir/resolve/inference/CalculatorForNestedCall
instanceKlass  @bci org/jetbrains/kotlin/fir/scopes/impl/FirClassSubstitutionScope processFunctionsByName (Lorg/jetbrains/kotlin/name/Name;Lkotlin/jvm/functions/Function1;)V 19 <appendix> member <vmtarget> ; # org/jetbrains/kotlin/fir/scopes/impl/FirClassSubstitutionScope$$Lambda+0x00000001006e4a58
instanceKlass  @bci org/jetbrains/kotlin/fir/scopes/impl/FirClassSubstitutionScope processPropertiesByName (Lorg/jetbrains/kotlin/name/Name;Lkotlin/jvm/functions/Function1;)V 19 <appendix> member <vmtarget> ; # org/jetbrains/kotlin/fir/scopes/impl/FirClassSubstitutionScope$$Lambda+0x00000001006e4800
instanceKlass org/jetbrains/kotlin/com/intellij/psi/EmptySubstitutor$Holder
instanceKlass org/jetbrains/kotlin/com/intellij/psi/EmptySubstitutor
instanceKlass org/jetbrains/kotlin/com/intellij/psi/infos/CandidateInfo
instanceKlass  @bci org/jetbrains/kotlin/com/intellij/psi/impl/compiled/StubBuildingVisitor parseMethodDescription (Ljava/lang/String;[Ljava/lang/String;)Lorg/jetbrains/kotlin/com/intellij/psi/impl/compiled/StubBuildingVisitor$MethodInfo; 39 <appendix> member <vmtarget> ; # org/jetbrains/kotlin/com/intellij/psi/impl/compiled/StubBuildingVisitor$$Lambda+0x00000001006e74e8
instanceKlass org/jetbrains/kotlin/com/intellij/psi/impl/compiled/StubBuildingVisitor$MethodInfo
instanceKlass  @bci org/jetbrains/kotlin/com/intellij/psi/impl/compiled/StubBuildingVisitor$FieldAnnotationCollectingVisitor visitAnnotation (Ljava/lang/String;Z)Lorg/jetbrains/org/objectweb/asm/AnnotationVisitor; 10 <appendix> member <vmtarget> ; # org/jetbrains/kotlin/com/intellij/psi/impl/compiled/StubBuildingVisitor$FieldAnnotationCollectingVisitor$$Lambda+0x00000001006e33a0
instanceKlass org/jetbrains/kotlin/com/intellij/psi/impl/cache/TypeAnnotationContainer$Collector
instanceKlass org/jetbrains/kotlin/com/intellij/psi/impl/compiled/SignatureParsing
instanceKlass org/jetbrains/kotlin/com/intellij/psi/impl/compiled/SignatureParsing$CharIterator
instanceKlass java/lang/Character$Subset
instanceKlass  @bci org/jetbrains/kotlin/com/intellij/psi/impl/compiled/StubBuildingVisitor visit (IILjava/lang/String;Ljava/lang/String;Ljava/lang/String;[Ljava/lang/String;)V 400 <appendix> argL0 ; # org/jetbrains/kotlin/com/intellij/psi/impl/compiled/StubBuildingVisitor$$Lambda+0x00000001006e21e8
instanceKlass  @bci org/jetbrains/kotlin/cli/jvm/compiler/KotlinCliJavaFileManagerImpl findPsiClass (Lorg/jetbrains/kotlin/name/ClassId;Lorg/jetbrains/kotlin/com/intellij/psi/search/GlobalSearchScope;)Lorg/jetbrains/kotlin/com/intellij/psi/PsiClass; 7 <appendix> member <vmtarget> ; # org/jetbrains/kotlin/cli/jvm/compiler/KotlinCliJavaFileManagerImpl$$Lambda+0x00000001006e1f90
instanceKlass  @bci org/jetbrains/kotlin/com/intellij/psi/impl/JavaPsiFacadeImpl findClass (Ljava/lang/String;Lorg/jetbrains/kotlin/com/intellij/psi/search/GlobalSearchScope;)Lorg/jetbrains/kotlin/com/intellij/psi/PsiClass; 24 <appendix> argL0 ; # org/jetbrains/kotlin/com/intellij/psi/impl/JavaPsiFacadeImpl$$Lambda+0x00000001006e1a60
instanceKlass org/jetbrains/kotlin/com/intellij/util/containers/EmptyIterator
instanceKlass  @bci org/jetbrains/kotlin/com/intellij/psi/impl/source/ClassInnerStuffCache internMembers (Ljava/util/List;)Ljava/util/List; 2 <appendix> member <vmtarget> ; # org/jetbrains/kotlin/com/intellij/psi/impl/source/ClassInnerStuffCache$$Lambda+0x00000001006e1538
instanceKlass  @bci org/jetbrains/kotlin/com/intellij/psi/augment/PsiAugmentProvider collectAugments (Lorg/jetbrains/kotlin/com/intellij/psi/PsiElement;Ljava/lang/Class;Ljava/lang/String;)Ljava/util/List; 36 <appendix> member <vmtarget> ; # org/jetbrains/kotlin/com/intellij/psi/augment/PsiAugmentProvider$$Lambda+0x00000001006e10b8
instanceKlass  @cpi org/jetbrains/kotlin/com/intellij/psi/augment/PsiAugmentProvider 166 form vmentry <vmtarget> ; # java/lang/invoke/LambdaForm$DMH+0x00000001006e4000
instanceKlass org/jetbrains/kotlin/com/intellij/util/CachedValueLeakChecker
instanceKlass org/jetbrains/kotlin/com/intellij/psi/util/CachedValuesManager$1
instanceKlass  @bci org/jetbrains/kotlin/com/intellij/psi/util/CachedValuesManager getProjectPsiDependentCache (Lorg/jetbrains/kotlin/com/intellij/psi/PsiElement;Ljava/util/function/Function;)Ljava/lang/Object; 31 <appendix> member <vmtarget> ; # org/jetbrains/kotlin/com/intellij/psi/util/CachedValuesManager$$Lambda+0x00000001006e09c8
instanceKlass  @bci org/jetbrains/kotlin/com/intellij/psi/impl/source/ClassInnerStuffCache getInnerClasses ()[Lorg/jetbrains/kotlin/com/intellij/psi/PsiClass; 5 <appendix> member <vmtarget> ; # org/jetbrains/kotlin/com/intellij/psi/impl/source/ClassInnerStuffCache$$Lambda+0x00000001006e0750
instanceKlass org/jetbrains/kotlin/com/intellij/psi/PsiDeclarationStatement
instanceKlass org/jetbrains/kotlin/it/unimi/dsi/fastutil/objects/Object2IntOpenHashMap$MapIterator
instanceKlass org/jetbrains/kotlin/com/intellij/psi/impl/cache/ModifierFlags
instanceKlass  @bci org/jetbrains/kotlin/com/intellij/psi/PsiTypeParameter <clinit> ()V 7 <appendix> argL0 ; # org/jetbrains/kotlin/com/intellij/psi/PsiTypeParameter$$Lambda+0x00000001006df5c0
instanceKlass org/jetbrains/kotlin/com/intellij/psi/impl/PsiImplUtil
instanceKlass  @bci org/jetbrains/kotlin/com/intellij/psi/util/PsiUtil <clinit> ()V 77 <appendix> argL0 ; # org/jetbrains/kotlin/com/intellij/psi/util/PsiUtil$$Lambda+0x00000001006de5e8
instanceKlass  @bci org/jetbrains/kotlin/com/intellij/psi/PsiTypeElement <clinit> ()V 7 <appendix> argL0 ; # org/jetbrains/kotlin/com/intellij/psi/PsiTypeElement$$Lambda+0x00000001006de398
instanceKlass  @bci org/jetbrains/kotlin/com/intellij/util/IdempotenceChecker <clinit> ()V 57 <appendix> argL0 ; # org/jetbrains/kotlin/com/intellij/util/IdempotenceChecker$$Lambda+0x00000001006dded8
instanceKlass  @bci org/jetbrains/kotlin/com/intellij/util/IdempotenceChecker <clinit> ()V 46 <appendix> argL0 ; # org/jetbrains/kotlin/com/intellij/util/IdempotenceChecker$$Lambda+0x00000001006ddc88
instanceKlass  @bci org/jetbrains/kotlin/com/intellij/util/IdempotenceChecker <clinit> ()V 21 <appendix> argL0 ; # org/jetbrains/kotlin/com/intellij/util/IdempotenceChecker$$Lambda+0x00000001006dda38
instanceKlass java/util/Collections$SynchronizedCollection
instanceKlass org/jetbrains/kotlin/com/intellij/util/IdempotenceChecker
instanceKlass  @bci org/jetbrains/kotlin/com/intellij/psi/impl/source/resolve/ResolveCache loggingResolver (Ljava/lang/Object;Lorg/jetbrains/kotlin/com/intellij/openapi/util/Computable;)Lorg/jetbrains/kotlin/com/intellij/openapi/util/Computable; 20 <appendix> member <vmtarget> ; # org/jetbrains/kotlin/com/intellij/psi/impl/source/resolve/ResolveCache$$Lambda+0x00000001006dd580
instanceKlass  @bci org/jetbrains/kotlin/com/intellij/psi/impl/source/resolve/ResolveCache resolveWithCaching (Lorg/jetbrains/kotlin/com/intellij/psi/PsiPolyVariantReference;Lorg/jetbrains/kotlin/com/intellij/psi/impl/source/resolve/ResolveCache$PolyVariantContextResolver;ZZLorg/jetbrains/kotlin/com/intellij/psi/PsiFile;)[Lorg/jetbrains/kotlin/com/intellij/psi/ResolveResult; 76 <appendix> member <vmtarget> ; # org/jetbrains/kotlin/com/intellij/psi/impl/source/resolve/ResolveCache$$Lambda+0x00000001006dd300
instanceKlass org/jetbrains/kotlin/com/intellij/psi/impl/compiled/ClsJavaCodeReferenceElementImpl$Resolver
instanceKlass  @bci java/util/regex/CharPredicates ASCII_SPACE ()Ljava/util/regex/Pattern$BmpCharPredicate; 0 <appendix> argL0 ; # java/util/regex/CharPredicates$$Lambda+0x0000000100176d40
instanceKlass org/jetbrains/kotlin/com/intellij/psi/PsiNameHelper
instanceKlass org/jetbrains/kotlin/com/intellij/lang/jvm/types/JvmArrayType
instanceKlass org/jetbrains/kotlin/com/intellij/psi/impl/cache/TypeAnnotationContainer
instanceKlass  @bci org/jetbrains/kotlin/com/intellij/psi/PsiJavaCodeReferenceElement <clinit> ()V 7 <appendix> argL0 ; # org/jetbrains/kotlin/com/intellij/psi/PsiJavaCodeReferenceElement$$Lambda+0x00000001006dbc08
instanceKlass  @bci org/jetbrains/kotlin/com/intellij/psi/PsiReference <clinit> ()V 7 <appendix> argL0 ; # org/jetbrains/kotlin/com/intellij/psi/PsiReference$$Lambda+0x00000001006daef0
instanceKlass org/jetbrains/kotlin/com/intellij/psi/impl/source/resolve/ResolveCache$PolyVariantContextResolver
instanceKlass org/jetbrains/kotlin/com/intellij/psi/PsiReferenceParameterList
instanceKlass org/jetbrains/kotlin/load/java/structure/impl/JavaElementCollectionFromPsiArrayUtil
instanceKlass  @bci org/jetbrains/kotlin/com/intellij/psi/impl/compiled/ClsAnnotationImpl <init> (Lorg/jetbrains/kotlin/com/intellij/psi/impl/java/stubs/PsiAnnotationStub;)V 20 <appendix> member <vmtarget> ; # org/jetbrains/kotlin/com/intellij/psi/impl/compiled/ClsAnnotationImpl$$Lambda+0x00000001006da0c0
instanceKlass  @bci org/jetbrains/kotlin/com/intellij/psi/impl/compiled/ClsAnnotationImpl <init> (Lorg/jetbrains/kotlin/com/intellij/psi/impl/java/stubs/PsiAnnotationStub;)V 7 <appendix> member <vmtarget> ; # org/jetbrains/kotlin/com/intellij/psi/impl/compiled/ClsAnnotationImpl$$Lambda+0x00000001006d7c68
instanceKlass org/jetbrains/kotlin/com/intellij/psi/PsiAnnotatedJavaCodeReferenceElement
instanceKlass  @bci org/jetbrains/kotlin/fir/java/FirJavaElementFinder findClass (Ljava/lang/String;Lorg/jetbrains/kotlin/com/intellij/psi/search/GlobalSearchScope;)Lorg/jetbrains/kotlin/com/intellij/psi/PsiClass; 37 <appendix> argL0 ; # org/jetbrains/kotlin/fir/java/FirJavaElementFinder$$Lambda+0x00000001006d2810
instanceKlass org/jetbrains/kotlin/com/intellij/psi/impl/source/ClassInnerStuffCache
instanceKlass  @bci org/jetbrains/kotlin/com/intellij/psi/impl/compiled/ClsMemberImpl <init> (Lorg/jetbrains/kotlin/com/intellij/psi/impl/java/stubs/PsiMemberStub;)V 33 <appendix> member <vmtarget> ; # org/jetbrains/kotlin/com/intellij/psi/impl/compiled/ClsMemberImpl$$Lambda+0x00000001006d2378
instanceKlass org/jetbrains/kotlin/com/intellij/psi/javadoc/PsiDocComment
instanceKlass org/jetbrains/kotlin/com/intellij/psi/PsiDocCommentBase
instanceKlass  @bci org/jetbrains/kotlin/com/intellij/psi/PsiClass <clinit> ()V 7 <appendix> argL0 ; # org/jetbrains/kotlin/com/intellij/psi/PsiClass$$Lambda+0x00000001006d1cc8
instanceKlass org/jetbrains/kotlin/com/intellij/psi/stubs/StubSpine
instanceKlass org/jetbrains/kotlin/com/intellij/psi/impl/source/StubbedSpine
instanceKlass org/jetbrains/kotlin/com/intellij/psi/stubs/MaterialStubList$1
instanceKlass org/jetbrains/kotlin/com/intellij/psi/stubs/Hash
instanceKlass org/jetbrains/kotlin/com/intellij/psi/stubs/StrippedIntOpenHashMap
instanceKlass  @bci org/jetbrains/kotlin/com/intellij/util/containers/Unsafe compareAndSwapLong (Ljava/lang/Object;JJJ)Z 16 <adapter> ; # java/lang/invoke/LambdaForm$MH+0x00000001006d4c00
instanceKlass  @bci org/jetbrains/kotlin/com/intellij/util/containers/Unsafe compareAndSwapObject (Ljava/lang/Object;JLjava/lang/Object;Ljava/lang/Object;)Z 8 <adapter> ; # java/lang/invoke/LambdaForm$MH+0x00000001006d4800
instanceKlass  @bci org/jetbrains/kotlin/com/intellij/util/containers/Unsafe getObjectVolatile (Ljava/lang/Object;J)Ljava/lang/Object; 5 <adapter> ; # java/lang/invoke/LambdaForm$MH+0x00000001006d4400
instanceKlass  @bci org/jetbrains/kotlin/com/intellij/util/containers/Unsafe compareAndSwapInt (Ljava/lang/Object;JII)Z 8 <adapter> ; # java/lang/invoke/LambdaForm$MH+0x00000001006d4000
instanceKlass org/jetbrains/kotlin/com/intellij/psi/stubs/StubList$2
instanceKlass org/jetbrains/kotlin/com/intellij/util/containers/ConcurrentIntObjectHashMap$CollectionView
instanceKlass org/jetbrains/kotlin/com/intellij/util/containers/ConcurrentIntObjectHashMap$CounterCell
instanceKlass org/jetbrains/kotlin/com/intellij/util/containers/ConcurrentIntObjectHashMap$Node
instanceKlass org/jetbrains/kotlin/com/intellij/util/containers/IntObjectMap$Entry
instanceKlass org/jetbrains/kotlin/com/intellij/util/containers/ConcurrentIntObjectHashMap
instanceKlass  @bci org/jetbrains/kotlin/com/intellij/psi/impl/compiled/AnnotationTextCollector visitArray (Ljava/lang/String;)Lorg/jetbrains/org/objectweb/asm/AnnotationVisitor; 25 <appendix> member <vmtarget> ; # org/jetbrains/kotlin/com/intellij/psi/impl/compiled/AnnotationTextCollector$$Lambda+0x00000001006cd468
instanceKlass  @bci org/jetbrains/kotlin/com/intellij/psi/impl/compiled/StubBuildingVisitor visitAnnotation (Ljava/lang/String;Z)Lorg/jetbrains/org/objectweb/asm/AnnotationVisitor; 10 <appendix> member <vmtarget> ; # org/jetbrains/kotlin/com/intellij/psi/impl/compiled/StubBuildingVisitor$$Lambda+0x00000001006cd1d8
instanceKlass org/jetbrains/kotlin/com/intellij/util/Consumer
instanceKlass org/jetbrains/kotlin/com/intellij/util/containers/ContainerUtilRt
instanceKlass  @bci org/jetbrains/kotlin/com/intellij/psi/impl/compiled/FirstPassData createTypes ([Ljava/lang/String;)Ljava/util/List; 10 <appendix> member <vmtarget> ; # org/jetbrains/kotlin/com/intellij/psi/impl/compiled/FirstPassData$$Lambda+0x00000001006cbb10
instanceKlass org/jetbrains/kotlin/com/intellij/psi/impl/compiled/SignatureParsing$TypeParametersDeclaration
instanceKlass org/jetbrains/kotlin/com/intellij/psi/impl/compiled/StubBuildingVisitor$ClassInfo
instanceKlass org/jetbrains/kotlin/com/intellij/psi/JavaTokenType
instanceKlass java/util/stream/Sink$ChainedReference
instanceKlass java/util/stream/ForEachOps$ForEachOp
instanceKlass java/util/stream/TerminalSink
instanceKlass java/util/stream/ForEachOps
instanceKlass  @bci org/jetbrains/kotlin/one/util/streamex/EntryStream toMapConsumer (Ljava/util/Map;)Ljava/util/function/Consumer; 1 <appendix> member <vmtarget> ; # org/jetbrains/kotlin/one/util/streamex/EntryStream$$Lambda+0x00000001006c9f70
instanceKlass  @bci org/jetbrains/kotlin/one/util/streamex/EntryStream nonNullKeys ()Lorg/jetbrains/kotlin/one/util/streamex/EntryStream; 1 <appendix> argL0 ; # org/jetbrains/kotlin/one/util/streamex/EntryStream$$Lambda+0x00000001006c9cf0
instanceKlass  @bci org/jetbrains/kotlin/one/util/streamex/StreamEx mapToEntry (Ljava/util/function/Function;Ljava/util/function/Function;)Lorg/jetbrains/kotlin/one/util/streamex/EntryStream; 13 <appendix> member <vmtarget> ; # org/jetbrains/kotlin/one/util/streamex/StreamEx$$Lambda+0x00000001006c9a78
instanceKlass  @bci org/jetbrains/kotlin/com/intellij/psi/impl/cache/TypeInfo <clinit> ()V 255 <appendix> argL0 ; # org/jetbrains/kotlin/com/intellij/psi/impl/cache/TypeInfo$$Lambda+0x00000001006c9150
instanceKlass  @bci org/jetbrains/kotlin/com/intellij/psi/impl/cache/TypeInfo <clinit> ()V 250 <appendix> argL0 ; # org/jetbrains/kotlin/com/intellij/psi/impl/cache/TypeInfo$$Lambda+0x00000001006c8ee0
instanceKlass org/jetbrains/kotlin/one/util/streamex/StreamContext
instanceKlass java/util/Spliterators$ArraySpliterator
instanceKlass java/util/stream/DoubleStream
instanceKlass java/util/stream/LongStream
instanceKlass java/util/stream/IntStream
instanceKlass org/jetbrains/kotlin/one/util/streamex/Internals$CloneableSpliterator
instanceKlass org/jetbrains/kotlin/one/util/streamex/BaseStreamEx
instanceKlass org/jetbrains/kotlin/it/unimi/dsi/fastutil/objects/Object2IntMap$FastEntrySet
instanceKlass org/jetbrains/kotlin/it/unimi/dsi/fastutil/objects/AbstractObject2IntFunction
instanceKlass org/jetbrains/kotlin/it/unimi/dsi/fastutil/objects/Object2IntMap
instanceKlass org/jetbrains/kotlin/it/unimi/dsi/fastutil/objects/Object2IntFunction
instanceKlass java/util/function/ToIntFunction
instanceKlass org/jetbrains/kotlin/com/intellij/util/BitUtil
instanceKlass org/jetbrains/kotlin/com/intellij/psi/impl/compiled/FirstPassData$ClassEntry
instanceKlass org/jetbrains/kotlin/com/intellij/psi/impl/compiled/FirstPassData
instanceKlass  @bci org/jetbrains/kotlin/com/intellij/psi/impl/compiled/SignatureParsing$TypeInfoProvider from (Lorg/jetbrains/kotlin/com/intellij/util/Function;)Lorg/jetbrains/kotlin/com/intellij/psi/impl/compiled/SignatureParsing$TypeInfoProvider; 1 <appendix> member <vmtarget> ; # org/jetbrains/kotlin/com/intellij/psi/impl/compiled/SignatureParsing$TypeInfoProvider$$Lambda+0x00000001006c3bf0
instanceKlass  @bci org/jetbrains/kotlin/com/intellij/psi/impl/compiled/StubBuildingVisitor <clinit> ()V 73 <appendix> argL0 ; # org/jetbrains/kotlin/com/intellij/psi/impl/compiled/StubBuildingVisitor$$Lambda+0x00000001006c3958
instanceKlass org/jetbrains/org/objectweb/asm/RecordComponentVisitor
instanceKlass org/jetbrains/kotlin/com/intellij/psi/impl/compiled/SignatureParsing$TypeInfoProvider
instanceKlass org/jetbrains/kotlin/com/intellij/psi/PsiEnumConstant
instanceKlass org/jetbrains/kotlin/com/intellij/psi/PsiConstructorCall
instanceKlass org/jetbrains/kotlin/com/intellij/psi/PsiCall
instanceKlass org/jetbrains/kotlin/com/intellij/lang/jvm/JvmEnumField
instanceKlass org/jetbrains/kotlin/com/intellij/psi/impl/compiled/ClsModifierListOwner
instanceKlass org/jetbrains/kotlin/com/intellij/psi/impl/PsiVariableEx
instanceKlass org/jetbrains/kotlin/com/intellij/psi/PsiAnonymousClass
instanceKlass org/jetbrains/kotlin/com/intellij/psi/impl/source/PsiExtensibleClass
instanceKlass org/jetbrains/kotlin/com/intellij/util/containers/UnsignedShortArrayList
instanceKlass org/jetbrains/kotlin/com/intellij/psi/stubs/MostlyUShortIntList
instanceKlass org/jetbrains/kotlin/com/intellij/psi/stubs/StubList$TempState
instanceKlass org/jetbrains/kotlin/com/intellij/psi/impl/java/stubs/StubPsiFactory
instanceKlass  @bci org/jetbrains/kotlin/com/intellij/psi/impl/compiled/ClsParsingUtil <clinit> ()V 24 <appendix> argL0 ; # org/jetbrains/kotlin/com/intellij/psi/impl/compiled/ClsParsingUtil$$Lambda+0x00000001006afa30
instanceKlass org/jetbrains/kotlin/com/intellij/psi/PsiArrayInitializerMemberValue
instanceKlass org/jetbrains/kotlin/com/intellij/psi/impl/compiled/ClsParsingUtil
instanceKlass  @bci org/jetbrains/kotlin/com/intellij/psi/impl/compiled/ClassFileStubBuilder buildStubTree (Lorg/jetbrains/kotlin/com/intellij/util/indexing/FileContent;Lorg/jetbrains/kotlin/com/intellij/psi/compiled/ClassFileDecompilers$Full;)Lorg/jetbrains/kotlin/com/intellij/psi/stubs/Stub; 28 <appendix> member <vmtarget> ; # org/jetbrains/kotlin/com/intellij/psi/impl/compiled/ClassFileStubBuilder$$Lambda+0x00000001006ae868
instanceKlass  @bci org/jetbrains/kotlin/com/intellij/psi/stubs/StubTreeBuilder buildStubTree (Lorg/jetbrains/kotlin/com/intellij/util/indexing/FileContent;Lorg/jetbrains/kotlin/com/intellij/psi/stubs/StubBuilderType;)Lorg/jetbrains/kotlin/com/intellij/psi/stubs/Stub; 78 <appendix> member <vmtarget> ; # org/jetbrains/kotlin/com/intellij/psi/stubs/StubTreeBuilder$$Lambda+0x00000001006ae610
instanceKlass org/jetbrains/kotlin/com/intellij/psi/stubs/StubBuilderType
instanceKlass  @bci org/jetbrains/kotlin/com/intellij/psi/impl/compiled/ClassFileStubBuilder getSubBuilder (Lorg/jetbrains/kotlin/com/intellij/util/indexing/FileContent;)Lorg/jetbrains/kotlin/com/intellij/psi/compiled/ClassFileDecompilers$Full; 21 <appendix> member <vmtarget> ; # org/jetbrains/kotlin/com/intellij/psi/impl/compiled/ClassFileStubBuilder$$Lambda+0x00000001006ae158
instanceKlass org/jetbrains/kotlin/com/intellij/psi/stubs/StubTreeBuilder
instanceKlass  @bci org/jetbrains/kotlin/com/intellij/util/indexing/FileContentImpl createByContent (Lorg/jetbrains/kotlin/com/intellij/openapi/vfs/VirtualFile;[B)Lorg/jetbrains/kotlin/com/intellij/util/indexing/FileContent; 35 <appendix> member <vmtarget> ; # org/jetbrains/kotlin/com/intellij/util/indexing/FileContentImpl$$Lambda+0x00000001006ad9b8
instanceKlass org/jetbrains/kotlin/com/intellij/openapi/util/NotNullComputable
instanceKlass org/jetbrains/kotlin/com/intellij/lang/LighterAST
instanceKlass org/jetbrains/kotlin/com/intellij/util/indexing/PsiDependentFileContent
instanceKlass org/jetbrains/kotlin/com/intellij/util/indexing/FileContent
instanceKlass org/jetbrains/kotlin/com/intellij/util/indexing/IndexedFile
instanceKlass  @bci org/jetbrains/kotlin/com/intellij/psi/impl/source/tree/JavaElementType <clinit> ()V 1858 <appendix> argL0 ; # org/jetbrains/kotlin/com/intellij/psi/impl/source/tree/JavaElementType$$Lambda+0x00000001006ac2d8
instanceKlass  @bci org/jetbrains/kotlin/com/intellij/psi/impl/source/tree/JavaElementType <clinit> ()V 1853 <appendix> argL0 ; # org/jetbrains/kotlin/com/intellij/psi/impl/source/tree/JavaElementType$$Lambda+0x00000001006ac068
instanceKlass  @bci org/jetbrains/kotlin/com/intellij/psi/impl/source/tree/JavaElementType <clinit> ()V 1835 <appendix> argL0 ; # org/jetbrains/kotlin/com/intellij/psi/impl/source/tree/JavaElementType$$Lambda+0x00000001006abdf8
instanceKlass  @bci org/jetbrains/kotlin/com/intellij/psi/impl/source/tree/JavaElementType <clinit> ()V 1830 <appendix> argL0 ; # org/jetbrains/kotlin/com/intellij/psi/impl/source/tree/JavaElementType$$Lambda+0x00000001006abb88
instanceKlass  @bci org/jetbrains/kotlin/com/intellij/psi/impl/source/tree/JavaElementType <clinit> ()V 1825 <appendix> argL0 ; # org/jetbrains/kotlin/com/intellij/psi/impl/source/tree/JavaElementType$$Lambda+0x00000001006ab938
instanceKlass org/jetbrains/kotlin/com/intellij/psi/impl/source/BasicJavaElementType$FrontBackTypeTextElementType$1
instanceKlass  @bci org/jetbrains/kotlin/com/intellij/psi/impl/source/tree/JavaElementType <clinit> ()V 1802 <appendix> argL0 ; # org/jetbrains/kotlin/com/intellij/psi/impl/source/tree/JavaElementType$$Lambda+0x00000001006ab468
instanceKlass  @bci org/jetbrains/kotlin/com/intellij/psi/impl/source/tree/JavaElementType <clinit> ()V 1797 <appendix> argL0 ; # org/jetbrains/kotlin/com/intellij/psi/impl/source/tree/JavaElementType$$Lambda+0x00000001006ab1f8
instanceKlass  @bci org/jetbrains/kotlin/com/intellij/psi/impl/source/tree/JavaElementType <clinit> ()V 1792 <appendix> argL0 ; # org/jetbrains/kotlin/com/intellij/psi/impl/source/tree/JavaElementType$$Lambda+0x00000001006aafa8
instanceKlass  @bci org/jetbrains/kotlin/com/intellij/psi/impl/source/BasicJavaElementType$ReferenceThinCodeFragmentElementType <init> (Ljava/util/function/Supplier;Ljava/util/function/Function;Ljava/util/function/Function;)V 28 <appendix> member <vmtarget> ; # org/jetbrains/kotlin/com/intellij/psi/impl/source/BasicJavaElementType$ReferenceThinCodeFragmentElementType$$Lambda+0x00000001006aad50
instanceKlass  @bci org/jetbrains/kotlin/com/intellij/psi/impl/source/tree/JavaElementType <clinit> ()V 1772 <appendix> argL0 ; # org/jetbrains/kotlin/com/intellij/psi/impl/source/tree/JavaElementType$$Lambda+0x00000001006aaae0
instanceKlass  @bci org/jetbrains/kotlin/com/intellij/psi/impl/source/tree/JavaElementType <clinit> ()V 1767 <appendix> argL0 ; # org/jetbrains/kotlin/com/intellij/psi/impl/source/tree/JavaElementType$$Lambda+0x00000001006aa870
instanceKlass  @bci org/jetbrains/kotlin/com/intellij/psi/impl/source/tree/JavaElementType <clinit> ()V 1762 <appendix> argL0 ; # org/jetbrains/kotlin/com/intellij/psi/impl/source/tree/JavaElementType$$Lambda+0x00000001006aa620
instanceKlass  @bci org/jetbrains/kotlin/com/intellij/psi/impl/source/BasicJavaElementType$ExpressionThinCodeFragmentElementType <init> (Ljava/util/function/Supplier;Ljava/util/function/Function;Ljava/util/function/Function;)V 28 <appendix> member <vmtarget> ; # org/jetbrains/kotlin/com/intellij/psi/impl/source/BasicJavaElementType$ExpressionThinCodeFragmentElementType$$Lambda+0x00000001006aa3c8
instanceKlass  @bci org/jetbrains/kotlin/com/intellij/psi/impl/source/tree/JavaElementType <clinit> ()V 1747 <appendix> argL0 ; # org/jetbrains/kotlin/com/intellij/psi/impl/source/tree/JavaElementType$$Lambda+0x00000001006aa158
instanceKlass  @bci org/jetbrains/kotlin/com/intellij/psi/impl/source/tree/JavaElementType <clinit> ()V 1742 <appendix> argL0 ; # org/jetbrains/kotlin/com/intellij/psi/impl/source/tree/JavaElementType$$Lambda+0x00000001006a9ee8
instanceKlass  @bci org/jetbrains/kotlin/com/intellij/psi/impl/source/tree/JavaElementType <clinit> ()V 1737 <appendix> argL0 ; # org/jetbrains/kotlin/com/intellij/psi/impl/source/tree/JavaElementType$$Lambda+0x00000001006a9c98
instanceKlass  @bci org/jetbrains/kotlin/com/intellij/psi/impl/source/BasicJavaElementType$StatementThinCodeFragmentElementType <init> (Ljava/util/function/Supplier;Ljava/util/function/Function;Ljava/util/function/Function;)V 28 <appendix> member <vmtarget> ; # org/jetbrains/kotlin/com/intellij/psi/impl/source/BasicJavaElementType$StatementThinCodeFragmentElementType$$Lambda+0x00000001006a9a40
instanceKlass  @bci org/jetbrains/kotlin/com/intellij/psi/impl/source/tree/JavaElementType <clinit> ()V 1722 <appendix> argL0 ; # org/jetbrains/kotlin/com/intellij/psi/impl/source/tree/JavaElementType$$Lambda+0x00000001006a97d0
instanceKlass  @bci org/jetbrains/kotlin/com/intellij/psi/impl/source/tree/JavaElementType <clinit> ()V 1717 <appendix> argL0 ; # org/jetbrains/kotlin/com/intellij/psi/impl/source/tree/JavaElementType$$Lambda+0x00000001006a9560
instanceKlass  @bci org/jetbrains/kotlin/com/intellij/psi/impl/source/tree/JavaElementType <clinit> ()V 1712 <appendix> argL0 ; # org/jetbrains/kotlin/com/intellij/psi/impl/source/tree/JavaElementType$$Lambda+0x00000001006a9310
instanceKlass  @bci org/jetbrains/kotlin/com/intellij/psi/impl/source/BasicJavaElementType$MemberThinCodeFragmentElementType <init> (Ljava/util/function/Supplier;Ljava/util/function/Function;Ljava/util/function/Function;)V 28 <appendix> member <vmtarget> ; # org/jetbrains/kotlin/com/intellij/psi/impl/source/BasicJavaElementType$MemberThinCodeFragmentElementType$$Lambda+0x00000001006a90b8
instanceKlass  @bci org/jetbrains/kotlin/com/intellij/psi/impl/source/tree/JavaElementType <clinit> ()V 1697 <appendix> argL0 ; # org/jetbrains/kotlin/com/intellij/psi/impl/source/tree/JavaElementType$$Lambda+0x00000001006a8e48
instanceKlass  @bci org/jetbrains/kotlin/com/intellij/psi/impl/source/tree/JavaElementType <clinit> ()V 1692 <appendix> argL0 ; # org/jetbrains/kotlin/com/intellij/psi/impl/source/tree/JavaElementType$$Lambda+0x00000001006a8bd8
instanceKlass  @bci org/jetbrains/kotlin/com/intellij/psi/impl/source/tree/JavaElementType <clinit> ()V 1687 <appendix> argL0 ; # org/jetbrains/kotlin/com/intellij/psi/impl/source/tree/JavaElementType$$Lambda+0x00000001006a8988
instanceKlass  @bci org/jetbrains/kotlin/com/intellij/psi/impl/source/tree/JavaElementType <clinit> ()V 1672 <appendix> argL0 ; # org/jetbrains/kotlin/com/intellij/psi/impl/source/tree/JavaElementType$$Lambda+0x00000001006a8718
instanceKlass org/jetbrains/kotlin/com/intellij/lang/java/parser/JavaParserUtil
instanceKlass  @bci org/jetbrains/kotlin/com/intellij/psi/impl/source/tree/JavaElementType <clinit> ()V 1667 <appendix> argL0 ; # org/jetbrains/kotlin/com/intellij/psi/impl/source/tree/JavaElementType$$Lambda+0x00000001006a8270
instanceKlass  @bci org/jetbrains/kotlin/com/intellij/psi/impl/source/tree/JavaElementType <clinit> ()V 1662 <appendix> argL0 ; # org/jetbrains/kotlin/com/intellij/psi/impl/source/tree/JavaElementType$$Lambda+0x00000001006a8000
instanceKlass org/jetbrains/kotlin/com/intellij/lang/jvm/types/JvmWildcardType
instanceKlass org/jetbrains/kotlin/com/intellij/psi/JavaResolveResult
instanceKlass  @bci org/jetbrains/kotlin/com/intellij/psi/impl/source/tree/JavaElementType <clinit> ()V 1657 <appendix> argL0 ; # org/jetbrains/kotlin/com/intellij/psi/impl/source/tree/JavaElementType$$Lambda+0x00000001006a6f00
instanceKlass  @bci org/jetbrains/kotlin/com/intellij/psi/impl/source/tree/JavaElementType <clinit> ()V 1639 <appendix> argL0 ; # org/jetbrains/kotlin/com/intellij/psi/impl/source/tree/JavaElementType$$Lambda+0x00000001006a6cb0
instanceKlass  @bci org/jetbrains/kotlin/com/intellij/psi/impl/source/tree/JavaElementType <clinit> ()V 1618 <appendix> argL0 ; # org/jetbrains/kotlin/com/intellij/psi/impl/source/tree/JavaElementType$$Lambda+0x00000001006a6a60
instanceKlass  @bci org/jetbrains/kotlin/com/intellij/psi/impl/source/tree/JavaElementType <clinit> ()V 1597 <appendix> argL0 ; # org/jetbrains/kotlin/com/intellij/psi/impl/source/tree/JavaElementType$$Lambda+0x00000001006a6810
instanceKlass  @bci org/jetbrains/kotlin/com/intellij/psi/impl/source/tree/JavaElementType <clinit> ()V 1576 <appendix> argL0 ; # org/jetbrains/kotlin/com/intellij/psi/impl/source/tree/JavaElementType$$Lambda+0x00000001006a65c0
instanceKlass  @bci org/jetbrains/kotlin/com/intellij/psi/impl/source/tree/JavaElementType <clinit> ()V 1555 <appendix> argL0 ; # org/jetbrains/kotlin/com/intellij/psi/impl/source/tree/JavaElementType$$Lambda+0x00000001006a6370
instanceKlass  @bci org/jetbrains/kotlin/com/intellij/psi/impl/source/tree/JavaElementType <clinit> ()V 1534 <appendix> argL0 ; # org/jetbrains/kotlin/com/intellij/psi/impl/source/tree/JavaElementType$$Lambda+0x00000001006a6120
instanceKlass  @bci org/jetbrains/kotlin/com/intellij/psi/impl/source/tree/JavaElementType <clinit> ()V 1513 <appendix> argL0 ; # org/jetbrains/kotlin/com/intellij/psi/impl/source/tree/JavaElementType$$Lambda+0x00000001006a5ed0
instanceKlass  @bci org/jetbrains/kotlin/com/intellij/psi/impl/source/tree/JavaElementType <clinit> ()V 1492 <appendix> argL0 ; # org/jetbrains/kotlin/com/intellij/psi/impl/source/tree/JavaElementType$$Lambda+0x00000001006a5c80
instanceKlass  @bci org/jetbrains/kotlin/com/intellij/psi/impl/source/tree/JavaElementType <clinit> ()V 1471 <appendix> argL0 ; # org/jetbrains/kotlin/com/intellij/psi/impl/source/tree/JavaElementType$$Lambda+0x00000001006a5a30
instanceKlass  @bci org/jetbrains/kotlin/com/intellij/psi/impl/source/tree/JavaElementType <clinit> ()V 1450 <appendix> argL0 ; # org/jetbrains/kotlin/com/intellij/psi/impl/source/tree/JavaElementType$$Lambda+0x00000001006a57e0
instanceKlass  @bci org/jetbrains/kotlin/com/intellij/psi/impl/source/tree/JavaElementType <clinit> ()V 1429 <appendix> argL0 ; # org/jetbrains/kotlin/com/intellij/psi/impl/source/tree/JavaElementType$$Lambda+0x00000001006a5590
instanceKlass  @bci org/jetbrains/kotlin/com/intellij/psi/impl/source/tree/JavaElementType <clinit> ()V 1408 <appendix> argL0 ; # org/jetbrains/kotlin/com/intellij/psi/impl/source/tree/JavaElementType$$Lambda+0x00000001006a5340
instanceKlass  @bci org/jetbrains/kotlin/com/intellij/psi/impl/source/tree/JavaElementType <clinit> ()V 1387 <appendix> argL0 ; # org/jetbrains/kotlin/com/intellij/psi/impl/source/tree/JavaElementType$$Lambda+0x00000001006a50f0
instanceKlass  @bci org/jetbrains/kotlin/com/intellij/psi/impl/source/tree/JavaElementType <clinit> ()V 1366 <appendix> argL0 ; # org/jetbrains/kotlin/com/intellij/psi/impl/source/tree/JavaElementType$$Lambda+0x00000001006a4ea0
instanceKlass  @bci org/jetbrains/kotlin/com/intellij/psi/impl/source/tree/JavaElementType <clinit> ()V 1345 <appendix> argL0 ; # org/jetbrains/kotlin/com/intellij/psi/impl/source/tree/JavaElementType$$Lambda+0x00000001006a4c50
instanceKlass  @bci org/jetbrains/kotlin/com/intellij/psi/impl/source/tree/JavaElementType <clinit> ()V 1324 <appendix> argL0 ; # org/jetbrains/kotlin/com/intellij/psi/impl/source/tree/JavaElementType$$Lambda+0x00000001006a4a00
instanceKlass  @bci org/jetbrains/kotlin/com/intellij/psi/impl/source/tree/JavaElementType <clinit> ()V 1303 <appendix> argL0 ; # org/jetbrains/kotlin/com/intellij/psi/impl/source/tree/JavaElementType$$Lambda+0x00000001006a47b0
instanceKlass  @bci org/jetbrains/kotlin/com/intellij/psi/impl/source/tree/JavaElementType <clinit> ()V 1282 <appendix> argL0 ; # org/jetbrains/kotlin/com/intellij/psi/impl/source/tree/JavaElementType$$Lambda+0x00000001006a4560
instanceKlass  @bci org/jetbrains/kotlin/com/intellij/psi/impl/source/tree/JavaElementType <clinit> ()V 1261 <appendix> argL0 ; # org/jetbrains/kotlin/com/intellij/psi/impl/source/tree/JavaElementType$$Lambda+0x00000001006a4310
instanceKlass  @bci org/jetbrains/kotlin/com/intellij/psi/impl/source/tree/JavaElementType <clinit> ()V 1240 <appendix> argL0 ; # org/jetbrains/kotlin/com/intellij/psi/impl/source/tree/JavaElementType$$Lambda+0x00000001006a40c0
instanceKlass  @bci org/jetbrains/kotlin/com/intellij/psi/impl/source/tree/JavaElementType <clinit> ()V 1219 <appendix> argL0 ; # org/jetbrains/kotlin/com/intellij/psi/impl/source/tree/JavaElementType$$Lambda+0x00000001006a3e70
instanceKlass  @bci org/jetbrains/kotlin/com/intellij/psi/impl/source/tree/JavaElementType <clinit> ()V 1198 <appendix> argL0 ; # org/jetbrains/kotlin/com/intellij/psi/impl/source/tree/JavaElementType$$Lambda+0x00000001006a3c20
instanceKlass  @bci org/jetbrains/kotlin/com/intellij/psi/impl/source/tree/JavaElementType <clinit> ()V 1177 <appendix> argL0 ; # org/jetbrains/kotlin/com/intellij/psi/impl/source/tree/JavaElementType$$Lambda+0x00000001006a39d0
instanceKlass  @bci org/jetbrains/kotlin/com/intellij/psi/impl/source/tree/JavaElementType <clinit> ()V 1156 <appendix> argL0 ; # org/jetbrains/kotlin/com/intellij/psi/impl/source/tree/JavaElementType$$Lambda+0x00000001006a3780
instanceKlass  @bci org/jetbrains/kotlin/com/intellij/psi/impl/source/tree/JavaElementType <clinit> ()V 1135 <appendix> argL0 ; # org/jetbrains/kotlin/com/intellij/psi/impl/source/tree/JavaElementType$$Lambda+0x00000001006a3530
instanceKlass  @bci org/jetbrains/kotlin/com/intellij/psi/impl/source/tree/JavaElementType <clinit> ()V 1114 <appendix> argL0 ; # org/jetbrains/kotlin/com/intellij/psi/impl/source/tree/JavaElementType$$Lambda+0x00000001006a32e0
instanceKlass  @bci org/jetbrains/kotlin/com/intellij/psi/impl/source/tree/JavaElementType <clinit> ()V 1093 <appendix> argL0 ; # org/jetbrains/kotlin/com/intellij/psi/impl/source/tree/JavaElementType$$Lambda+0x00000001006a3090
instanceKlass  @bci org/jetbrains/kotlin/com/intellij/psi/impl/source/tree/JavaElementType <clinit> ()V 1072 <appendix> argL0 ; # org/jetbrains/kotlin/com/intellij/psi/impl/source/tree/JavaElementType$$Lambda+0x00000001006a2e40
instanceKlass  @bci org/jetbrains/kotlin/com/intellij/psi/impl/source/tree/JavaElementType <clinit> ()V 1051 <appendix> argL0 ; # org/jetbrains/kotlin/com/intellij/psi/impl/source/tree/JavaElementType$$Lambda+0x00000001006a2bf0
instanceKlass  @bci org/jetbrains/kotlin/com/intellij/psi/impl/source/tree/JavaElementType <clinit> ()V 1030 <appendix> argL0 ; # org/jetbrains/kotlin/com/intellij/psi/impl/source/tree/JavaElementType$$Lambda+0x00000001006a29a0
instanceKlass  @bci org/jetbrains/kotlin/com/intellij/psi/impl/source/tree/JavaElementType <clinit> ()V 1009 <appendix> argL0 ; # org/jetbrains/kotlin/com/intellij/psi/impl/source/tree/JavaElementType$$Lambda+0x00000001006a2750
instanceKlass  @bci org/jetbrains/kotlin/com/intellij/psi/impl/source/tree/JavaElementType <clinit> ()V 988 <appendix> argL0 ; # org/jetbrains/kotlin/com/intellij/psi/impl/source/tree/JavaElementType$$Lambda+0x00000001006a2500
instanceKlass  @bci org/jetbrains/kotlin/com/intellij/psi/impl/source/tree/JavaElementType <clinit> ()V 967 <appendix> argL0 ; # org/jetbrains/kotlin/com/intellij/psi/impl/source/tree/JavaElementType$$Lambda+0x00000001006a22b0
instanceKlass  @bci org/jetbrains/kotlin/com/intellij/psi/impl/source/tree/JavaElementType <clinit> ()V 946 <appendix> argL0 ; # org/jetbrains/kotlin/com/intellij/psi/impl/source/tree/JavaElementType$$Lambda+0x00000001006a2060
instanceKlass  @bci org/jetbrains/kotlin/com/intellij/psi/impl/source/tree/JavaElementType <clinit> ()V 925 <appendix> argL0 ; # org/jetbrains/kotlin/com/intellij/psi/impl/source/tree/JavaElementType$$Lambda+0x00000001006a1e10
instanceKlass  @bci org/jetbrains/kotlin/com/intellij/psi/impl/source/tree/JavaElementType <clinit> ()V 904 <appendix> argL0 ; # org/jetbrains/kotlin/com/intellij/psi/impl/source/tree/JavaElementType$$Lambda+0x00000001006a1bc0
instanceKlass  @bci org/jetbrains/kotlin/com/intellij/psi/impl/source/tree/JavaElementType <clinit> ()V 883 <appendix> argL0 ; # org/jetbrains/kotlin/com/intellij/psi/impl/source/tree/JavaElementType$$Lambda+0x00000001006a1970
instanceKlass  @bci org/jetbrains/kotlin/com/intellij/psi/impl/source/tree/JavaElementType <clinit> ()V 862 <appendix> argL0 ; # org/jetbrains/kotlin/com/intellij/psi/impl/source/tree/JavaElementType$$Lambda+0x00000001006a1720
instanceKlass  @bci org/jetbrains/kotlin/com/intellij/psi/impl/source/tree/JavaElementType <clinit> ()V 841 <appendix> argL0 ; # org/jetbrains/kotlin/com/intellij/psi/impl/source/tree/JavaElementType$$Lambda+0x00000001006a14d0
instanceKlass  @bci org/jetbrains/kotlin/com/intellij/psi/impl/source/tree/JavaElementType <clinit> ()V 820 <appendix> argL0 ; # org/jetbrains/kotlin/com/intellij/psi/impl/source/tree/JavaElementType$$Lambda+0x00000001006a1280
instanceKlass  @bci org/jetbrains/kotlin/com/intellij/psi/impl/source/tree/JavaElementType <clinit> ()V 798 <appendix> argL0 ; # org/jetbrains/kotlin/com/intellij/psi/impl/source/tree/JavaElementType$$Lambda+0x00000001006a1030
instanceKlass  @bci org/jetbrains/kotlin/com/intellij/psi/impl/source/tree/JavaElementType <clinit> ()V 776 <appendix> argL0 ; # org/jetbrains/kotlin/com/intellij/psi/impl/source/tree/JavaElementType$$Lambda+0x00000001006a0de0
instanceKlass  @bci org/jetbrains/kotlin/com/intellij/psi/impl/source/tree/JavaElementType <clinit> ()V 755 <appendix> argL0 ; # org/jetbrains/kotlin/com/intellij/psi/impl/source/tree/JavaElementType$$Lambda+0x00000001006a0b90
instanceKlass  @bci org/jetbrains/kotlin/com/intellij/psi/impl/source/tree/JavaElementType <clinit> ()V 734 <appendix> argL0 ; # org/jetbrains/kotlin/com/intellij/psi/impl/source/tree/JavaElementType$$Lambda+0x00000001006a0940
instanceKlass  @bci org/jetbrains/kotlin/com/intellij/psi/impl/source/tree/JavaElementType <clinit> ()V 713 <appendix> argL0 ; # org/jetbrains/kotlin/com/intellij/psi/impl/source/tree/JavaElementType$$Lambda+0x00000001006a06f0
instanceKlass  @bci org/jetbrains/kotlin/com/intellij/psi/impl/source/tree/JavaElementType <clinit> ()V 692 <appendix> argL0 ; # org/jetbrains/kotlin/com/intellij/psi/impl/source/tree/JavaElementType$$Lambda+0x00000001006a04a0
instanceKlass  @bci org/jetbrains/kotlin/com/intellij/psi/impl/source/tree/JavaElementType <clinit> ()V 671 <appendix> argL0 ; # org/jetbrains/kotlin/com/intellij/psi/impl/source/tree/JavaElementType$$Lambda+0x00000001006a0250
instanceKlass  @bci org/jetbrains/kotlin/com/intellij/psi/impl/source/tree/JavaElementType <clinit> ()V 650 <appendix> argL0 ; # org/jetbrains/kotlin/com/intellij/psi/impl/source/tree/JavaElementType$$Lambda+0x00000001006a0000
instanceKlass  @bci org/jetbrains/kotlin/com/intellij/psi/impl/source/tree/JavaElementType <clinit> ()V 629 <appendix> argL0 ; # org/jetbrains/kotlin/com/intellij/psi/impl/source/tree/JavaElementType$$Lambda+0x000000010069fda0
instanceKlass  @bci org/jetbrains/kotlin/com/intellij/psi/impl/source/tree/JavaElementType <clinit> ()V 608 <appendix> argL0 ; # org/jetbrains/kotlin/com/intellij/psi/impl/source/tree/JavaElementType$$Lambda+0x000000010069fb50
instanceKlass  @bci org/jetbrains/kotlin/com/intellij/psi/impl/source/tree/JavaElementType <clinit> ()V 587 <appendix> argL0 ; # org/jetbrains/kotlin/com/intellij/psi/impl/source/tree/JavaElementType$$Lambda+0x000000010069f900
instanceKlass  @bci org/jetbrains/kotlin/com/intellij/psi/impl/source/tree/JavaElementType <clinit> ()V 566 <appendix> argL0 ; # org/jetbrains/kotlin/com/intellij/psi/impl/source/tree/JavaElementType$$Lambda+0x000000010069f6b0
instanceKlass  @bci org/jetbrains/kotlin/com/intellij/psi/impl/source/tree/JavaElementType <clinit> ()V 545 <appendix> argL0 ; # org/jetbrains/kotlin/com/intellij/psi/impl/source/tree/JavaElementType$$Lambda+0x000000010069f460
instanceKlass  @bci org/jetbrains/kotlin/com/intellij/psi/impl/source/tree/JavaElementType <clinit> ()V 524 <appendix> argL0 ; # org/jetbrains/kotlin/com/intellij/psi/impl/source/tree/JavaElementType$$Lambda+0x000000010069f210
instanceKlass  @bci org/jetbrains/kotlin/com/intellij/psi/impl/source/tree/JavaElementType <clinit> ()V 503 <appendix> argL0 ; # org/jetbrains/kotlin/com/intellij/psi/impl/source/tree/JavaElementType$$Lambda+0x000000010069efc0
instanceKlass  @bci org/jetbrains/kotlin/com/intellij/psi/impl/source/tree/JavaElementType <clinit> ()V 482 <appendix> argL0 ; # org/jetbrains/kotlin/com/intellij/psi/impl/source/tree/JavaElementType$$Lambda+0x000000010069ed70
instanceKlass  @bci org/jetbrains/kotlin/com/intellij/psi/impl/source/tree/JavaElementType <clinit> ()V 461 <appendix> argL0 ; # org/jetbrains/kotlin/com/intellij/psi/impl/source/tree/JavaElementType$$Lambda+0x000000010069eb20
instanceKlass  @bci org/jetbrains/kotlin/com/intellij/psi/impl/source/tree/JavaElementType <clinit> ()V 440 <appendix> argL0 ; # org/jetbrains/kotlin/com/intellij/psi/impl/source/tree/JavaElementType$$Lambda+0x000000010069e8d0
instanceKlass  @bci org/jetbrains/kotlin/com/intellij/psi/impl/source/tree/JavaElementType <clinit> ()V 419 <appendix> argL0 ; # org/jetbrains/kotlin/com/intellij/psi/impl/source/tree/JavaElementType$$Lambda+0x000000010069e680
instanceKlass  @bci org/jetbrains/kotlin/com/intellij/psi/impl/source/tree/JavaElementType <clinit> ()V 398 <appendix> argL0 ; # org/jetbrains/kotlin/com/intellij/psi/impl/source/tree/JavaElementType$$Lambda+0x000000010069e430
instanceKlass  @bci org/jetbrains/kotlin/com/intellij/psi/impl/source/tree/JavaElementType <clinit> ()V 377 <appendix> argL0 ; # org/jetbrains/kotlin/com/intellij/psi/impl/source/tree/JavaElementType$$Lambda+0x000000010069e1e0
instanceKlass  @bci org/jetbrains/kotlin/com/intellij/psi/impl/source/tree/JavaElementType <clinit> ()V 356 <appendix> argL0 ; # org/jetbrains/kotlin/com/intellij/psi/impl/source/tree/JavaElementType$$Lambda+0x000000010069df90
instanceKlass  @bci org/jetbrains/kotlin/com/intellij/psi/impl/source/tree/JavaElementType <clinit> ()V 335 <appendix> argL0 ; # org/jetbrains/kotlin/com/intellij/psi/impl/source/tree/JavaElementType$$Lambda+0x000000010069dd40
instanceKlass  @bci org/jetbrains/kotlin/com/intellij/psi/impl/source/tree/JavaElementType <clinit> ()V 314 <appendix> argL0 ; # org/jetbrains/kotlin/com/intellij/psi/impl/source/tree/JavaElementType$$Lambda+0x000000010069daf0
instanceKlass  @bci org/jetbrains/kotlin/com/intellij/psi/impl/source/tree/JavaElementType <clinit> ()V 292 <appendix> argL0 ; # org/jetbrains/kotlin/com/intellij/psi/impl/source/tree/JavaElementType$$Lambda+0x000000010069d8a0
instanceKlass  @bci org/jetbrains/kotlin/com/intellij/psi/impl/source/tree/JavaElementType <clinit> ()V 271 <appendix> argL0 ; # org/jetbrains/kotlin/com/intellij/psi/impl/source/tree/JavaElementType$$Lambda+0x000000010069d650
instanceKlass  @bci org/jetbrains/kotlin/com/intellij/psi/impl/source/tree/JavaElementType <clinit> ()V 250 <appendix> argL0 ; # org/jetbrains/kotlin/com/intellij/psi/impl/source/tree/JavaElementType$$Lambda+0x000000010069d400
instanceKlass  @bci org/jetbrains/kotlin/com/intellij/psi/impl/source/tree/JavaElementType <clinit> ()V 229 <appendix> argL0 ; # org/jetbrains/kotlin/com/intellij/psi/impl/source/tree/JavaElementType$$Lambda+0x000000010069d1b0
instanceKlass org/jetbrains/kotlin/com/intellij/psi/impl/java/stubs/PsiImportStatementStub
instanceKlass org/jetbrains/kotlin/com/intellij/psi/impl/java/stubs/PsiClassReferenceListStub
instanceKlass org/jetbrains/kotlin/com/intellij/psi/PsiReferenceList
instanceKlass org/jetbrains/kotlin/com/intellij/psi/impl/java/stubs/PsiFieldStub
instanceKlass org/jetbrains/kotlin/com/intellij/psi/impl/java/stubs/PsiMethodStub
instanceKlass org/jetbrains/kotlin/com/intellij/psi/impl/cache/TypeInfo
instanceKlass org/jetbrains/kotlin/com/intellij/psi/impl/java/stubs/PsiClassStub
instanceKlass org/jetbrains/kotlin/com/intellij/psi/impl/java/stubs/PsiPackageAccessibilityStatementStub
instanceKlass org/jetbrains/kotlin/com/intellij/psi/PsiPackageAccessibilityStatement
instanceKlass org/jetbrains/kotlin/com/intellij/psi/impl/java/stubs/PsiRecordHeaderStub
instanceKlass org/jetbrains/kotlin/com/intellij/psi/PsiRecordHeader
instanceKlass org/jetbrains/kotlin/com/intellij/psi/impl/java/stubs/PsiRecordComponentStub
instanceKlass org/jetbrains/kotlin/com/intellij/psi/impl/java/stubs/PsiMemberStub
instanceKlass org/jetbrains/kotlin/com/intellij/psi/PsiRecordComponent
instanceKlass org/jetbrains/kotlin/com/intellij/psi/impl/java/stubs/PsiProvidesStatementStub
instanceKlass org/jetbrains/kotlin/com/intellij/psi/PsiProvidesStatement
instanceKlass org/jetbrains/kotlin/com/intellij/psi/impl/java/stubs/PsiUsesStatementStub
instanceKlass org/jetbrains/kotlin/com/intellij/psi/PsiUsesStatement
instanceKlass org/jetbrains/kotlin/com/intellij/psi/impl/java/stubs/PsiRequiresStatementStub
instanceKlass org/jetbrains/kotlin/com/intellij/psi/PsiRequiresStatement
instanceKlass org/jetbrains/kotlin/com/intellij/psi/PsiStatement
instanceKlass org/jetbrains/kotlin/com/intellij/psi/impl/java/stubs/PsiJavaModuleStub
instanceKlass org/jetbrains/kotlin/com/intellij/psi/PsiJavaModule
instanceKlass org/jetbrains/kotlin/com/intellij/psi/impl/java/stubs/PsiImportListStub
instanceKlass org/jetbrains/kotlin/com/intellij/psi/PsiImportList
instanceKlass org/jetbrains/kotlin/com/intellij/psi/impl/java/stubs/PsiClassInitializerStub
instanceKlass org/jetbrains/kotlin/com/intellij/psi/PsiClassInitializer
instanceKlass org/jetbrains/kotlin/com/intellij/psi/impl/java/stubs/PsiTypeParameterListStub
instanceKlass org/jetbrains/kotlin/com/intellij/psi/PsiTypeParameterList
instanceKlass org/jetbrains/kotlin/com/intellij/psi/impl/java/stubs/PsiTypeParameterStub
instanceKlass org/jetbrains/kotlin/com/intellij/psi/PsiTypeParameter
instanceKlass org/jetbrains/kotlin/com/intellij/lang/jvm/JvmTypeParameter
instanceKlass org/jetbrains/kotlin/com/intellij/psi/impl/java/stubs/PsiParameterStub
instanceKlass org/jetbrains/kotlin/com/intellij/psi/impl/java/stubs/PsiParameterListStub
instanceKlass org/jetbrains/kotlin/com/intellij/psi/PsiParameterList
instanceKlass  @bci org/jetbrains/kotlin/com/intellij/psi/impl/java/stubs/MethodReferenceElementType <clinit> ()V 0 <appendix> argL0 ; # org/jetbrains/kotlin/com/intellij/psi/impl/java/stubs/MethodReferenceElementType$$Lambda+0x0000000100698000
instanceKlass org/jetbrains/kotlin/com/intellij/psi/PsiMethodReferenceExpression
instanceKlass org/jetbrains/kotlin/com/intellij/psi/PsiLambdaExpression
instanceKlass org/jetbrains/kotlin/com/intellij/psi/PsiFunctionalExpression
instanceKlass org/jetbrains/kotlin/com/intellij/psi/PsiLiteralExpression
instanceKlass org/jetbrains/kotlin/com/intellij/psi/PsiLiteral
instanceKlass org/jetbrains/kotlin/com/intellij/psi/impl/java/stubs/PsiNameValuePairStub
instanceKlass org/jetbrains/kotlin/com/intellij/psi/PsiNameValuePair
instanceKlass org/jetbrains/kotlin/com/intellij/lang/jvm/annotation/JvmAnnotationAttribute
instanceKlass org/jetbrains/kotlin/com/intellij/psi/impl/java/stubs/PsiAnnotationParameterListStub
instanceKlass org/jetbrains/kotlin/com/intellij/psi/PsiAnnotationParameterList
instanceKlass org/jetbrains/kotlin/com/intellij/psi/impl/java/stubs/PsiAnnotationStub
instanceKlass org/jetbrains/kotlin/com/intellij/psi/tree/ParentAwareTokenSet
instanceKlass org/jetbrains/kotlin/com/intellij/psi/impl/source/BasicJavaElementType
instanceKlass org/jetbrains/kotlin/com/intellij/psi/impl/java/stubs/PsiModifierListStub
instanceKlass org/jetbrains/kotlin/com/intellij/psi/impl/java/stubs/JavaStubElementTypes
instanceKlass org/jetbrains/kotlin/com/intellij/lang/java/parser/BasicJavaParser
instanceKlass org/jetbrains/kotlin/com/intellij/psi/stubs/EmptyStubSerializer
instanceKlass org/jetbrains/kotlin/com/intellij/psi/impl/source/tree/JavaElementType
instanceKlass org/jetbrains/kotlin/com/intellij/psi/impl/compiled/ClsFileImpl$1
instanceKlass org/jetbrains/kotlin/com/intellij/psi/PsiPackageStatement
instanceKlass org/jetbrains/kotlin/com/intellij/psi/tree/ParentProviderElementType
instanceKlass org/jetbrains/kotlin/com/intellij/psi/impl/compiled/InnerClassSourceStrategy
instanceKlass org/jetbrains/kotlin/com/intellij/psi/PsiJavaFile
instanceKlass org/jetbrains/kotlin/com/intellij/psi/AbstractBasicJavaFile
instanceKlass org/jetbrains/kotlin/com/intellij/psi/PsiCompiledFile
instanceKlass org/jetbrains/kotlin/com/intellij/psi/PsiCompiledElement
instanceKlass org/jetbrains/kotlin/com/intellij/psi/PsiClassOwnerEx
instanceKlass org/jetbrains/kotlin/com/intellij/psi/AbstractFileViewProvider$VirtualFileContent
instanceKlass org/jetbrains/kotlin/com/intellij/psi/PsiLock
instanceKlass org/jetbrains/kotlin/com/intellij/psi/PsiLargeBinaryFile
instanceKlass org/jetbrains/kotlin/com/intellij/psi/PsiLargeFile
instanceKlass org/jetbrains/kotlin/com/intellij/psi/PsiBinaryFile
instanceKlass org/jetbrains/kotlin/com/intellij/psi/AbstractFileViewProvider$Content
instanceKlass org/jetbrains/kotlin/com/intellij/openapi/extensions/impl/ExtensionPointImpl$1
instanceKlass  @bci org/jetbrains/kotlin/com/intellij/openapi/extensions/impl/ExtensionProcessingHelper findFirstSafe (Ljava/util/function/Predicate;Ljava/lang/Iterable;)Ljava/lang/Object; 14 <appendix> member <vmtarget> ; # org/jetbrains/kotlin/com/intellij/openapi/extensions/impl/ExtensionProcessingHelper$$Lambda+0x000000010067e910
instanceKlass  @bci org/jetbrains/kotlin/com/intellij/psi/compiled/ClassFileDecompilers find (Lorg/jetbrains/kotlin/com/intellij/openapi/vfs/VirtualFile;Ljava/lang/Class;)Lorg/jetbrains/kotlin/com/intellij/psi/compiled/ClassFileDecompilers$Decompiler; 22 <appendix> member <vmtarget> ; # org/jetbrains/kotlin/com/intellij/psi/compiled/ClassFileDecompilers$$Lambda+0x000000010067e688
instanceKlass org/jetbrains/kotlin/com/intellij/injected/editor/VirtualFileWindow
instanceKlass  @bci org/jetbrains/kotlin/cli/jvm/compiler/KotlinCliJavaFileManagerImpl findClasses$lambda$14 (Lorg/jetbrains/kotlin/cli/jvm/compiler/KotlinCliJavaFileManagerImpl;Ljava/lang/String;Lorg/jetbrains/kotlin/com/intellij/psi/search/GlobalSearchScope;)[Lorg/jetbrains/kotlin/com/intellij/psi/PsiClass; 169 <appendix> member <vmtarget> ; # org/jetbrains/kotlin/cli/jvm/compiler/KotlinCliJavaFileManagerImpl$$Lambda+0x000000010067e200
instanceKlass  @cpi org/jetbrains/kotlin/cli/jvm/compiler/KotlinCliJavaFileManagerImpl 766 form vmentry <vmtarget> ; # java/lang/invoke/LambdaForm$DMH+0x0000000100680000
instanceKlass  @bci org/jetbrains/kotlin/cli/jvm/compiler/KotlinCliJavaFileManagerImplKt toSafeTopLevelClassId (Ljava/lang/String;)Lorg/jetbrains/kotlin/name/ClassId; 1 <appendix> member <vmtarget> ; # org/jetbrains/kotlin/cli/jvm/compiler/KotlinCliJavaFileManagerImplKt$$Lambda+0x000000010067dfa8
instanceKlass  @bci org/jetbrains/kotlin/cli/jvm/compiler/KotlinCliJavaFileManagerImpl findClasses (Ljava/lang/String;Lorg/jetbrains/kotlin/com/intellij/psi/search/GlobalSearchScope;)[Lorg/jetbrains/kotlin/com/intellij/psi/PsiClass; 21 <appendix> member <vmtarget> ; # org/jetbrains/kotlin/cli/jvm/compiler/KotlinCliJavaFileManagerImpl$$Lambda+0x000000010067dd50
instanceKlass  @bci org/jetbrains/kotlin/com/intellij/psi/impl/file/PsiPackageImpl getAllDirectories (Lorg/jetbrains/kotlin/com/intellij/psi/search/GlobalSearchScope;)Ljava/util/Collection; 36 <appendix> member <vmtarget> ; # org/jetbrains/kotlin/com/intellij/psi/impl/file/PsiPackageImpl$$Lambda+0x000000010067bc70
instanceKlass org/jetbrains/kotlin/com/intellij/openapi/roots/ProjectRootModificationTracker
instanceKlass  @bci org/jetbrains/kotlin/com/intellij/psi/impl/PsiCachedValue normalizeDependencies (Ljava/lang/Object;[Ljava/lang/Object;)[Ljava/lang/Object; 47 <appendix> member <vmtarget> ; # org/jetbrains/kotlin/com/intellij/psi/impl/PsiCachedValue$$Lambda+0x000000010067b768
instanceKlass  @bci org/jetbrains/kotlin/com/intellij/util/ConcurrencyUtil cacheOrGet (Ljava/util/concurrent/atomic/AtomicReference;Ljava/lang/Object;)Ljava/lang/Object; 40 <appendix> member <vmtarget> ; # org/jetbrains/kotlin/com/intellij/util/ConcurrencyUtil$$Lambda+0x00000001006797e0
instanceKlass org/jetbrains/kotlin/com/intellij/openapi/application/BaseActionRunnable
instanceKlass  @bci org/jetbrains/kotlin/com/intellij/openapi/application/ReadActionProcessor process (Ljava/lang/Object;)Z 2 <appendix> member <vmtarget> ; # org/jetbrains/kotlin/com/intellij/openapi/application/ReadActionProcessor$$Lambda+0x0000000100679118
instanceKlass org/jetbrains/kotlin/com/intellij/openapi/application/ReadActionProcessor
instanceKlass org/jetbrains/kotlin/com/intellij/util/CollectionQuery
instanceKlass org/jetbrains/kotlin/com/intellij/util/CommonProcessors$CollectProcessor
instanceKlass org/jetbrains/kotlin/com/intellij/util/Processors
instanceKlass  @bci org/jetbrains/kotlin/com/intellij/psi/impl/file/PsiPackageImpl createCachedDirectories (Z)Lorg/jetbrains/kotlin/com/intellij/psi/util/CachedValue; 9 <appendix> member <vmtarget> ; # org/jetbrains/kotlin/com/intellij/psi/impl/file/PsiPackageImpl$$Lambda+0x0000000100678000
instanceKlass org/jetbrains/kotlin/com/intellij/psi/util/CachedValueProfiler$Overhead
instanceKlass  @bci org/jetbrains/kotlin/com/intellij/psi/util/CachedValueProfiler <clinit> ()V 20 <appendix> argL0 ; # org/jetbrains/kotlin/com/intellij/psi/util/CachedValueProfiler$$Lambda+0x0000000100675c80
instanceKlass org/jetbrains/kotlin/com/intellij/psi/util/CachedValueProfiler$ThreadContext
instanceKlass org/jetbrains/kotlin/com/intellij/psi/util/CachedValueProfiler$GlobalContext
instanceKlass org/jetbrains/kotlin/com/intellij/psi/util/CachedValueProfiler$EventPlace
instanceKlass org/jetbrains/kotlin/com/intellij/psi/util/CachedValueProfiler
instanceKlass  @bci org/jetbrains/kotlin/com/intellij/util/CachedValueBase lambda$getValueWithLock$4 (Ljava/lang/Object;)Lorg/jetbrains/kotlin/com/intellij/util/CachedValueBase$Data; 3 <appendix> member <vmtarget> ; # org/jetbrains/kotlin/com/intellij/util/CachedValueBase$$Lambda+0x0000000100677828
instanceKlass org/jetbrains/kotlin/com/intellij/psi/util/CachedValueProvider$Result
instanceKlass org/jetbrains/kotlin/com/intellij/openapi/util/RecursionManager$StackFrame
instanceKlass org/jetbrains/kotlin/com/intellij/openapi/util/RecursionManager$MyKey
instanceKlass  @bci org/jetbrains/kotlin/com/intellij/openapi/util/RecursionGuard doPreventingRecursion (Ljava/lang/Object;ZLorg/jetbrains/kotlin/com/intellij/openapi/util/Computable;)Ljava/lang/Object; 25 <appendix> member <vmtarget> ; # org/jetbrains/kotlin/com/intellij/openapi/util/RecursionGuard$$Lambda+0x0000000100676f10
instanceKlass org/jetbrains/kotlin/com/intellij/openapi/util/ThrowableComputable
instanceKlass  @bci org/jetbrains/kotlin/com/intellij/util/CachedValueBase getValueWithLock (Ljava/lang/Object;)Ljava/lang/Object; 41 <appendix> member <vmtarget> ; # org/jetbrains/kotlin/com/intellij/util/CachedValueBase$$Lambda+0x0000000100676a60
instanceKlass org/jetbrains/kotlin/com/intellij/util/CachedValueBase$Data
instanceKlass org/jetbrains/kotlin/com/intellij/openapi/util/Getter
instanceKlass org/jetbrains/kotlin/com/intellij/util/CachedValueBase
instanceKlass org/jetbrains/kotlin/com/intellij/psi/impl/file/PsiPackageImpl$PackageAnnotationValueProvider
instanceKlass org/jetbrains/kotlin/fir/resolve/ImplicitReceiverStackKt
instanceKlass org/jetbrains/kotlin/fir/java/scopes/JavaClassUseSiteMemberScope$collectProperties$$inlined$collectIntersectionResultsForCallables$1
instanceKlass  @bci org/jetbrains/kotlin/fir/java/scopes/JavaClassUseSiteMemberScope collectProperties (Lorg/jetbrains/kotlin/name/Name;)Ljava/util/Collection; 50 <appendix> member <vmtarget> ; # org/jetbrains/kotlin/fir/java/scopes/JavaClassUseSiteMemberScope$$Lambda+0x00000001006731a0
instanceKlass  @bci org/jetbrains/kotlin/fir/resolve/transformers/body/resolve/FirDeclarationsResolveTransformer transformPropertyAccessorsWithDelegate (Lorg/jetbrains/kotlin/fir/declarations/FirProperty;Lorg/jetbrains/kotlin/fir/expressions/FirExpression;Z)V 387 <adapter> ; # java/lang/invoke/LambdaForm$MH+0x0000000100675000
# instanceKlass java/lang/invoke/LambdaForm$DMH+0x0000000100674c00
instanceKlass  @bci org/jetbrains/kotlin/fir/resolve/transformers/body/resolve/FirDeclarationsResolveTransformer transformPropertyAccessorsWithDelegate (Lorg/jetbrains/kotlin/fir/declarations/FirProperty;Lorg/jetbrains/kotlin/fir/expressions/FirExpression;Z)V 387 <appendix> form vmentry <vmtarget> ; # java/lang/invoke/LambdaForm$DMH+0x0000000100674800
instanceKlass  @bci org/jetbrains/kotlin/resolve/calls/inference/components/ConstraintInjector$TypeCheckerStateForConstraintInjector addNewIncorporatedConstraint (Lorg/jetbrains/kotlin/types/model/KotlinTypeMarker;Lorg/jetbrains/kotlin/types/model/KotlinTypeMarker;ZZZ)V 78 <appendix> member <vmtarget> ; # org/jetbrains/kotlin/resolve/calls/inference/components/ConstraintInjector$TypeCheckerStateForConstraintInjector$$Lambda+0x0000000100672f48
instanceKlass  @cpi org/jetbrains/kotlin/resolve/calls/inference/components/ConstraintInjector$TypeCheckerStateForConstraintInjector 1359 form vmentry <vmtarget> ; # java/lang/invoke/LambdaForm$DMH+0x0000000100674400
instanceKlass org/jetbrains/kotlin/fir/types/ConeIntegerLiteralIntersector
instanceKlass  @bci org/jetbrains/kotlin/fir/types/ConeTypeIntersector intersectTypes (Lorg/jetbrains/kotlin/fir/types/ConeInferenceContext;Ljava/util/Collection;)Lorg/jetbrains/kotlin/fir/types/ConeKotlinType; 871 <appendix> member <vmtarget> ; # org/jetbrains/kotlin/fir/types/ConeTypeIntersector$$Lambda+0x0000000100672ab8
instanceKlass org/jetbrains/kotlin/fir/types/ConeTypeIntersector
instanceKlass  @bci org/jetbrains/kotlin/resolve/calls/inference/components/ConstraintSystemCompletionContext extractUpperTypesToCheckIntersectionEmptiness (Ljava/util/List;)Ljava/util/List; 87 <appendix> member <vmtarget> ; # org/jetbrains/kotlin/resolve/calls/inference/components/ConstraintSystemCompletionContext$$Lambda+0x0000000100672628
instanceKlass  @bci org/jetbrains/kotlin/fir/resolve/calls/stages/CollectTypeVariableUsagesInfo getDependentTypeParameters$lambda$9 (Lorg/jetbrains/kotlin/resolve/calls/inference/model/NewConstraintSystemImpl;Lorg/jetbrains/kotlin/types/model/TypeConstructorMarker;Ljava/util/Map$Entry;)Ljava/lang/Iterable; 329 <appendix> member <vmtarget> ; # org/jetbrains/kotlin/fir/resolve/calls/stages/CollectTypeVariableUsagesInfo$$Lambda+0x00000001006723d0
instanceKlass  @bci org/jetbrains/kotlin/fir/java/enhancement/FirSignatureEnhancement performBoundsResolutionForJavaMethodOrConstructorTypeParameters (Ljava/util/List;Lorg/jetbrains/kotlin/KtSourceElement;Lkotlin/jvm/functions/Function1;)V 14 <appendix> member <vmtarget> ; # org/jetbrains/kotlin/fir/java/enhancement/FirSignatureEnhancement$$Lambda+0x0000000100671f38
instanceKlass org/jetbrains/kotlin/fir/resolve/calls/SuperCallsKt
instanceKlass  @bci org/jetbrains/kotlin/fir/resolve/transformers/body/resolve/FirDeclarationsResolveTransformer transformSimpleFunction (Lorg/jetbrains/kotlin/fir/declarations/FirSimpleFunction;Lorg/jetbrains/kotlin/fir/resolve/ResolutionMode;)Lorg/jetbrains/kotlin/fir/declarations/FirSimpleFunction; 388 <appendix> member <vmtarget> ; # org/jetbrains/kotlin/fir/resolve/transformers/body/resolve/FirDeclarationsResolveTransformer$$Lambda+0x0000000100670fb8
instanceKlass org/jetbrains/kotlin/fir/resolve/dfa/DataFlowInfo
instanceKlass  @bci org/jetbrains/kotlin/fir/resolve/transformers/body/resolve/FirDeclarationsResolveTransformer doTransformConstructor (Lorg/jetbrains/kotlin/fir/declarations/FirConstructor;Lorg/jetbrains/kotlin/fir/resolve/ResolutionMode;)Lorg/jetbrains/kotlin/fir/declarations/FirConstructor; 590 <appendix> member <vmtarget> ; # org/jetbrains/kotlin/fir/resolve/transformers/body/resolve/FirDeclarationsResolveTransformer$$Lambda+0x0000000100670b20
instanceKlass  @bci org/jetbrains/kotlin/fir/java/scopes/JavaClassMembersEnhancementScope processDeclaredConstructors (Lkotlin/jvm/functions/Function1;)V 12 <appendix> member <vmtarget> ; # org/jetbrains/kotlin/fir/java/scopes/JavaClassMembersEnhancementScope$$Lambda+0x0000000100670258
instanceKlass  @bci org/jetbrains/kotlin/fir/resolve/calls/tower/FirTowerResolver runResolverForDelegatingConstructor (Lorg/jetbrains/kotlin/fir/resolve/calls/candidate/CallInfo;Lorg/jetbrains/kotlin/fir/types/ConeClassLikeType;Lorg/jetbrains/kotlin/fir/symbols/ConeClassLikeLookupTag;Lorg/jetbrains/kotlin/fir/resolve/calls/ResolutionContext;)Lorg/jetbrains/kotlin/fir/resolve/calls/candidate/CandidateCollector; 227 <appendix> form vmentry <vmtarget> ; # java/lang/invoke/LambdaForm$DMH+0x0000000100674000
instanceKlass  @bci org/jetbrains/kotlin/fir/resolve/calls/tower/FirTowerResolver runResolverForDelegatingConstructor (Lorg/jetbrains/kotlin/fir/resolve/calls/candidate/CallInfo;Lorg/jetbrains/kotlin/fir/types/ConeClassLikeType;Lorg/jetbrains/kotlin/fir/symbols/ConeClassLikeLookupTag;Lorg/jetbrains/kotlin/fir/resolve/calls/ResolutionContext;)Lorg/jetbrains/kotlin/fir/resolve/calls/candidate/CandidateCollector; 227 <appendix> member <vmtarget> ; # org/jetbrains/kotlin/fir/resolve/calls/tower/FirTowerResolver$$Lambda+0x0000000100670000
instanceKlass org/jetbrains/kotlin/fir/expressions/impl/FirAnnotationArgumentMappingImplKt
instanceKlass org/jetbrains/kotlin/fir/expressions/builder/FirVarargArgumentsExpressionBuilder
instanceKlass  @bci org/jetbrains/kotlin/fir/resolve/calls/FirCallResolver resolveAnnotationCall (Lorg/jetbrains/kotlin/fir/expressions/FirAnnotationCall;)Lorg/jetbrains/kotlin/fir/expressions/FirAnnotationCall; 270 <appendix> member <vmtarget> ; # org/jetbrains/kotlin/fir/resolve/calls/FirCallResolver$$Lambda+0x000000010066aa60
instanceKlass  @bci org/jetbrains/kotlin/fir/resolve/calls/FirCallResolver getConstructorSymbol (Lorg/jetbrains/kotlin/fir/symbols/impl/FirClassLikeSymbol;)Lorg/jetbrains/kotlin/fir/symbols/impl/FirConstructorSymbol; 40 <appendix> member <vmtarget> ; # org/jetbrains/kotlin/fir/resolve/calls/FirCallResolver$$Lambda+0x000000010066a808
instanceKlass org/jetbrains/kotlin/fir/ScopeUtilsKt
instanceKlass org/jetbrains/kotlin/fir/types/AbbreviatedTypeAttributeKt
instanceKlass  @bci org/jetbrains/kotlin/fir/resolve/transformers/plugin/FirDeclarationsResolveTransformerForAnnotationArguments withRegularClass (Lorg/jetbrains/kotlin/fir/declarations/FirRegularClass;Lkotlin/jvm/functions/Function0;)Lorg/jetbrains/kotlin/fir/declarations/FirRegularClass; 88 <appendix> member <vmtarget> ; # org/jetbrains/kotlin/fir/resolve/transformers/plugin/FirDeclarationsResolveTransformerForAnnotationArguments$$Lambda+0x000000010066f978
instanceKlass org/jetbrains/kotlin/fir/expressions/FirExpressionEvaluator
instanceKlass org/jetbrains/kotlin/metadata/jvm/JvmProtoBuf$1
instanceKlass org/jetbrains/kotlin/fir/resolve/transformers/body/resolve/BodyResolveUtilsKt
instanceKlass kotlin/jvm/internal/FloatCompanionObject
instanceKlass kotlin/jvm/internal/DoubleCompanionObject
instanceKlass  @bci org/jetbrains/kotlin/fir/resolve/calls/FirSyntheticPropertiesScope processPropertiesByName (Lorg/jetbrains/kotlin/name/Name;Lkotlin/jvm/functions/Function1;)V 107 <appendix> member <vmtarget> ; # org/jetbrains/kotlin/fir/resolve/calls/FirSyntheticPropertiesScope$$Lambda+0x000000010066e560
instanceKlass org/jetbrains/kotlin/fir/scopes/impl/ConvertibleIntegerOperators
instanceKlass  @bci org/jetbrains/kotlin/fir/types/ConeIntegerConstantOperatorTypeImpl <init> (ZLorg/jetbrains/kotlin/fir/types/ConeNullability;)V 135 <appendix> member <vmtarget> ; # org/jetbrains/kotlin/fir/types/ConeIntegerConstantOperatorTypeImpl$$Lambda+0x000000010066de40
instanceKlass  @bci org/jetbrains/kotlin/fir/types/ConeIntegerLiteralConstantTypeImpl <init> (JLjava/util/Collection;ZLorg/jetbrains/kotlin/fir/types/ConeNullability;)V 29 <appendix> member <vmtarget> ; # org/jetbrains/kotlin/fir/types/ConeIntegerLiteralConstantTypeImpl$$Lambda+0x000000010066d958
instanceKlass org/jetbrains/kotlin/fir/declarations/FirDeprecationInfo
instanceKlass org/jetbrains/kotlin/fir/declarations/EnumValueArgumentInfo
instanceKlass org/jetbrains/kotlin/resolve/calls/inference/model/ConstraintSystemError
instanceKlass org/jetbrains/kotlin/resolve/calls/inference/model/NewConstraintMismatch
instanceKlass  @bci org/jetbrains/kotlin/fir/resolve/transformers/PublishedApiEffectiveVisibilityKt setLazyPublishedVisibility (Lorg/jetbrains/kotlin/fir/declarations/FirMemberDeclaration;ZLorg/jetbrains/kotlin/fir/declarations/FirProperty;Lorg/jetbrains/kotlin/fir/FirSession;)V 24 <appendix> member <vmtarget> ; # org/jetbrains/kotlin/fir/resolve/transformers/PublishedApiEffectiveVisibilityKt$$Lambda+0x0000000100667d70
instanceKlass org/jetbrains/kotlin/descriptors/ValueClassRepresentation
instanceKlass org/jetbrains/kotlin/fir/types/ConeIntegerLiteralTypeExtensions
instanceKlass  @bci org/jetbrains/kotlin/fir/resolve/transformers/body/resolve/FirExpressionsResolveTransformer transformLiteralExpression (Lorg/jetbrains/kotlin/fir/expressions/FirLiteralExpression;Lorg/jetbrains/kotlin/fir/resolve/ResolutionMode;)Lorg/jetbrains/kotlin/fir/expressions/FirStatement; 98 <appendix> member <vmtarget> ; # org/jetbrains/kotlin/fir/resolve/transformers/body/resolve/FirExpressionsResolveTransformer$$Lambda+0x0000000100666f70
instanceKlass kotlin/ranges/LongRange$Companion
instanceKlass kotlin/ranges/LongProgression$Companion
instanceKlass kotlin/ranges/LongProgression
instanceKlass org/jetbrains/kotlin/fir/types/ConeIntegerLiteralConstantTypeImpl$Companion
instanceKlass org/jetbrains/kotlin/fir/types/ConeIntegerLiteralType$Companion
instanceKlass org/jetbrains/kotlin/name/StandardClassIds$Collections
instanceKlass org/jetbrains/kotlin/fir/types/ConeFlexibleTypeBoundsChecker
instanceKlass  @bci org/jetbrains/kotlin/fir/java/scopes/JavaClassStaticUseSiteScope computeFunctions$lambda$3 (Ljava/util/List;Ljava/util/List;Lorg/jetbrains/kotlin/fir/java/scopes/JavaClassStaticUseSiteScope;Lorg/jetbrains/kotlin/fir/symbols/impl/FirNamedFunctionSymbol;)Lkotlin/Unit; 44 <appendix> member <vmtarget> ; # org/jetbrains/kotlin/fir/java/scopes/JavaClassStaticUseSiteScope$$Lambda+0x0000000100665580
instanceKlass  @bci org/jetbrains/kotlin/fir/resolve/dfa/FirDataFlowAnalyzer getOrCreateIfRealWithoutUnwrappingAlias (Lorg/jetbrains/kotlin/fir/resolve/dfa/Flow;Lorg/jetbrains/kotlin/fir/FirElement;)Lorg/jetbrains/kotlin/fir/resolve/dfa/DataFlowVariable; 13 <appendix> member <vmtarget> ; # org/jetbrains/kotlin/fir/resolve/dfa/FirDataFlowAnalyzer$$Lambda+0x0000000100665328
instanceKlass  @bci org/jetbrains/kotlin/fir/resolve/dfa/FirDataFlowAnalyzer getOrCreateRealVariableWithoutUnwrappingAliasForPropertyInitialization (Lorg/jetbrains/kotlin/fir/resolve/dfa/Flow;Lorg/jetbrains/kotlin/fir/symbols/FirBasedSymbol;Lorg/jetbrains/kotlin/fir/FirElement;)Lorg/jetbrains/kotlin/fir/resolve/dfa/RealVariable; 8 <appendix> member <vmtarget> ; # org/jetbrains/kotlin/fir/resolve/dfa/FirDataFlowAnalyzer$$Lambda+0x00000001006643f0
instanceKlass  @bci org/jetbrains/kotlin/fir/resolve/dfa/FirDataFlowAnalyzer exitLocalVariableDeclaration (Lorg/jetbrains/kotlin/fir/declarations/FirProperty;Z)V 22 <adapter> ; # java/lang/invoke/LambdaForm$MH+0x0000000100668c00
# instanceKlass java/lang/invoke/LambdaForm$DMH+0x0000000100668800
instanceKlass  @bci org/jetbrains/kotlin/fir/resolve/dfa/FirDataFlowAnalyzer exitLocalVariableDeclaration (Lorg/jetbrains/kotlin/fir/declarations/FirProperty;Z)V 22 <appendix> form vmentry <vmtarget> ; # java/lang/invoke/LambdaForm$DMH+0x0000000100668400
instanceKlass  @bci org/jetbrains/kotlin/fir/resolve/dfa/FirDataFlowAnalyzer exitLocalVariableDeclaration (Lorg/jetbrains/kotlin/fir/declarations/FirProperty;Z)V 22 <appendix> member <vmtarget> ; # org/jetbrains/kotlin/fir/resolve/dfa/FirDataFlowAnalyzer$$Lambda+0x0000000100664198
instanceKlass  @cpi org/jetbrains/kotlin/fir/resolve/dfa/FirDataFlowAnalyzer 2123 form vmentry <vmtarget> ; # java/lang/invoke/LambdaForm$DMH+0x0000000100668000
instanceKlass org/jetbrains/kotlin/fir/java/enhancement/EnhancedTypeForWarningAttributeKt
instanceKlass  @bci org/jetbrains/kotlin/fir/java/enhancement/FirSignatureEnhancement enhanceTypeParameterBoundsAfterFirstRound (Ljava/util/List;Lorg/jetbrains/kotlin/KtSourceElement;Lkotlin/jvm/functions/Function1;)V 205 <appendix> member <vmtarget> ; # org/jetbrains/kotlin/fir/java/enhancement/FirSignatureEnhancement$$Lambda+0x00000001006627e8
instanceKlass kotlin/jvm/internal/Ref$IntRef
instanceKlass org/jetbrains/kotlin/fir/java/enhancement/FirSignatureEnhancement$enhanceTypeParameterBoundsAfterFirstRound$$inlined$replaceEnhancedBounds$2
instanceKlass org/jetbrains/kotlin/fir/java/enhancement/FirSignatureEnhancement$enhanceTypeParameterBoundsAfterFirstRound$$inlined$replaceEnhancedBounds$1
instanceKlass  @bci org/jetbrains/kotlin/fir/java/enhancement/FirSignatureEnhancement performBoundsResolutionForClassTypeParameters (Lorg/jetbrains/kotlin/fir/java/FirJavaFacade;Lorg/jetbrains/kotlin/fir/java/declarations/FirJavaClass;Lorg/jetbrains/kotlin/KtSourceElement;)V 36 <appendix> member <vmtarget> ; # org/jetbrains/kotlin/fir/java/enhancement/FirSignatureEnhancement$$Lambda+0x0000000100661a50
instanceKlass java/util/AbstractMap$SimpleImmutableEntry
instanceKlass org/jetbrains/kotlin/fir/expressions/builder/FirSamConversionExpressionBuilder
instanceKlass  @bci org/jetbrains/kotlin/types/AbstractTypeApproximator approximateToSubType (Lorg/jetbrains/kotlin/types/model/KotlinTypeMarker;Lorg/jetbrains/kotlin/types/TypeApproximatorConfiguration;I)Lorg/jetbrains/kotlin/types/model/KotlinTypeMarker; 67 <appendix> member <vmtarget> ; # org/jetbrains/kotlin/types/AbstractTypeApproximator$$Lambda+0x0000000100660b70
instanceKlass org/jetbrains/kotlin/fir/resolve/dfa/Implication
instanceKlass  @bci org/jetbrains/kotlin/fir/resolve/dfa/FirDataFlowAnalyzer getOrCreateVariableIfStable (Lorg/jetbrains/kotlin/fir/resolve/dfa/Flow;Lorg/jetbrains/kotlin/fir/FirElement;)Lorg/jetbrains/kotlin/fir/resolve/dfa/DataFlowVariable; 7 <appendix> member <vmtarget> ; # org/jetbrains/kotlin/fir/resolve/dfa/FirDataFlowAnalyzer$$Lambda+0x000000010065f470
instanceKlass  @bci org/jetbrains/kotlin/fir/resolve/dfa/FirDataFlowAnalyzer exitSafeCall (Lorg/jetbrains/kotlin/fir/expressions/FirSafeCallExpression;)V 23 <appendix> member <vmtarget> ; # org/jetbrains/kotlin/fir/resolve/dfa/FirDataFlowAnalyzer$$Lambda+0x000000010065f218
instanceKlass org/jetbrains/kotlin/kotlinx/collections/immutable/internal/DeltaCounter
instanceKlass org/jetbrains/kotlin/fir/resolve/dfa/LogicSystemKt
instanceKlass org/jetbrains/kotlin/kotlinx/collections/immutable/implementations/persistentOrderedSet/PersistentOrderedSetIterator
instanceKlass org/jetbrains/kotlin/kotlinx/collections/immutable/implementations/immutableMap/TrieNodeBaseIterator
instanceKlass org/jetbrains/kotlin/kotlinx/collections/immutable/implementations/immutableMap/PersistentHashMapBaseIterator
instanceKlass org/jetbrains/kotlin/fir/resolve/inference/ReturnArgumentsAnalysisResult
instanceKlass org/jetbrains/kotlin/fir/resolve/dfa/cfg/FirAnonymousFunctionReturnExpressionInfo
instanceKlass org/jetbrains/kotlin/fir/resolve/dfa/FirControlFlowGraphReferenceImplKt
instanceKlass org/jetbrains/kotlin/fir/resolve/dfa/cfg/Edge$Companion$WhenMappings
instanceKlass org/jetbrains/kotlin/fir/resolve/dfa/cfg/EdgeKind$WhenMappings
instanceKlass  @bci org/jetbrains/kotlin/fir/java/enhancement/FirSignatureEnhancement enhance$java (Lorg/jetbrains/kotlin/fir/symbols/impl/FirVariableSymbol;Lorg/jetbrains/kotlin/name/Name;)Lorg/jetbrains/kotlin/fir/symbols/impl/FirVariableSymbol; 663 <appendix> member <vmtarget> ; # org/jetbrains/kotlin/fir/java/enhancement/FirSignatureEnhancement$$Lambda+0x000000010065ad78
instanceKlass org/jetbrains/kotlin/fir/resolve/calls/SyntheticsKt
instanceKlass org/jetbrains/kotlin/fir/declarations/synthetic/FirSyntheticPropertyBuilderKt
instanceKlass  @bci org/jetbrains/kotlin/fir/resolve/calls/FirSyntheticPropertiesScope buildSyntheticProperty (Lorg/jetbrains/kotlin/name/Name;Lorg/jetbrains/kotlin/fir/declarations/FirSimpleFunction;Lorg/jetbrains/kotlin/fir/declarations/FirSimpleFunction;Lorg/jetbrains/kotlin/fir/resolve/calls/FirSyntheticPropertiesScope$SyntheticGetterCompatibility;Z)Lorg/jetbrains/kotlin/fir/declarations/synthetic/FirSyntheticProperty; 227 <appendix> member <vmtarget> ; # org/jetbrains/kotlin/fir/resolve/calls/FirSyntheticPropertiesScope$$Lambda+0x0000000100659dc0
instanceKlass org/jetbrains/kotlin/fir/declarations/synthetic/FirSyntheticPropertyBuilder
instanceKlass  @bci org/jetbrains/kotlin/fir/resolve/calls/FirSyntheticPropertiesScope checkGetAndCreateSynthetic (Lorg/jetbrains/kotlin/name/Name;Lorg/jetbrains/kotlin/name/Name;Lorg/jetbrains/kotlin/fir/symbols/impl/FirNamedFunctionSymbol;ZLkotlin/jvm/functions/Function1;)V 302 <appendix> member <vmtarget> ; # org/jetbrains/kotlin/fir/resolve/calls/FirSyntheticPropertiesScope$$Lambda+0x0000000100659928
instanceKlass org/jetbrains/kotlin/fir/resolve/calls/FirSyntheticPropertiesScope$GetterCompatibilityResult
instanceKlass  @bci org/jetbrains/kotlin/fir/scopes/FirTypeScopeKt getDirectOverriddenFunctionsWithBaseScope (Lorg/jetbrains/kotlin/fir/scopes/FirTypeScope;Lorg/jetbrains/kotlin/fir/symbols/impl/FirNamedFunctionSymbol;)Ljava/util/List; 27 <appendix> member <vmtarget> ; # org/jetbrains/kotlin/fir/scopes/FirTypeScopeKt$$Lambda+0x0000000100659490
instanceKlass org/jetbrains/kotlin/fir/resolve/calls/FirSyntheticPropertiesScope$WhenMappings
instanceKlass  @bci org/jetbrains/kotlin/fir/java/FirJavaFacade createFirJavaClass (Lorg/jetbrains/kotlin/load/java/structure/JavaClass;Lorg/jetbrains/kotlin/fir/symbols/impl/FirRegularClassSymbol;Lorg/jetbrains/kotlin/fir/symbols/impl/FirRegularClassSymbol;Lorg/jetbrains/kotlin/name/ClassId;Lorg/jetbrains/kotlin/fir/java/MutableJavaTypeParameterStack;)Lorg/jetbrains/kotlin/fir/java/declarations/FirJavaClass; 1893 <appendix> member <vmtarget> ; # org/jetbrains/kotlin/fir/java/FirJavaFacade$$Lambda+0x0000000100658b60
instanceKlass  @bci org/jetbrains/kotlin/fir/java/FirJavaFacade convertJavaAnnotationMethodToValueParameter (Lorg/jetbrains/kotlin/load/java/structure/JavaMethod;Lorg/jetbrains/kotlin/fir/java/declarations/FirJavaMethod;Lorg/jetbrains/kotlin/fir/FirModuleData;)Lorg/jetbrains/kotlin/fir/java/declarations/FirJavaValueParameter; 126 <appendix> argL0 ; # org/jetbrains/kotlin/fir/java/FirJavaFacade$$Lambda+0x0000000100658910
instanceKlass  @bci org/jetbrains/kotlin/load/java/structure/impl/classFiles/AnnotationsAndParameterCollectorMethodVisitor visitAnnotationDefault ()Lorg/jetbrains/org/objectweb/asm/AnnotationVisitor; 13 <appendix> member <vmtarget> ; # org/jetbrains/kotlin/load/java/structure/impl/classFiles/AnnotationsAndParameterCollectorMethodVisitor$$Lambda+0x0000000100658478
instanceKlass org/jetbrains/kotlin/fir/resolve/transformers/ExpectedArgumentType
instanceKlass  @bci org/jetbrains/kotlin/fir/resolve/dfa/FirDataFlowAnalyzer exitVariableAssignment (Lorg/jetbrains/kotlin/fir/expressions/FirVariableAssignment;)V 81 <appendix> member <vmtarget> ; # org/jetbrains/kotlin/fir/resolve/dfa/FirDataFlowAnalyzer$$Lambda+0x0000000100657470
instanceKlass  @bci org/jetbrains/kotlin/resolve/calls/inference/components/VariableFixationFinderKt containsTypeVariable (Lorg/jetbrains/kotlin/types/model/TypeSystemInferenceExtensionContext;Lorg/jetbrains/kotlin/types/model/KotlinTypeMarker;Lorg/jetbrains/kotlin/types/model/TypeConstructorMarker;)Z 22 <appendix> member <vmtarget> ; # org/jetbrains/kotlin/resolve/calls/inference/components/VariableFixationFinderKt$$Lambda+0x0000000100656a90
instanceKlass  @bci org/jetbrains/kotlin/resolve/calls/inference/model/NewConstraintSystemImpl fixVariable (Lorg/jetbrains/kotlin/types/model/TypeVariableMarker;Lorg/jetbrains/kotlin/types/model/KotlinTypeMarker;Lorg/jetbrains/kotlin/resolve/calls/inference/model/FixVariableConstraintPosition;)V 265 <appendix> member <vmtarget> ; # org/jetbrains/kotlin/resolve/calls/inference/model/NewConstraintSystemImpl$$Lambda+0x0000000100656838
instanceKlass  @bci org/jetbrains/kotlin/resolve/calls/inference/components/ResultTypeResolver findSubType (Lorg/jetbrains/kotlin/resolve/calls/inference/components/ResultTypeResolver$Context;Lorg/jetbrains/kotlin/resolve/calls/inference/model/VariableWithConstraints;)Lorg/jetbrains/kotlin/types/model/KotlinTypeMarker; 53 <appendix> member <vmtarget> ; # org/jetbrains/kotlin/resolve/calls/inference/components/ResultTypeResolver$$Lambda+0x0000000100656098
instanceKlass org/jetbrains/kotlin/resolve/calls/NewCommonSuperTypeCalculator
instanceKlass org/jetbrains/kotlin/resolve/calls/inference/components/ResultTypeResolver$sinkIntegerLiteralTypes$$inlined$sortedBy$1
instanceKlass  @bci org/jetbrains/kotlin/fir/types/ConeInferenceContext isBuiltinFunctionTypeOrSubtype (Lorg/jetbrains/kotlin/types/model/KotlinTypeMarker;)Z 36 <appendix> member <vmtarget> ; # org/jetbrains/kotlin/fir/types/ConeInferenceContext$$Lambda+0x0000000100655938
instanceKlass  @bci org/jetbrains/kotlin/fir/resolve/inference/ConstraintSystemCompleter runCompletion (Lorg/jetbrains/kotlin/resolve/calls/inference/components/ConstraintSystemCompletionContext;Lorg/jetbrains/kotlin/resolve/calls/inference/components/ConstraintSystemCompletionMode;Ljava/util/List;Lorg/jetbrains/kotlin/fir/types/ConeKotlinType;Lorg/jetbrains/kotlin/fir/resolve/calls/ResolutionContext;Lorg/jetbrains/kotlin/fir/resolve/inference/ConstraintSystemCompleter$PostponedAtomAnalyzer;)V 328 <appendix> argL0 ; # org/jetbrains/kotlin/fir/resolve/inference/ConstraintSystemCompleter$$Lambda+0x00000001006556e8
instanceKlass  @bci org/jetbrains/kotlin/resolve/calls/inference/components/TypeVariableDependencyInformationProvider computeRelatedToAllOutputTypes ()V 55 <appendix> member <vmtarget> ; # org/jetbrains/kotlin/resolve/calls/inference/components/TypeVariableDependencyInformationProvider$$Lambda+0x0000000100655490
instanceKlass org/jetbrains/kotlin/utils/SmartSet$SingletonIterator
instanceKlass  @bci org/jetbrains/kotlin/resolve/calls/inference/components/TypeVariableDependencyInformationProvider computePostponeArgumentsEdges ()V 118 <appendix> member <vmtarget> ; # org/jetbrains/kotlin/resolve/calls/inference/components/TypeVariableDependencyInformationProvider$$Lambda+0x0000000100654fb0
instanceKlass  @bci org/jetbrains/kotlin/resolve/calls/inference/components/TypeVariableDependencyInformationProvider computePostponeArgumentsEdges ()V 62 <appendix> member <vmtarget> ; # org/jetbrains/kotlin/resolve/calls/inference/components/TypeVariableDependencyInformationProvider$$Lambda+0x0000000100654d58
instanceKlass org/jetbrains/kotlin/fir/resolve/calls/stages/ReceiverDescription
instanceKlass org/jetbrains/kotlin/resolve/deprecation/CommonDeprecationUtilsKt$WhenMappings
instanceKlass org/jetbrains/kotlin/resolve/deprecation/CommonDeprecationUtilsKt
instanceKlass org/jetbrains/kotlin/fir/contracts/builder/FirEffectDeclarationBuilder
instanceKlass org/jetbrains/kotlin/fir/contracts/ContractUtilsKt
instanceKlass org/jetbrains/kotlin/fir/contracts/builder/FirResolvedContractDescriptionBuilder
instanceKlass org/jetbrains/kotlin/contracts/description/KtEffectDeclaration
instanceKlass org/jetbrains/kotlin/contracts/description/EventOccurrencesRange$Companion
instanceKlass org/jetbrains/kotlin/contracts/description/KtValueParameterReference
instanceKlass org/jetbrains/kotlin/contracts/description/KtContractDescriptionValue
instanceKlass org/jetbrains/kotlin/contracts/description/KtContractDescriptionElement
instanceKlass org/jetbrains/kotlin/serialization/deserialization/ProtoBufContractDeserializer$WhenMappings
instanceKlass  @bci org/jetbrains/kotlin/fir/java/scopes/JavaClassStaticUseSiteScope computeFunctions (Lorg/jetbrains/kotlin/name/Name;)Ljava/util/List; 44 <appendix> member <vmtarget> ; # org/jetbrains/kotlin/fir/java/scopes/JavaClassStaticUseSiteScope$$Lambda+0x0000000100650c88
instanceKlass  @bci org/jetbrains/kotlin/fir/java/scopes/JavaClassStaticUseSiteScope computeFunctions (Lorg/jetbrains/kotlin/name/Name;)Ljava/util/List; 17 <appendix> member <vmtarget> ; # org/jetbrains/kotlin/fir/java/scopes/JavaClassStaticUseSiteScope$$Lambda+0x0000000100650a30
instanceKlass  @bci org/jetbrains/kotlin/fir/java/scopes/JavaClassStaticEnhancementScope processFunctionsByName (Lorg/jetbrains/kotlin/name/Name;Lkotlin/jvm/functions/Function1;)V 20 <appendix> member <vmtarget> ; # org/jetbrains/kotlin/fir/java/scopes/JavaClassStaticEnhancementScope$$Lambda+0x00000001006507d8
instanceKlass  @bci org/jetbrains/kotlin/fir/scopes/impl/FirStaticScope processFunctionsByName (Lorg/jetbrains/kotlin/name/Name;Lkotlin/jvm/functions/Function1;)V 18 <appendix> member <vmtarget> ; # org/jetbrains/kotlin/fir/scopes/impl/FirStaticScope$$Lambda+0x0000000100650580
instanceKlass org/jetbrains/kotlin/fir/resolve/dfa/FirLocalVariableAssignmentAnalyzer$Companion$Fork
instanceKlass org/jetbrains/kotlin/fir/resolve/dfa/FirLocalVariableAssignmentAnalyzer$Companion$MiniFlow$Companion
instanceKlass org/jetbrains/kotlin/fir/resolve/dfa/FirLocalVariableAssignmentAnalyzer$Companion$MiniFlow
instanceKlass org/jetbrains/kotlin/fir/resolve/dfa/FirLocalVariableAssignmentAnalyzer$Companion$MiniCfgBuilder$MiniCfgData
instanceKlass org/jetbrains/kotlin/kotlinx/collections/immutable/PersistentSet$Builder
instanceKlass org/jetbrains/kotlin/fir/resolve/dfa/ModelKt
instanceKlass  @bci org/jetbrains/kotlin/fir/resolve/dfa/RealVariable <init> (Lorg/jetbrains/kotlin/fir/resolve/dfa/Identifier;Lorg/jetbrains/kotlin/fir/types/ConeKotlinType;ZLorg/jetbrains/kotlin/fir/resolve/dfa/DataFlowVariable;I)V 92 <appendix> member <vmtarget> ; # org/jetbrains/kotlin/fir/resolve/dfa/RealVariable$$Lambda+0x000000010064e280
instanceKlass  @bci org/jetbrains/kotlin/fir/resolve/dfa/RealVariable <init> (Lorg/jetbrains/kotlin/fir/resolve/dfa/Identifier;Lorg/jetbrains/kotlin/fir/types/ConeKotlinType;ZLorg/jetbrains/kotlin/fir/resolve/dfa/DataFlowVariable;I)V 50 <appendix> member <vmtarget> ; # org/jetbrains/kotlin/fir/resolve/dfa/RealVariable$$Lambda+0x000000010064bd68
instanceKlass  @bci org/jetbrains/kotlin/fir/resolve/dfa/FirDataFlowAnalyzer getOrCreateVariableIfRealAndStable (Lorg/jetbrains/kotlin/fir/resolve/dfa/Flow;Lorg/jetbrains/kotlin/fir/FirElement;)Lorg/jetbrains/kotlin/fir/resolve/dfa/DataFlowVariable; 7 <appendix> member <vmtarget> ; # org/jetbrains/kotlin/fir/resolve/dfa/FirDataFlowAnalyzer$$Lambda+0x000000010064bb10
instanceKlass  @bci org/jetbrains/kotlin/fir/resolve/dfa/FirDataFlowAnalyzer enterSafeCallAfterNullCheck (Lorg/jetbrains/kotlin/fir/expressions/FirSafeCallExpression;)V 21 <appendix> member <vmtarget> ; # org/jetbrains/kotlin/fir/resolve/dfa/FirDataFlowAnalyzer$$Lambda+0x000000010064b8b8
instanceKlass  @bci org/jetbrains/kotlin/fir/resolve/dfa/FirDataFlowAnalyzer exitQualifiedAccessExpression (Lorg/jetbrains/kotlin/fir/expressions/FirQualifiedAccessExpression;)V 21 <appendix> member <vmtarget> ; # org/jetbrains/kotlin/fir/resolve/dfa/FirDataFlowAnalyzer$$Lambda+0x000000010064b3d8
instanceKlass  @bci org/jetbrains/kotlin/fir/resolve/transformers/body/resolve/FirExpressionsResolveTransformer transformBlockInCurrentScope$resolve (Lorg/jetbrains/kotlin/fir/expressions/FirBlock;Lorg/jetbrains/kotlin/fir/resolve/ResolutionMode;)V 53 <appendix> member <vmtarget> ; # org/jetbrains/kotlin/fir/resolve/transformers/body/resolve/FirExpressionsResolveTransformer$$Lambda+0x000000010064a478
instanceKlass  @cpi org/jetbrains/kotlin/fir/resolve/transformers/body/resolve/FirExpressionsResolveTransformer 1455 form vmentry <vmtarget> ; # java/lang/invoke/LambdaForm$DMH+0x000000010064c800
instanceKlass org/jetbrains/kotlin/fir/visitors/TransformData
instanceKlass  @bci org/jetbrains/kotlin/fir/resolve/dfa/FirDataFlowAnalyzer enterFunction (Lorg/jetbrains/kotlin/fir/declarations/FirFunction;)V 109 <appendix> member <vmtarget> ; # org/jetbrains/kotlin/fir/resolve/dfa/FirDataFlowAnalyzer$$Lambda+0x0000000100649d60
instanceKlass org/jetbrains/kotlin/contracts/description/EventOccurrencesRangeKt
instanceKlass org/jetbrains/kotlin/fir/resolve/dfa/FirLocalVariableAssignmentAnalyzer$Companion$VariableAssignments
instanceKlass  @bci org/jetbrains/kotlin/fir/resolve/transformers/body/resolve/FirDeclarationsResolveTransformer transformAnonymousFunctionBody (Lorg/jetbrains/kotlin/fir/declarations/FirAnonymousFunction;Lorg/jetbrains/kotlin/fir/types/FirTypeRef;Lorg/jetbrains/kotlin/fir/resolve/ResolutionMode;)Lorg/jetbrains/kotlin/fir/declarations/FirAnonymousFunction; 48 <appendix> member <vmtarget> ; # org/jetbrains/kotlin/fir/resolve/transformers/body/resolve/FirDeclarationsResolveTransformer$$Lambda+0x0000000100649148
instanceKlass  @bci org/jetbrains/kotlin/fir/resolve/inference/FirCallCompleter$LambdaAnalyzerImpl analyzeAndGetLambdaReturnArguments (Lorg/jetbrains/kotlin/fir/resolve/calls/ConeResolvedLambdaAtom;Lorg/jetbrains/kotlin/fir/types/ConeKotlinType;Ljava/util/List;Ljava/util/List;Lorg/jetbrains/kotlin/fir/types/ConeKotlinType;Lorg/jetbrains/kotlin/fir/resolve/calls/candidate/Candidate;ZZ)Lorg/jetbrains/kotlin/fir/resolve/inference/ReturnArgumentsAnalysisResult; 2122 <appendix> member <vmtarget> ; # org/jetbrains/kotlin/fir/resolve/inference/FirCallCompleter$LambdaAnalyzerImpl$$Lambda+0x0000000100648ef0
instanceKlass  @bci org/jetbrains/kotlin/resolve/calls/inference/model/NewConstraintSystemImpl canBeProper (Lorg/jetbrains/kotlin/types/model/KotlinTypeMarker;)Z 20 <appendix> member <vmtarget> ; # org/jetbrains/kotlin/resolve/calls/inference/model/NewConstraintSystemImpl$$Lambda+0x0000000100648c98
instanceKlass  @bci org/jetbrains/kotlin/resolve/calls/inference/model/NewConstraintSystemImpl containsOnlyFixedVariables (Lorg/jetbrains/kotlin/types/model/KotlinTypeMarker;)Z 20 <appendix> member <vmtarget> ; # org/jetbrains/kotlin/resolve/calls/inference/model/NewConstraintSystemImpl$$Lambda+0x0000000100648a40
instanceKlass  @bci org/jetbrains/kotlin/fir/resolve/transformers/body/resolve/FirExpressionsResolveTransformer transformBlockInCurrentScope$resolve (Lorg/jetbrains/kotlin/fir/expressions/FirBlock;Lorg/jetbrains/kotlin/fir/resolve/ResolutionMode;)V 53 <appendix> form vmentry <vmtarget> ; # java/lang/invoke/LambdaForm$DMH+0x000000010064c400
instanceKlass  @bci org/jetbrains/kotlin/fir/resolve/FirDefaultParametersResolver declaresDefaultValue (Lorg/jetbrains/kotlin/fir/FirSession;Lorg/jetbrains/kotlin/fir/resolve/ScopeSession;Lorg/jetbrains/kotlin/fir/declarations/FirFunction;Lorg/jetbrains/kotlin/fir/scopes/FirScope;I)Z 141 <appendix> member <vmtarget> ; # org/jetbrains/kotlin/fir/resolve/FirDefaultParametersResolver$$Lambda+0x00000001006482e8
instanceKlass  @cpi org/jetbrains/kotlin/fir/resolve/FirDefaultParametersResolver 124 form vmentry <vmtarget> ; # java/lang/invoke/LambdaForm$DMH+0x000000010064c000
instanceKlass org/jetbrains/kotlin/resolve/calls/model/PostponedCallableReferenceMarker
instanceKlass org/jetbrains/kotlin/resolve/calls/model/PostponedAtomWithRevisableExpectedType
instanceKlass  @bci org/jetbrains/kotlin/fir/resolve/calls/stages/ResolutionStagesKt isJavaApplicableCandidate (Lorg/jetbrains/kotlin/fir/resolve/calls/candidate/Candidate;)Z 186 <appendix> member <vmtarget> ; # org/jetbrains/kotlin/fir/resolve/calls/stages/ResolutionStagesKt$$Lambda+0x0000000100645b10
instanceKlass org/jetbrains/kotlin/fir/resolve/TypeAttributeUtilsKt
instanceKlass org/jetbrains/kotlin/fir/types/InferenceUtilsKt
instanceKlass org/jetbrains/kotlin/fir/resolve/inference/InferenceUtilsKt
instanceKlass org/jetbrains/kotlin/builtins/functions/FunctionTypeKindExtractor$KindWithArity
instanceKlass  @bci org/jetbrains/kotlin/fir/resolve/SamResolutionKt buildSubstitutorWithUpperBounds (Lorg/jetbrains/kotlin/fir/declarations/FirTypeParameterRefsOwner;Lorg/jetbrains/kotlin/fir/FirSession;Lorg/jetbrains/kotlin/fir/types/ConeClassLikeType;)Lorg/jetbrains/kotlin/fir/resolve/substitution/ConeSubstitutor; 149 <appendix> member <vmtarget> ; # org/jetbrains/kotlin/fir/resolve/SamResolutionKt$$Lambda+0x00000001006478e0
instanceKlass org/jetbrains/kotlin/fir/resolve/SAMInfo
instanceKlass  @bci org/jetbrains/kotlin/fir/resolve/SamResolutionKt findSingleAbstractMethodByNames (Lorg/jetbrains/kotlin/fir/declarations/FirRegularClass;Lorg/jetbrains/kotlin/fir/FirSession;Lorg/jetbrains/kotlin/fir/resolve/ScopeSession;Ljava/util/Set;)Lorg/jetbrains/kotlin/fir/declarations/FirSimpleFunction; 99 <appendix> member <vmtarget> ; # org/jetbrains/kotlin/fir/resolve/SamResolutionKt$$Lambda+0x0000000100647448
instanceKlass  @bci org/jetbrains/kotlin/fir/resolve/SamResolutionKt findSingleAbstractMethodByNames (Lorg/jetbrains/kotlin/fir/declarations/FirRegularClass;Lorg/jetbrains/kotlin/fir/FirSession;Lorg/jetbrains/kotlin/fir/resolve/ScopeSession;Ljava/util/Set;)Lorg/jetbrains/kotlin/fir/declarations/FirSimpleFunction; 75 <appendix> member <vmtarget> ; # org/jetbrains/kotlin/fir/resolve/SamResolutionKt$$Lambda+0x00000001006471f0
instanceKlass org/jetbrains/kotlin/fir/symbols/impl/UtilsKt
instanceKlass  @bci org/jetbrains/kotlin/fir/types/FirCorrespondingSupertypesCache computeSupertypePolicyAndPutInMap (Lorg/jetbrains/kotlin/types/model/SimpleTypeMarker;Ljava/util/Map;Lorg/jetbrains/kotlin/types/TypeCheckerState;)Lorg/jetbrains/kotlin/types/TypeCheckerState$SupertypesPolicy; 50 <appendix> member <vmtarget> ; # org/jetbrains/kotlin/fir/types/FirCorrespondingSupertypesCache$$Lambda+0x0000000100646000
instanceKlass  @bci org/jetbrains/kotlin/fir/types/FirCorrespondingSupertypesCache computeSupertypePolicyAndPutInMap (Lorg/jetbrains/kotlin/types/model/SimpleTypeMarker;Ljava/util/Map;Lorg/jetbrains/kotlin/types/TypeCheckerState;)Lorg/jetbrains/kotlin/types/TypeCheckerState$SupertypesPolicy; 45 <appendix> argL0 ; # org/jetbrains/kotlin/fir/types/FirCorrespondingSupertypesCache$$Lambda+0x0000000100643c48
instanceKlass org/jetbrains/kotlin/resolve/calls/inference/ConstraintSystemBuilderKt$WhenMappings
instanceKlass org/jetbrains/kotlin/resolve/calls/inference/ConstraintSystemBuilderKt
instanceKlass org/jetbrains/kotlin/fir/resolve/calls/stages/ArgumentCheckingProcessor$ArgumentContext
instanceKlass org/jetbrains/kotlin/fir/resolve/calls/stages/ArgumentCheckingProcessor
instanceKlass org/jetbrains/kotlin/fir/resolve/FirSamResolver$SamConversionInfo
instanceKlass org/jetbrains/kotlin/fir/resolve/calls/ArgumentUtilsKt
instanceKlass org/jetbrains/kotlin/fir/resolve/calls/stages/CheckArgumentsKt
instanceKlass  @bci org/jetbrains/kotlin/fir/resolve/calls/stages/CheckDslScopeViolation check$checkReceiver (Lorg/jetbrains/kotlin/fir/resolve/calls/ResolutionContext;Lorg/jetbrains/kotlin/fir/resolve/calls/candidate/Candidate;Lorg/jetbrains/kotlin/fir/resolve/calls/candidate/CheckerSink;Lorg/jetbrains/kotlin/fir/expressions/FirExpression;)V 68 <appendix> member <vmtarget> ; # org/jetbrains/kotlin/fir/resolve/calls/stages/CheckDslScopeViolation$$Lambda+0x0000000100641b28
instanceKlass  @bci org/jetbrains/kotlin/fir/resolve/calls/stages/CheckDslScopeViolation check$checkReceiver (Lorg/jetbrains/kotlin/fir/resolve/calls/ResolutionContext;Lorg/jetbrains/kotlin/fir/resolve/calls/candidate/Candidate;Lorg/jetbrains/kotlin/fir/resolve/calls/candidate/CheckerSink;Lorg/jetbrains/kotlin/fir/expressions/FirExpression;)V 62 <appendix> member <vmtarget> ; # org/jetbrains/kotlin/fir/resolve/calls/stages/CheckDslScopeViolation$$Lambda+0x00000001006418d0
instanceKlass org/jetbrains/kotlin/fir/expressions/ReferenceUtilsKt
instanceKlass  @bci org/jetbrains/kotlin/fir/resolve/calls/stages/CollectTypeVariableUsagesInfo getDependentTypeParameters (Lorg/jetbrains/kotlin/resolve/calls/inference/model/NewConstraintSystemImpl;Lorg/jetbrains/kotlin/types/model/TypeConstructorMarker;Ljava/util/List;)Ljava/util/List; 27 <appendix> member <vmtarget> ; # org/jetbrains/kotlin/fir/resolve/calls/stages/CollectTypeVariableUsagesInfo$$Lambda+0x00000001006411b0
instanceKlass  @bci org/jetbrains/kotlin/fir/resolve/calls/stages/CollectTypeVariableUsagesInfo getDependentTypeParameters (Lorg/jetbrains/kotlin/resolve/calls/inference/model/NewConstraintSystemImpl;Lorg/jetbrains/kotlin/types/model/TypeConstructorMarker;Ljava/util/List;)Ljava/util/List; 17 <appendix> member <vmtarget> ; # org/jetbrains/kotlin/fir/resolve/calls/stages/CollectTypeVariableUsagesInfo$$Lambda+0x0000000100640f58
instanceKlass  @bci org/jetbrains/kotlin/fir/resolve/calls/stages/CheckHiddenDeclaration isHiddenForThisCallSite (Lorg/jetbrains/kotlin/fir/symbols/impl/FirCallableSymbol;Lorg/jetbrains/kotlin/fir/resolve/calls/candidate/CallInfo;Lorg/jetbrains/kotlin/fir/resolve/calls/candidate/Candidate;Lorg/jetbrains/kotlin/fir/FirSession;Lorg/jetbrains/kotlin/fir/resolve/calls/candidate/CheckerSink;)Z 138 <adapter> ; # java/lang/invoke/LambdaForm$MH+0x0000000100644800
# instanceKlass java/lang/invoke/LambdaForm$DMH+0x0000000100644400
instanceKlass  @bci org/jetbrains/kotlin/fir/resolve/calls/stages/CheckHiddenDeclaration isHiddenForThisCallSite (Lorg/jetbrains/kotlin/fir/symbols/impl/FirCallableSymbol;Lorg/jetbrains/kotlin/fir/resolve/calls/candidate/CallInfo;Lorg/jetbrains/kotlin/fir/resolve/calls/candidate/Candidate;Lorg/jetbrains/kotlin/fir/FirSession;Lorg/jetbrains/kotlin/fir/resolve/calls/candidate/CheckerSink;)Z 138 <appendix> form vmentry <vmtarget> ; # java/lang/invoke/LambdaForm$DMH+0x0000000100644000
instanceKlass  @bci org/jetbrains/kotlin/fir/resolve/calls/stages/CheckHiddenDeclaration isHiddenForThisCallSite (Lorg/jetbrains/kotlin/fir/symbols/impl/FirCallableSymbol;Lorg/jetbrains/kotlin/fir/resolve/calls/candidate/CallInfo;Lorg/jetbrains/kotlin/fir/resolve/calls/candidate/Candidate;Lorg/jetbrains/kotlin/fir/FirSession;Lorg/jetbrains/kotlin/fir/resolve/calls/candidate/CheckerSink;)Z 138 <appendix> member <vmtarget> ; # org/jetbrains/kotlin/fir/resolve/calls/stages/CheckHiddenDeclaration$$Lambda+0x0000000100640918
instanceKlass org/jetbrains/kotlin/fir/resolve/calls/tower/TowerLevelsKt
instanceKlass org/jetbrains/kotlin/types/AbstractTypeChecker$WhenMappings
instanceKlass org/jetbrains/kotlin/fir/types/FirCorrespondingSupertypesCacheKt
instanceKlass org/jetbrains/kotlin/types/TypeCheckerState$SupertypesPolicy
instanceKlass org/jetbrains/kotlin/types/AbstractNullabilityChecker
instanceKlass  @bci org/jetbrains/kotlin/fir/resolve/calls/candidate/CandidateFactoryKt addSubsystemFromExpression (Lorg/jetbrains/kotlin/resolve/calls/components/PostponedArgumentsAnalyzerContext;Lorg/jetbrains/kotlin/fir/expressions/FirStatement;)Z 14 <appendix> member <vmtarget> ; # org/jetbrains/kotlin/fir/resolve/calls/candidate/CandidateFactoryKt$$Lambda+0x000000010063ed60
instanceKlass org/jetbrains/kotlin/fir/scopes/impl/TypeAliasConstructorsSubstitutingScopeKt
instanceKlass  @bci org/jetbrains/kotlin/fir/resolve/calls/ConstructorProcessingKt processConstructors (Lorg/jetbrains/kotlin/fir/symbols/impl/FirClassLikeSymbol;Lorg/jetbrains/kotlin/fir/resolve/substitution/ConeSubstitutor;Lkotlin/jvm/functions/Function1;Lorg/jetbrains/kotlin/fir/FirSession;Lorg/jetbrains/kotlin/fir/resolve/BodyResolveComponents;Lorg/jetbrains/kotlin/fir/resolve/calls/ConstructorFilter;Ljava/util/List;)V 350 <appendix> member <vmtarget> ; # org/jetbrains/kotlin/fir/resolve/calls/ConstructorProcessingKt$$Lambda+0x000000010063d7a0
instanceKlass  @bci org/jetbrains/kotlin/fir/scopes/impl/FirSubstitutionOverrideStorage$SubstitutionOverrideCache <init> (Lorg/jetbrains/kotlin/fir/caches/FirCachesFactory;)V 38 <appendix> argL0 ; # org/jetbrains/kotlin/fir/scopes/impl/FirSubstitutionOverrideStorage$SubstitutionOverrideCache$$Lambda+0x000000010063d550
instanceKlass  @bci org/jetbrains/kotlin/fir/scopes/impl/FirSubstitutionOverrideStorage$SubstitutionOverrideCache <init> (Lorg/jetbrains/kotlin/fir/caches/FirCachesFactory;)V 25 <appendix> argL0 ; # org/jetbrains/kotlin/fir/scopes/impl/FirSubstitutionOverrideStorage$SubstitutionOverrideCache$$Lambda+0x000000010063d300
instanceKlass  @bci org/jetbrains/kotlin/fir/scopes/impl/FirSubstitutionOverrideStorage$SubstitutionOverrideCache <init> (Lorg/jetbrains/kotlin/fir/caches/FirCachesFactory;)V 12 <appendix> argL0 ; # org/jetbrains/kotlin/fir/scopes/impl/FirSubstitutionOverrideStorage$SubstitutionOverrideCache$$Lambda+0x000000010063d0b0
instanceKlass org/jetbrains/kotlin/fir/scopes/impl/FirSubstitutionOverrideStorage$SubstitutionOverrideCache
instanceKlass org/jetbrains/kotlin/fir/scopes/impl/FirClassSubstitutionScopeKt
instanceKlass org/jetbrains/kotlin/fir/resolve/calls/ConstructorProcessingKt$WhenMappings
instanceKlass org/jetbrains/kotlin/fir/resolve/calls/SymbolWithSubstitutor
instanceKlass  @bci org/jetbrains/kotlin/fir/FirVisibilityCheckerKt parentDeclarationSequence (Lorg/jetbrains/kotlin/fir/declarations/FirMemberDeclaration;Lorg/jetbrains/kotlin/fir/FirSession;Lorg/jetbrains/kotlin/fir/expressions/FirExpression;Ljava/util/List;Lorg/jetbrains/kotlin/fir/resolve/SupertypeSupplier;)Lkotlin/sequences/Sequence; 46 <appendix> member <vmtarget> ; # org/jetbrains/kotlin/fir/FirVisibilityCheckerKt$$Lambda+0x000000010063be58
instanceKlass org/jetbrains/kotlin/fir/resolve/calls/QualifierReceiver
instanceKlass org/jetbrains/kotlin/fir/resolve/calls/QualifierReceiverKt
instanceKlass org/jetbrains/kotlin/fir/resolve/dfa/UtilKt
instanceKlass  @bci org/jetbrains/kotlin/fir/resolve/dfa/FirDataFlowAnalyzer getRealVariableWithoutUnwrappingAlias (Lorg/jetbrains/kotlin/fir/resolve/dfa/Flow;Lorg/jetbrains/kotlin/fir/FirElement;)Lorg/jetbrains/kotlin/fir/resolve/dfa/RealVariable; 7 <appendix> member <vmtarget> ; # org/jetbrains/kotlin/fir/resolve/dfa/FirDataFlowAnalyzer$$Lambda+0x00000001006392c8
instanceKlass org/jetbrains/kotlin/fir/resolve/dfa/DataFlowVariable
instanceKlass org/jetbrains/kotlin/fir/resolve/calls/ConstructorProcessingKt$getSingleVisibleClassifier$$inlined$processClassifiersByName$1
instanceKlass  @bci org/jetbrains/kotlin/fir/resolve/calls/ConstructorProcessingKt getSingleVisibleClassifier (Lorg/jetbrains/kotlin/fir/scopes/FirScope;Lorg/jetbrains/kotlin/fir/FirSession;Lorg/jetbrains/kotlin/fir/resolve/BodyResolveComponents;Lorg/jetbrains/kotlin/name/Name;)Lorg/jetbrains/kotlin/fir/symbols/impl/FirClassifierSymbol; 51 <appendix> member <vmtarget> ; # org/jetbrains/kotlin/fir/resolve/calls/ConstructorProcessingKt$$Lambda+0x00000001006386c8
instanceKlass org/jetbrains/kotlin/fir/resolve/QualifiedNameResolutionKt
instanceKlass  @bci org/jetbrains/kotlin/fir/scopes/impl/FirDefaultStarImportingScope processClassifiersByNameWithSubstitution (Lorg/jetbrains/kotlin/name/Name;Lkotlin/jvm/functions/Function2;)V 15 <appendix> member <vmtarget> ; # org/jetbrains/kotlin/fir/scopes/impl/FirDefaultStarImportingScope$$Lambda+0x0000000100638238
instanceKlass org/jetbrains/kotlin/fir/resolve/calls/candidate/CandidateFactoryKt
instanceKlass kotlin/InitializedLazyImpl
instanceKlass org/jetbrains/kotlin/fir/declarations/SealedClassInheritorsKt$setSealedClassInheritors$$inlined$sortedBy$1
instanceKlass org/jetbrains/kotlin/fir/declarations/SealedClassInheritorsKt
instanceKlass org/jetbrains/kotlin/fir/java/deserialization/AnnotationsLoader$AnnotationsLoaderVisitorImpl$visitAnnotation$1
instanceKlass org/jetbrains/kotlin/fir/expressions/builder/FirResolvedQualifierBuilder
instanceKlass org/jetbrains/kotlin/fir/expressions/builder/FirAbstractResolvedQualifierBuilder
instanceKlass org/jetbrains/kotlin/fir/scopes/FirCompositeScope$processComposite$1
instanceKlass  @bci org/jetbrains/kotlin/fir/java/scopes/JavaClassStaticUseSiteScope computeProperties (Lorg/jetbrains/kotlin/name/Name;)Ljava/util/List; 81 <appendix> member <vmtarget> ; # org/jetbrains/kotlin/fir/java/scopes/JavaClassStaticUseSiteScope$$Lambda+0x00000001006338e8
instanceKlass  @bci org/jetbrains/kotlin/fir/java/scopes/JavaClassStaticUseSiteScope computeProperties (Lorg/jetbrains/kotlin/name/Name;)Ljava/util/List; 17 <appendix> member <vmtarget> ; # org/jetbrains/kotlin/fir/java/scopes/JavaClassStaticUseSiteScope$$Lambda+0x0000000100633690
instanceKlass  @bci org/jetbrains/kotlin/fir/java/scopes/JavaClassStaticEnhancementScope processPropertiesByName (Lorg/jetbrains/kotlin/name/Name;Lkotlin/jvm/functions/Function1;)V 20 <appendix> member <vmtarget> ; # org/jetbrains/kotlin/fir/java/scopes/JavaClassStaticEnhancementScope$$Lambda+0x0000000100633438
instanceKlass  @bci org/jetbrains/kotlin/fir/scopes/impl/FirStaticScope processPropertiesByName (Lorg/jetbrains/kotlin/name/Name;Lkotlin/jvm/functions/Function1;)V 18 <appendix> member <vmtarget> ; # org/jetbrains/kotlin/fir/scopes/impl/FirStaticScope$$Lambda+0x00000001006331e0
instanceKlass  @bci org/jetbrains/kotlin/fir/resolve/calls/FirCallResolver resolveVariableAccessAndSelectCandidateImpl (Lorg/jetbrains/kotlin/fir/expressions/FirQualifiedAccessExpression;ZLorg/jetbrains/kotlin/fir/resolve/ResolutionMode;ZLorg/jetbrains/kotlin/fir/FirElement;Lkotlin/jvm/functions/Function1;)Lorg/jetbrains/kotlin/fir/expressions/FirExpression; 117 <adapter> ; # java/lang/invoke/LambdaForm$MH+0x0000000100635800
# instanceKlass java/lang/invoke/LambdaForm$DMH+0x0000000100635400
instanceKlass  @bci org/jetbrains/kotlin/fir/resolve/calls/FirCallResolver resolveVariableAccessAndSelectCandidateImpl (Lorg/jetbrains/kotlin/fir/expressions/FirQualifiedAccessExpression;ZLorg/jetbrains/kotlin/fir/resolve/ResolutionMode;ZLorg/jetbrains/kotlin/fir/FirElement;Lkotlin/jvm/functions/Function1;)Lorg/jetbrains/kotlin/fir/expressions/FirExpression; 117 <appendix> form vmentry <vmtarget> ; # java/lang/invoke/LambdaForm$DMH+0x0000000100635000
instanceKlass  @bci org/jetbrains/kotlin/fir/resolve/calls/FirCallResolver resolveVariableAccessAndSelectCandidateImpl (Lorg/jetbrains/kotlin/fir/expressions/FirQualifiedAccessExpression;ZLorg/jetbrains/kotlin/fir/resolve/ResolutionMode;ZLorg/jetbrains/kotlin/fir/FirElement;Lkotlin/jvm/functions/Function1;)Lorg/jetbrains/kotlin/fir/expressions/FirExpression; 117 <appendix> member <vmtarget> ; # org/jetbrains/kotlin/fir/resolve/calls/FirCallResolver$$Lambda+0x0000000100632f88
instanceKlass  @cpi org/jetbrains/kotlin/fir/resolve/calls/FirCallResolver 786 form vmentry <vmtarget> ; # java/lang/invoke/LambdaForm$DMH+0x0000000100634c00
instanceKlass  @bci org/jetbrains/kotlin/fir/resolve/calls/FirCallResolver resolveVariableAccessAndSelectCandidate (Lorg/jetbrains/kotlin/fir/expressions/FirQualifiedAccessExpression;ZZLorg/jetbrains/kotlin/fir/FirElement;Lorg/jetbrains/kotlin/fir/resolve/ResolutionMode;)Lorg/jetbrains/kotlin/fir/expressions/FirExpression; 31 <appendix> argL0 ; # org/jetbrains/kotlin/fir/resolve/calls/FirCallResolver$$Lambda+0x0000000100632d38
instanceKlass org/jetbrains/kotlin/fir/resolve/dfa/cfg/ControlFlowGraphKt
instanceKlass  @bci org/jetbrains/kotlin/fir/resolve/transformers/body/resolve/FirDeclarationsResolveTransformer transformAccessor (Lorg/jetbrains/kotlin/fir/declarations/FirPropertyAccessor;Lorg/jetbrains/kotlin/fir/declarations/FirProperty;Z)V 57 <adapter> ; # java/lang/invoke/LambdaForm$MH+0x0000000100634800
# instanceKlass java/lang/invoke/LambdaForm$DMH+0x0000000100634400
instanceKlass  @bci org/jetbrains/kotlin/fir/resolve/transformers/body/resolve/FirDeclarationsResolveTransformer transformAccessor (Lorg/jetbrains/kotlin/fir/declarations/FirPropertyAccessor;Lorg/jetbrains/kotlin/fir/declarations/FirProperty;Z)V 57 <appendix> form vmentry <vmtarget> ; # java/lang/invoke/LambdaForm$DMH+0x0000000100634000
instanceKlass  @bci org/jetbrains/kotlin/fir/resolve/transformers/body/resolve/FirDeclarationsResolveTransformer transformAccessor (Lorg/jetbrains/kotlin/fir/declarations/FirPropertyAccessor;Lorg/jetbrains/kotlin/fir/declarations/FirProperty;Z)V 57 <appendix> member <vmtarget> ; # org/jetbrains/kotlin/fir/resolve/transformers/body/resolve/FirDeclarationsResolveTransformer$$Lambda+0x0000000100631c98
instanceKlass org/jetbrains/kotlin/util/EmptyArrayMap$iterator$1
instanceKlass  @bci org/jetbrains/kotlin/fir/resolve/transformers/body/resolve/DeclarationApproximationUtilsKt approximateDeclarationType (Ljava/lang/Object;Lorg/jetbrains/kotlin/fir/FirSession;Lorg/jetbrains/kotlin/descriptors/Visibility;ZZZ)Ljava/lang/Object; 150 <appendix> argL0 ; # org/jetbrains/kotlin/fir/resolve/transformers/body/resolve/DeclarationApproximationUtilsKt$$Lambda+0x0000000100631520
instanceKlass org/jetbrains/kotlin/fir/resolve/transformers/body/resolve/DeclarationApproximationUtilsKt
instanceKlass org/jetbrains/kotlin/fir/extensions/FirExpressionResolutionExtensionKt
instanceKlass org/jetbrains/kotlin/fir/resolve/transformers/body/resolve/FirExpressionsResolveTransformerKt
instanceKlass org/jetbrains/kotlin/fir/references/FirReferenceUtilsKt
instanceKlass org/jetbrains/kotlin/fir/declarations/FirResolvePhaseKt$WhenMappings
instanceKlass org/jetbrains/kotlin/fir/declarations/FirResolvePhaseKt
instanceKlass  @bci org/jetbrains/kotlin/fir/resolve/dfa/FirDataFlowAnalyzer exitFunctionCall (Lorg/jetbrains/kotlin/fir/expressions/FirFunctionCall;Z)V 36 <appendix> member <vmtarget> ; # org/jetbrains/kotlin/fir/resolve/dfa/FirDataFlowAnalyzer$$Lambda+0x000000010062fd78
instanceKlass org/jetbrains/kotlin/fir/resolve/calls/ResolutionDiagnostic
instanceKlass org/jetbrains/kotlin/fir/resolve/transformers/FirCallCompletionResultsWriterTransformerKt
instanceKlass org/jetbrains/kotlin/fir/resolve/transformers/FirCallCompletionResultsWriterTransformer$ResultingArgumentsMapping
instanceKlass org/jetbrains/kotlin/types/AbstractTypeApproximator$WhenMappings
instanceKlass org/jetbrains/kotlin/fir/types/ConeTypeContext$WhenMappings
instanceKlass org/jetbrains/kotlin/types/model/TypeSystemContextKt$WhenMappings
instanceKlass org/jetbrains/kotlin/types/model/TypeSystemContextKt
instanceKlass org/jetbrains/kotlin/fir/types/ConeCapturedTypeConstructor
instanceKlass org/jetbrains/kotlin/types/model/CapturedTypeConstructorMarker
instanceKlass  @bci org/jetbrains/kotlin/types/AbstractTypeApproximator approximateToSuperType (Lorg/jetbrains/kotlin/types/model/KotlinTypeMarker;Lorg/jetbrains/kotlin/types/TypeApproximatorConfiguration;I)Lorg/jetbrains/kotlin/types/model/KotlinTypeMarker; 67 <appendix> member <vmtarget> ; # org/jetbrains/kotlin/types/AbstractTypeApproximator$$Lambda+0x000000010062c188
instanceKlass org/jetbrains/kotlin/types/TypeApproximatorConfiguration
instanceKlass org/jetbrains/kotlin/fir/types/ConeIntegerLiteralTypeImplKt
instanceKlass org/jetbrains/kotlin/fir/symbols/FirBasedSymbolKt
instanceKlass java/util/AbstractList$SubList$1
instanceKlass org/jetbrains/kotlin/resolve/calls/inference/ConstraintSystemTransaction
instanceKlass org/jetbrains/kotlin/resolve/calls/inference/model/MutableVariableWithConstraints$WhenMappings
instanceKlass  @bci org/jetbrains/kotlin/resolve/calls/inference/components/ResultTypeResolver isAppropriateResultTypeFromEqualityConstraints (Lorg/jetbrains/kotlin/types/model/KotlinTypeMarker;Lorg/jetbrains/kotlin/resolve/calls/inference/components/ResultTypeResolver$Context;)Z 19 <appendix> member <vmtarget> ; # org/jetbrains/kotlin/resolve/calls/inference/components/ResultTypeResolver$$Lambda+0x0000000100625710
instanceKlass  @bci org/jetbrains/kotlin/resolve/calls/inference/model/NewConstraintSystemImpl isProperTypeImpl (Lorg/jetbrains/kotlin/types/model/KotlinTypeMarker;)Z 3 <appendix> member <vmtarget> ; # org/jetbrains/kotlin/resolve/calls/inference/model/NewConstraintSystemImpl$$Lambda+0x0000000100625228
instanceKlass  @bci org/jetbrains/kotlin/fir/resolve/inference/ConstraintSystemCompleter runCompletion (Lorg/jetbrains/kotlin/resolve/calls/inference/components/ConstraintSystemCompletionContext;Lorg/jetbrains/kotlin/resolve/calls/inference/components/ConstraintSystemCompletionMode;Ljava/util/List;Lorg/jetbrains/kotlin/fir/types/ConeKotlinType;Lorg/jetbrains/kotlin/fir/resolve/calls/ResolutionContext;Lorg/jetbrains/kotlin/fir/resolve/inference/ConstraintSystemCompleter$PostponedAtomAnalyzer;)V 406 <appendix> member <vmtarget> ; # org/jetbrains/kotlin/fir/resolve/inference/ConstraintSystemCompleter$$Lambda+0x0000000100627998
instanceKlass  @bci org/jetbrains/kotlin/resolve/calls/inference/components/TypeVariableDependencyInformationProvider computeRelatedToTopLevelType ()V 14 <appendix> member <vmtarget> ; # org/jetbrains/kotlin/resolve/calls/inference/components/TypeVariableDependencyInformationProvider$$Lambda+0x0000000100627740
instanceKlass org/jetbrains/kotlin/resolve/calls/inference/components/VariableFixationFinder$VariableForFixation
instanceKlass org/jetbrains/kotlin/resolve/calls/inference/components/VariableFixationFinder$WhenMappings
instanceKlass  @bci org/jetbrains/kotlin/resolve/calls/inference/components/VariableFixationFinder hasDependencyToOtherTypeVariables (Lorg/jetbrains/kotlin/resolve/calls/inference/components/VariableFixationFinder$Context;Lorg/jetbrains/kotlin/types/model/TypeConstructorMarker;)Z 59 <appendix> member <vmtarget> ; # org/jetbrains/kotlin/resolve/calls/inference/components/VariableFixationFinder$$Lambda+0x0000000100626df8
instanceKlass  @bci org/jetbrains/kotlin/resolve/calls/inference/components/VariableFixationFinder variableHasProperArgumentConstraints (Lorg/jetbrains/kotlin/resolve/calls/inference/components/VariableFixationFinder$Context;Lorg/jetbrains/kotlin/types/model/TypeConstructorMarker;)Z 111 <appendix> member <vmtarget> ; # org/jetbrains/kotlin/resolve/calls/inference/components/VariableFixationFinder$$Lambda+0x0000000100626ba0
instanceKlass  @bci org/jetbrains/kotlin/resolve/calls/inference/components/VariableFixationFinder isProperType (Lorg/jetbrains/kotlin/resolve/calls/inference/components/VariableFixationFinder$Context;Lorg/jetbrains/kotlin/types/model/KotlinTypeMarker;)Z 53 <appendix> member <vmtarget> ; # org/jetbrains/kotlin/resolve/calls/inference/components/VariableFixationFinder$$Lambda+0x0000000100626948
instanceKlass  @bci org/jetbrains/kotlin/resolve/calls/inference/components/TypeVariableDependencyInformationProvider forAllMyTypeVariables (Lorg/jetbrains/kotlin/types/model/KotlinTypeMarker;Lkotlin/jvm/functions/Function1;)Z 13 <appendix> member <vmtarget> ; # org/jetbrains/kotlin/resolve/calls/inference/components/TypeVariableDependencyInformationProvider$$Lambda+0x00000001006266f0
instanceKlass  @bci org/jetbrains/kotlin/resolve/calls/inference/components/TypeVariableDependencyInformationProvider computeConstraintEdges ()V 111 <appendix> member <vmtarget> ; # org/jetbrains/kotlin/resolve/calls/inference/components/TypeVariableDependencyInformationProvider$$Lambda+0x0000000100626498
instanceKlass org/jetbrains/kotlin/resolve/calls/inference/components/TypeVariableDependencyInformationProvider
instanceKlass  @bci org/jetbrains/kotlin/fir/resolve/inference/ConstraintSystemCompleter getOrderedAllTypeVariables$collectAllTypeVariables (Lorg/jetbrains/kotlin/fir/expressions/FirStatement;Ljava/util/LinkedHashSet;Lorg/jetbrains/kotlin/resolve/calls/inference/components/ConstraintSystemCompletionContext;)V 10 <appendix> member <vmtarget> ; # org/jetbrains/kotlin/fir/resolve/inference/ConstraintSystemCompleter$$Lambda+0x0000000100626000
instanceKlass  @bci org/jetbrains/kotlin/fir/resolve/inference/ConstraintSystemCompleter getOrderedAllTypeVariables$collectAllTypeVariables (Lorg/jetbrains/kotlin/fir/expressions/FirStatement;Ljava/util/LinkedHashSet;Lorg/jetbrains/kotlin/resolve/calls/inference/components/ConstraintSystemCompletionContext;)V 3 <appendix> member <vmtarget> ; # org/jetbrains/kotlin/fir/resolve/inference/ConstraintSystemCompleter$$Lambda+0x0000000100623b78
instanceKlass  @bci org/jetbrains/kotlin/fir/resolve/inference/ConstraintSystemCompleter runCompletion (Lorg/jetbrains/kotlin/resolve/calls/inference/components/ConstraintSystemCompletionContext;Lorg/jetbrains/kotlin/resolve/calls/inference/components/ConstraintSystemCompletionMode;Ljava/util/List;Lorg/jetbrains/kotlin/fir/types/ConeKotlinType;Lorg/jetbrains/kotlin/fir/resolve/calls/ResolutionContext;Lorg/jetbrains/kotlin/fir/resolve/inference/ConstraintSystemCompleter$PostponedAtomAnalyzer;)V 62 <appendix> member <vmtarget> ; # org/jetbrains/kotlin/fir/resolve/inference/ConstraintSystemCompleter$$Lambda+0x0000000100623920
instanceKlass org/jetbrains/kotlin/fir/resolve/inference/ConstraintSystemCompleterKt
instanceKlass  @bci org/jetbrains/kotlin/fir/resolve/inference/ConstraintSystemCompleter$Companion getOrderedNotAnalyzedPostponedArguments (Ljava/util/List;)Ljava/util/List; 80 <appendix> member <vmtarget> ; # org/jetbrains/kotlin/fir/resolve/inference/ConstraintSystemCompleter$Companion$$Lambda+0x0000000100623490
instanceKlass  @bci org/jetbrains/kotlin/fir/resolve/inference/ConstraintSystemCompleter$Companion getOrderedNotAnalyzedPostponedArguments (Ljava/util/List;)Ljava/util/List; 72 <appendix> member <vmtarget> ; # org/jetbrains/kotlin/fir/resolve/inference/ConstraintSystemCompleter$Companion$$Lambda+0x0000000100623238
instanceKlass  @bci org/jetbrains/kotlin/types/model/TypeSystemInferenceExtensionContext extractTypeVariables (Lorg/jetbrains/kotlin/types/model/KotlinTypeMarker;)Ljava/util/Set; 18 <appendix> argL0 ; # org/jetbrains/kotlin/types/model/TypeSystemInferenceExtensionContext$$Lambda+0x0000000100622fe8
instanceKlass  @bci org/jetbrains/kotlin/fir/resolve/inference/FirCallCompleter runCompletionForCall (Lorg/jetbrains/kotlin/fir/resolve/calls/candidate/Candidate;Lorg/jetbrains/kotlin/resolve/calls/inference/components/ConstraintSystemCompletionMode;Lorg/jetbrains/kotlin/fir/expressions/FirStatement;Lorg/jetbrains/kotlin/fir/types/ConeKotlinType;Lorg/jetbrains/kotlin/fir/resolve/inference/PostponedArgumentsAnalyzer;)V 79 <appendix> member <vmtarget> ; # org/jetbrains/kotlin/fir/resolve/inference/FirCallCompleter$$Lambda+0x0000000100622d90
instanceKlass  @cpi org/jetbrains/kotlin/fir/resolve/inference/FirCallCompleter 666 form vmentry <vmtarget> ; # java/lang/invoke/LambdaForm$DMH+0x0000000100624000
instanceKlass org/jetbrains/kotlin/fir/resolve/calls/ConePostponedResolvedAtom
instanceKlass org/jetbrains/kotlin/resolve/calls/model/PostponedResolvedAtomMarker
instanceKlass org/jetbrains/kotlin/fir/resolve/inference/ConstraintSystemCompleter$PostponedAtomAnalyzer
instanceKlass org/jetbrains/kotlin/fir/resolve/inference/FirCallCompleter$WhenMappings
instanceKlass org/jetbrains/kotlin/fir/resolve/inference/PostponedArgumentsAnalyzer
instanceKlass org/jetbrains/kotlin/fir/resolve/inference/FirCallCompleter$LambdaAnalyzerImpl
instanceKlass org/jetbrains/kotlin/fir/resolve/inference/LambdaAnalyzer
instanceKlass org/jetbrains/kotlin/fir/resolve/inference/CompletionModeCalculatorKt
instanceKlass org/jetbrains/kotlin/fir/resolve/substitution/NoSubstitutor
instanceKlass org/jetbrains/kotlin/fir/resolve/ResolveUtilsKt
instanceKlass org/jetbrains/kotlin/fir/resolve/calls/FirCallResolver$ResolutionResult
instanceKlass  @bci org/jetbrains/kotlin/fir/resolve/substitution/AbstractConeSubstitutor substituteArguments (Lorg/jetbrains/kotlin/fir/types/ConeSimpleKotlinType;)Lorg/jetbrains/kotlin/fir/types/ConeKotlinType; 1 <appendix> member <vmtarget> ; # org/jetbrains/kotlin/fir/resolve/substitution/AbstractConeSubstitutor$$Lambda+0x00000001006206c8
instanceKlass  @bci org/jetbrains/kotlin/resolve/calls/results/FlatSignatureKt isSignatureEquallyOrMoreSpecific (Lorg/jetbrains/kotlin/resolve/calls/results/SimpleConstraintSystem;Lorg/jetbrains/kotlin/resolve/calls/results/FlatSignature;Lorg/jetbrains/kotlin/resolve/calls/results/FlatSignature;Lorg/jetbrains/kotlin/resolve/calls/results/SpecificityComparisonCallbacks;Lorg/jetbrains/kotlin/resolve/calls/results/TypeSpecificityComparator;Z)Z 96 <appendix> argL0 ; # org/jetbrains/kotlin/resolve/calls/results/FlatSignatureKt$$Lambda+0x0000000100620478
instanceKlass org/jetbrains/kotlin/resolve/calls/results/TypeWithConversion
instanceKlass org/jetbrains/kotlin/resolve/calls/results/FlatSignatureKt
instanceKlass org/jetbrains/kotlin/fir/resolve/calls/overloads/ConeSimpleConstraintSystemImpl
instanceKlass org/jetbrains/kotlin/resolve/calls/results/SimpleConstraintSystem
instanceKlass org/jetbrains/kotlin/resolve/calls/results/FlatSignature$Companion
instanceKlass org/jetbrains/kotlin/resolve/calls/results/FlatSignature
instanceKlass org/jetbrains/kotlin/fir/resolve/calls/overloads/ConeOverloadConflictResolver$DiscriminationFlags
instanceKlass org/jetbrains/kotlin/fir/resolve/calls/jvm/ConeEquivalentCallConflictResolver$filterOutEquivalentCalls$$inlined$sortedBy$1
instanceKlass org/jetbrains/kotlin/fir/resolve/calls/ResolvedCallArgument
instanceKlass org/jetbrains/kotlin/fir/declarations/ExpectActualAttributesKt
instanceKlass org/jetbrains/kotlin/fir/resolve/FirDefaultParametersResolverKt
instanceKlass  @bci org/jetbrains/kotlin/fir/resolve/calls/stages/FirCallArgumentsProcessor <init> (Lorg/jetbrains/kotlin/fir/FirSession;Lorg/jetbrains/kotlin/fir/declarations/FirFunction;Lorg/jetbrains/kotlin/fir/resolve/BodyResolveComponents;Lorg/jetbrains/kotlin/fir/scopes/FirScope;Z)V 81 <appendix> member <vmtarget> ; # org/jetbrains/kotlin/fir/resolve/calls/stages/FirCallArgumentsProcessor$$Lambda+0x000000010061dc00
instanceKlass org/jetbrains/kotlin/fir/resolve/calls/stages/FirCallArgumentsProcessor
instanceKlass org/jetbrains/kotlin/fir/scopes/impl/FirIntegerConstantOperatorScopeKt
instanceKlass org/jetbrains/kotlin/fir/resolve/inference/FirDelegatedPropertyInferenceSessionKt
instanceKlass  @bci org/jetbrains/kotlin/resolve/calls/inference/components/ConstraintIncorporator areThereRecursiveConstraints (Lorg/jetbrains/kotlin/resolve/calls/inference/components/ConstraintIncorporator$Context;Lorg/jetbrains/kotlin/types/model/TypeVariableMarker;Lorg/jetbrains/kotlin/resolve/calls/inference/model/Constraint;)Z 7 <appendix> member <vmtarget> ; # org/jetbrains/kotlin/resolve/calls/inference/components/ConstraintIncorporator$$Lambda+0x000000010061bd78
instanceKlass org/jetbrains/kotlin/resolve/calls/inference/components/VariableFixationFinderKt
instanceKlass  @bci org/jetbrains/kotlin/resolve/calls/inference/InferenceUtilsKt extractAllContainingTypeVariablesNoCaptureTypeProcessing (Lorg/jetbrains/kotlin/types/model/TypeSystemInferenceExtensionContext;Lorg/jetbrains/kotlin/types/model/KotlinTypeMarker;Ljava/util/Set;)V 4 <appendix> member <vmtarget> ; # org/jetbrains/kotlin/resolve/calls/inference/InferenceUtilsKt$$Lambda+0x000000010061b8e8
instanceKlass org/jetbrains/kotlin/resolve/calls/inference/InferenceUtilsKt
instanceKlass org/jetbrains/kotlin/types/model/MarkerExtensionsKt
instanceKlass org/jetbrains/kotlin/resolve/calls/inference/model/Constraint
instanceKlass org/jetbrains/kotlin/resolve/calls/inference/components/ConstraintContext
instanceKlass org/jetbrains/kotlin/fir/types/ConeStubTypeConstructor
instanceKlass org/jetbrains/kotlin/resolve/calls/inference/components/ConstraintIncorporator$Context
instanceKlass org/jetbrains/kotlin/resolve/calls/inference/model/InitialConstraint
instanceKlass org/jetbrains/kotlin/types/model/TypeSystemContextHelpersKt
instanceKlass org/jetbrains/kotlin/resolve/calls/inference/model/ConstraintPosition
instanceKlass org/jetbrains/kotlin/resolve/calls/inference/model/OnlyInputTypeConstraintPosition
instanceKlass org/jetbrains/kotlin/resolve/calls/inference/model/MutableVariableWithConstraints
instanceKlass org/jetbrains/kotlin/resolve/calls/inference/model/VariableWithConstraints
instanceKlass  @bci org/jetbrains/kotlin/fir/resolve/substitution/ConeSubstitutorByMap <init> (Ljava/util/Map;Lorg/jetbrains/kotlin/fir/FirSession;)V 26 <appendix> member <vmtarget> ; # org/jetbrains/kotlin/fir/resolve/substitution/ConeSubstitutorByMap$$Lambda+0x0000000100615b78
instanceKlass java/security/CodeSigner
instanceKlass org/jetbrains/kotlin/fir/types/ConeTypeVariableTypeConstructor
instanceKlass org/jetbrains/kotlin/types/model/TypeVariableTypeConstructorMarker
instanceKlass org/jetbrains/kotlin/fir/types/ConeTypeVariable
instanceKlass org/jetbrains/kotlin/types/model/TypeVariableMarker
instanceKlass org/jetbrains/kotlin/fir/resolve/calls/stages/CreateFreshTypeVariableSubstitutorStageKt
instanceKlass org/jetbrains/kotlin/fir/resolve/calls/stages/TypeArgumentMapping
instanceKlass org/jetbrains/kotlin/fir/resolve/calls/stages/CheckExplicitReceiverConsistency$WhenMappings
instanceKlass org/jetbrains/kotlin/fir/resolve/calls/ResolutionDiagnosticKt
instanceKlass org/jetbrains/kotlin/fir/resolve/calls/stages/ArgumentMapping
instanceKlass org/jetbrains/kotlin/fir/resolve/calls/stages/FirArgumentsToParametersMapperKt
instanceKlass org/jetbrains/kotlin/fir/resolve/calls/VisibilityUtilsKt
instanceKlass org/jetbrains/kotlin/fir/resolve/calls/stages/ResolutionStageRunner$processCandidate$2
instanceKlass org/jetbrains/kotlin/fir/resolve/calls/candidate/CheckerSink
instanceKlass  @bci org/jetbrains/kotlin/fir/resolve/calls/candidate/Candidate <init> (Lorg/jetbrains/kotlin/fir/symbols/FirBasedSymbol;Lorg/jetbrains/kotlin/fir/expressions/FirExpression;Ljava/util/List;Lorg/jetbrains/kotlin/resolve/calls/tasks/ExplicitReceiverKind;Lorg/jetbrains/kotlin/fir/resolve/inference/InferenceComponents$ConstraintSystemFactory;Lorg/jetbrains/kotlin/resolve/calls/inference/model/ConstraintStorage;Lorg/jetbrains/kotlin/fir/resolve/calls/candidate/CallInfo;Lorg/jetbrains/kotlin/fir/scopes/FirScope;ZZLorg/jetbrains/kotlin/fir/resolve/transformers/body/resolve/BodyResolveContext;)V 115 <appendix> member <vmtarget> ; # org/jetbrains/kotlin/fir/resolve/calls/candidate/Candidate$$Lambda+0x0000000100613908
instanceKlass org/jetbrains/kotlin/fir/resolve/calls/candidate/CandidateFactory$WhenMappings
instanceKlass org/jetbrains/kotlin/fir/resolve/calls/tower/ScopeTowerLevel$processObjectsByName$$inlined$processClassifiersByName$1
instanceKlass  @bci org/jetbrains/kotlin/fir/resolve/calls/tower/ScopeTowerLevel processObjectsByName (Lorg/jetbrains/kotlin/fir/resolve/calls/candidate/CallInfo;Lorg/jetbrains/kotlin/fir/resolve/calls/tower/TowerScopeLevel$TowerScopeLevelProcessor;)Lorg/jetbrains/kotlin/fir/resolve/calls/tower/ProcessResult; 74 <appendix> member <vmtarget> ; # org/jetbrains/kotlin/fir/resolve/calls/tower/ScopeTowerLevel$$Lambda+0x0000000100612d08
instanceKlass org/jetbrains/kotlin/resolve/constants/ClassLiteralValue
instanceKlass  @bci org/jetbrains/kotlin/fir/scopes/impl/FirDefaultStarImportingScope processSymbolsByName (Lorg/jetbrains/kotlin/name/Name;Lkotlin/jvm/functions/Function3;Lkotlin/jvm/functions/Function1;)V 18 <appendix> member <vmtarget> ; # org/jetbrains/kotlin/fir/scopes/impl/FirDefaultStarImportingScope$$Lambda+0x0000000100612488
instanceKlass  @bci org/jetbrains/kotlin/fir/resolve/calls/ConstructorProcessingKt getFirstClassifierOrNull (Lorg/jetbrains/kotlin/fir/scopes/FirScope;Lorg/jetbrains/kotlin/fir/resolve/calls/candidate/CallInfo;Lorg/jetbrains/kotlin/fir/resolve/calls/ConstructorFilter;Lorg/jetbrains/kotlin/fir/FirSession;Lorg/jetbrains/kotlin/fir/resolve/BodyResolveComponents;)Lorg/jetbrains/kotlin/fir/resolve/calls/SymbolWithSubstitutor; 52 <appendix> member <vmtarget> ; # org/jetbrains/kotlin/fir/resolve/calls/ConstructorProcessingKt$$Lambda+0x0000000100611e48
instanceKlass  @cpi org/jetbrains/kotlin/fir/resolve/calls/ConstructorProcessingKt 255 form vmentry <vmtarget> ; # java/lang/invoke/LambdaForm$DMH+0x0000000100614000
instanceKlass  @bci org/jetbrains/kotlin/fir/resolve/calls/tower/ScopeTowerLevel processPropertiesByName (Lorg/jetbrains/kotlin/fir/resolve/calls/candidate/CallInfo;Lorg/jetbrains/kotlin/fir/resolve/calls/tower/TowerScopeLevel$TowerScopeLevelProcessor;)Lorg/jetbrains/kotlin/fir/resolve/calls/tower/ProcessResult; 77 <appendix> member <vmtarget> ; # org/jetbrains/kotlin/fir/resolve/calls/tower/ScopeTowerLevel$$Lambda+0x0000000100611bf0
instanceKlass  @bci org/jetbrains/kotlin/fir/resolve/calls/tower/ScopeTowerLevel processFunctionsByName (Lorg/jetbrains/kotlin/fir/resolve/calls/candidate/CallInfo;Lorg/jetbrains/kotlin/fir/resolve/calls/tower/TowerScopeLevel$TowerScopeLevelProcessor;)Lorg/jetbrains/kotlin/fir/resolve/calls/tower/ProcessResult; 86 <appendix> member <vmtarget> ; # org/jetbrains/kotlin/fir/resolve/calls/tower/ScopeTowerLevel$$Lambda+0x0000000100611998
instanceKlass  @bci org/jetbrains/kotlin/fir/resolve/calls/FirSyntheticPropertiesScope processPropertiesByName (Lorg/jetbrains/kotlin/name/Name;Lkotlin/jvm/functions/Function1;)V 73 <appendix> member <vmtarget> ; # org/jetbrains/kotlin/fir/resolve/calls/FirSyntheticPropertiesScope$$Lambda+0x0000000100611740
instanceKlass  @bci org/jetbrains/kotlin/fir/resolve/calls/tower/MemberScopeTowerLevel processPropertiesByName$lambda$9 (Lorg/jetbrains/kotlin/fir/FirLookupTrackerComponent;Lorg/jetbrains/kotlin/fir/resolve/calls/candidate/CallInfo;Lorg/jetbrains/kotlin/fir/resolve/calls/tower/MemberScopeTowerLevel;Lorg/jetbrains/kotlin/fir/scopes/FirScope;Lkotlin/jvm/functions/Function1;)Lkotlin/Unit; 47 <appendix> member <vmtarget> ; # org/jetbrains/kotlin/fir/resolve/calls/tower/MemberScopeTowerLevel$$Lambda+0x00000001006114e8
instanceKlass  @bci org/jetbrains/kotlin/fir/resolve/calls/tower/MemberScopeTowerLevel processPropertiesByName (Lorg/jetbrains/kotlin/fir/resolve/calls/candidate/CallInfo;Lorg/jetbrains/kotlin/fir/resolve/calls/tower/TowerScopeLevel$TowerScopeLevelProcessor;)Lorg/jetbrains/kotlin/fir/resolve/calls/tower/ProcessResult; 28 <appendix> member <vmtarget> ; # org/jetbrains/kotlin/fir/resolve/calls/tower/MemberScopeTowerLevel$$Lambda+0x0000000100611290
instanceKlass kotlin/coroutines/jvm/internal/Boxing
instanceKlass  @bci org/jetbrains/kotlin/fir/resolve/calls/tower/MemberScopeTowerLevel processMembers (Lorg/jetbrains/kotlin/fir/resolve/calls/candidate/CallInfo;Lorg/jetbrains/kotlin/fir/resolve/calls/tower/TowerScopeLevel$TowerScopeLevelProcessor;Lkotlin/jvm/functions/Function2;)Lorg/jetbrains/kotlin/fir/resolve/calls/tower/ProcessResult; 643 <appendix> member <vmtarget> ; # org/jetbrains/kotlin/fir/resolve/calls/tower/MemberScopeTowerLevel$$Lambda+0x0000000100610928
instanceKlass org/jetbrains/kotlin/fir/resolve/calls/FirSyntheticNamesProviderKt
instanceKlass org/jetbrains/kotlin/fir/resolve/calls/stages/ResolutionStagesKt
instanceKlass org/jetbrains/kotlin/fir/resolve/calls/FirSyntheticPropertiesScope$Companion
instanceKlass org/jetbrains/kotlin/fir/resolve/calls/ConstructorProcessingKt
instanceKlass  @bci org/jetbrains/kotlin/fir/resolve/calls/tower/MemberScopeTowerLevel processFunctionsByName$lambda$7 (Lorg/jetbrains/kotlin/fir/FirLookupTrackerComponent;Lorg/jetbrains/kotlin/fir/resolve/calls/candidate/CallInfo;Lorg/jetbrains/kotlin/fir/resolve/calls/tower/MemberScopeTowerLevel;Lorg/jetbrains/kotlin/fir/scopes/FirScope;Lkotlin/jvm/functions/Function1;)Lkotlin/Unit; 55 <appendix> member <vmtarget> ; # org/jetbrains/kotlin/fir/resolve/calls/tower/MemberScopeTowerLevel$$Lambda+0x000000010060f220
instanceKlass  @bci org/jetbrains/kotlin/fir/resolve/calls/tower/MemberScopeTowerLevel collectCandidates (Lorg/jetbrains/kotlin/fir/scopes/FirTypeScope;Lkotlin/jvm/functions/Function2;)Lkotlin/Pair; 32 <appendix> member <vmtarget> ; # org/jetbrains/kotlin/fir/resolve/calls/tower/MemberScopeTowerLevel$$Lambda+0x000000010060eb28
instanceKlass  @bci org/jetbrains/kotlin/fir/resolve/calls/tower/MemberScopeTowerLevel processFunctionsByName (Lorg/jetbrains/kotlin/fir/resolve/calls/candidate/CallInfo;Lorg/jetbrains/kotlin/fir/resolve/calls/tower/TowerScopeLevel$TowerScopeLevelProcessor;)Lorg/jetbrains/kotlin/fir/resolve/calls/tower/ProcessResult; 28 <appendix> member <vmtarget> ; # org/jetbrains/kotlin/fir/resolve/calls/tower/MemberScopeTowerLevel$$Lambda+0x000000010060e8d0
instanceKlass org/jetbrains/kotlin/fir/resolve/calls/tower/TowerScopeLevelProcessor
instanceKlass org/jetbrains/kotlin/fir/resolve/calls/tower/TowerScopeLevel$TowerScopeLevelProcessor
instanceKlass org/jetbrains/kotlin/fir/resolve/calls/tower/TowerScopeLevel
instanceKlass org/jetbrains/kotlin/resolve/descriptorUtil/AnnotationsForResolveKt
instanceKlass org/jetbrains/kotlin/resolve/calls/tower/CandidateApplicabilityKt
instanceKlass org/jetbrains/kotlin/fir/resolve/calls/tower/FirInvokeResolveTowerExtension$enqueueInvokeReceiverTask$invokeReceiverProcessor$1
instanceKlass org/jetbrains/kotlin/fir/resolve/calls/tower/TowerResolveManager$SuspendedResolverTask
instanceKlass org/jetbrains/kotlin/fir/resolve/calls/tower/TowerResolveManager$enqueueResolverTask$continuation$1
instanceKlass org/jetbrains/kotlin/fir/resolve/calls/tower/TowerLevelHandler
instanceKlass  @bci org/jetbrains/kotlin/fir/resolve/calls/tower/TowerDataElementsForName <init> (Lorg/jetbrains/kotlin/name/Name;Lorg/jetbrains/kotlin/fir/declarations/FirTowerDataContext;)V 68 <appendix> member <vmtarget> ; # org/jetbrains/kotlin/fir/resolve/calls/tower/TowerDataElementsForName$$Lambda+0x000000010060a968
instanceKlass  @bci org/jetbrains/kotlin/fir/resolve/calls/tower/TowerDataElementsForName <init> (Lorg/jetbrains/kotlin/name/Name;Lorg/jetbrains/kotlin/fir/declarations/FirTowerDataContext;)V 52 <appendix> member <vmtarget> ; # org/jetbrains/kotlin/fir/resolve/calls/tower/TowerDataElementsForName$$Lambda+0x0000000100607d10
instanceKlass  @bci org/jetbrains/kotlin/fir/resolve/calls/tower/TowerDataElementsForName <init> (Lorg/jetbrains/kotlin/name/Name;Lorg/jetbrains/kotlin/fir/declarations/FirTowerDataContext;)V 36 <appendix> member <vmtarget> ; # org/jetbrains/kotlin/fir/resolve/calls/tower/TowerDataElementsForName$$Lambda+0x0000000100607ab8
instanceKlass org/jetbrains/kotlin/fir/resolve/calls/tower/TowerDataElementsForName
instanceKlass org/jetbrains/kotlin/fir/resolve/calls/tower/FirBaseTowerResolveTask
instanceKlass org/jetbrains/kotlin/fir/resolve/calls/tower/FirInvokeResolveTowerExtension
instanceKlass org/jetbrains/kotlin/fir/resolve/calls/tower/CandidateFactoriesAndCollectors
instanceKlass org/jetbrains/kotlin/resolve/calls/inference/model/MutableConstraintStorage
instanceKlass org/jetbrains/kotlin/resolve/calls/inference/model/ConstraintStorage
instanceKlass org/jetbrains/kotlin/resolve/calls/inference/components/ConstraintSystemCompletionContext
instanceKlass org/jetbrains/kotlin/resolve/calls/inference/components/VariableFixationFinder$Context
instanceKlass org/jetbrains/kotlin/resolve/calls/inference/components/ResultTypeResolver$Context
instanceKlass org/jetbrains/kotlin/resolve/calls/inference/components/ConstraintInjector$Context
instanceKlass org/jetbrains/kotlin/resolve/calls/inference/NewConstraintSystem
instanceKlass org/jetbrains/kotlin/resolve/calls/inference/ConstraintSystemBuilder
instanceKlass org/jetbrains/kotlin/resolve/calls/inference/ConstraintSystemOperation
instanceKlass org/jetbrains/kotlin/resolve/calls/components/PostponedArgumentsAnalyzerContext
instanceKlass org/jetbrains/kotlin/fir/resolve/calls/candidate/CandidateFactory$Companion
instanceKlass org/jetbrains/kotlin/fir/resolve/calls/candidate/CandidateFactory
instanceKlass org/jetbrains/kotlin/fir/resolve/calls/AbstractCallInfo
instanceKlass org/jetbrains/kotlin/fir/resolve/calls/stages/ResolutionStage
instanceKlass org/jetbrains/kotlin/fir/resolve/calls/candidate/CallKind
instanceKlass org/jetbrains/kotlin/fir/resolve/dfa/cfg/PostponedPath
instanceKlass org/jetbrains/kotlin/fir/resolve/dfa/cfg/CFGNodeKt
instanceKlass org/jetbrains/kotlin/fir/resolve/dfa/cfg/Edge$Companion
instanceKlass org/jetbrains/kotlin/fir/resolve/dfa/cfg/Edge
instanceKlass org/jetbrains/kotlin/fir/resolve/dfa/cfg/NormalPath
instanceKlass org/jetbrains/kotlin/fir/resolve/dfa/cfg/EdgeLabel
instanceKlass org/jetbrains/kotlin/fir/resolve/dfa/cfg/EdgeKind$Companion
instanceKlass org/jetbrains/kotlin/fir/resolve/BodyResolveComponentsKt
instanceKlass org/jetbrains/kotlin/fir/resolve/transformers/InvocationKindTransformerKt
instanceKlass org/jetbrains/kotlin/fir/resolve/ResolutionModeKt
instanceKlass org/jetbrains/kotlin/fir/resolve/dfa/Identifier
instanceKlass org/jetbrains/kotlin/kotlinx/collections/immutable/internal/MutabilityOwnership
instanceKlass org/jetbrains/kotlin/kotlinx/collections/immutable/PersistentMap$Builder
instanceKlass org/jetbrains/kotlin/fir/resolve/dfa/FlowKt
instanceKlass  @bci org/jetbrains/kotlin/fir/resolve/dfa/FirDataFlowAnalyzer mergeIncomingFlow$default (Lorg/jetbrains/kotlin/fir/resolve/dfa/FirDataFlowAnalyzer;Lorg/jetbrains/kotlin/fir/resolve/dfa/cfg/CFGNode;Lkotlin/jvm/functions/Function2;ILjava/lang/Object;)V 22 <appendix> argL0 ; # org/jetbrains/kotlin/fir/resolve/dfa/FirDataFlowAnalyzer$$Lambda+0x00000001005fa048
instanceKlass org/jetbrains/kotlin/fir/resolve/dfa/Flow
instanceKlass org/jetbrains/kotlin/fir/resolve/dfa/FlowPath
instanceKlass org/jetbrains/kotlin/fir/resolve/dfa/cfg/GraphExitNodeMarker
instanceKlass org/jetbrains/kotlin/fir/resolve/dfa/cfg/CFGNode$Companion
instanceKlass org/jetbrains/kotlin/fir/resolve/dfa/cfg/ControlFlowGraphNodeBuilderKt
instanceKlass org/jetbrains/kotlin/fir/resolve/transformers/body/resolve/ImplicitBodyResolveComputationStatus
instanceKlass  @bci org/jetbrains/kotlin/fir/resolve/transformers/body/resolve/FirImplicitAwareBodyResolveTransformer transformProperty (Lorg/jetbrains/kotlin/fir/declarations/FirProperty;Lorg/jetbrains/kotlin/fir/resolve/ResolutionMode;)Lorg/jetbrains/kotlin/fir/declarations/FirProperty; 20 <appendix> member <vmtarget> ; # org/jetbrains/kotlin/fir/resolve/transformers/body/resolve/FirImplicitAwareBodyResolveTransformer$$Lambda+0x00000001005f8258
instanceKlass  @bci org/jetbrains/kotlin/fir/resolve/transformers/body/resolve/FirImplicitAwareBodyResolveTransformer transformSimpleFunction (Lorg/jetbrains/kotlin/fir/declarations/FirSimpleFunction;Lorg/jetbrains/kotlin/fir/resolve/ResolutionMode;)Lorg/jetbrains/kotlin/fir/declarations/FirSimpleFunction; 20 <appendix> member <vmtarget> ; # org/jetbrains/kotlin/fir/resolve/transformers/body/resolve/FirImplicitAwareBodyResolveTransformer$$Lambda+0x00000001005f8000
instanceKlass  @bci org/jetbrains/kotlin/fir/resolve/transformers/body/resolve/FirDeclarationsResolveTransformer withRegularClass (Lorg/jetbrains/kotlin/fir/declarations/FirRegularClass;Lkotlin/jvm/functions/Function0;)Lorg/jetbrains/kotlin/fir/declarations/FirRegularClass; 82 <appendix> member <vmtarget> ; # org/jetbrains/kotlin/fir/resolve/transformers/body/resolve/FirDeclarationsResolveTransformer$$Lambda+0x00000001005f7bc8
instanceKlass  @bci org/jetbrains/kotlin/fir/resolve/transformers/body/resolve/FirDeclarationsResolveTransformer doTransformRegularClass (Lorg/jetbrains/kotlin/fir/declarations/FirRegularClass;Lorg/jetbrains/kotlin/fir/resolve/ResolutionMode;)Lorg/jetbrains/kotlin/fir/declarations/FirRegularClass; 19 <appendix> member <vmtarget> ; # org/jetbrains/kotlin/fir/resolve/transformers/body/resolve/FirDeclarationsResolveTransformer$$Lambda+0x00000001005f7970
instanceKlass org/jetbrains/kotlin/fir/util/PersistentMultimap
instanceKlass org/jetbrains/kotlin/kotlinx/collections/immutable/implementations/persistentOrderedSet/Links
instanceKlass org/jetbrains/kotlin/kotlinx/collections/immutable/implementations/persistentOrderedSet/PersistentOrderedSet$Companion
instanceKlass org/jetbrains/kotlin/kotlinx/collections/immutable/implementations/persistentOrderedMap/LinkedValue
instanceKlass org/jetbrains/kotlin/fir/declarations/TowerElementsForClass
instanceKlass org/jetbrains/kotlin/fir/resolve/calls/FirReceiversKt
instanceKlass org/jetbrains/kotlin/fir/resolve/calls/ReceiverValue
instanceKlass  @bci org/jetbrains/kotlin/fir/scopes/FirCompositeScope <init> (Ljava/lang/Iterable;)V 20 <appendix> member <vmtarget> ; # org/jetbrains/kotlin/fir/scopes/FirCompositeScope$$Lambda+0x00000001005f52c8
instanceKlass  @bci org/jetbrains/kotlin/fir/java/scopes/JavaClassStaticEnhancementScope <init> (Lorg/jetbrains/kotlin/fir/FirSession;Lorg/jetbrains/kotlin/fir/symbols/impl/FirRegularClassSymbol;Lorg/jetbrains/kotlin/fir/java/scopes/JavaClassStaticUseSiteScope;)V 44 <appendix> argL0 ; # org/jetbrains/kotlin/fir/java/scopes/JavaClassStaticEnhancementScope$$Lambda+0x00000001005f4238
instanceKlass org/jetbrains/kotlin/utils/DFS$VisitedWithSet
instanceKlass org/jetbrains/kotlin/utils/DFS$Visited
instanceKlass org/jetbrains/kotlin/utils/DFS
instanceKlass org/jetbrains/kotlin/utils/DFS$AbstractNodeHandler
instanceKlass org/jetbrains/kotlin/utils/DFS$NodeHandler
instanceKlass  @bci org/jetbrains/kotlin/fir/java/JavaScopeProvider findClosestJavaSuperTypes (Lorg/jetbrains/kotlin/fir/declarations/FirRegularClass;Lorg/jetbrains/kotlin/fir/FirSession;)Ljava/util/Collection; 19 <appendix> member <vmtarget> ; # org/jetbrains/kotlin/fir/java/JavaScopeProvider$$Lambda+0x00000001005f2cf0
instanceKlass org/jetbrains/kotlin/utils/DFS$Neighbors
instanceKlass  @bci org/jetbrains/kotlin/fir/resolve/transformers/body/resolve/BodyResolveContext withRegularClass (Lorg/jetbrains/kotlin/fir/declarations/FirRegularClass;Lorg/jetbrains/kotlin/fir/resolve/SessionHolder;Lkotlin/jvm/functions/Function0;)Ljava/lang/Object; 122 <appendix> member <vmtarget> ; # org/jetbrains/kotlin/fir/resolve/transformers/body/resolve/BodyResolveContext$$Lambda+0x00000001005f25e0
instanceKlass  @bci org/jetbrains/kotlin/fir/resolve/transformers/contracts/FirAbstractContractResolveTransformerDispatcher$FirDeclarationsContractResolveTransformer withRegularClass (Lorg/jetbrains/kotlin/fir/declarations/FirRegularClass;Lkotlin/jvm/functions/Function0;)Lorg/jetbrains/kotlin/fir/declarations/FirRegularClass; 49 <appendix> member <vmtarget> ; # org/jetbrains/kotlin/fir/resolve/transformers/contracts/FirAbstractContractResolveTransformerDispatcher$FirDeclarationsContractResolveTransformer$$Lambda+0x00000001005f2388
instanceKlass  @bci org/jetbrains/kotlin/fir/resolve/transformers/contracts/FirAbstractContractResolveTransformerDispatcher$FirDeclarationsContractResolveTransformer transformRegularClass (Lorg/jetbrains/kotlin/fir/declarations/FirRegularClass;Lorg/jetbrains/kotlin/fir/resolve/ResolutionMode;)Lorg/jetbrains/kotlin/fir/declarations/FirRegularClass; 18 <appendix> member <vmtarget> ; # org/jetbrains/kotlin/fir/resolve/transformers/contracts/FirAbstractContractResolveTransformerDispatcher$FirDeclarationsContractResolveTransformer$$Lambda+0x00000001005f2130
instanceKlass  @bci org/jetbrains/kotlin/fir/resolve/transformers/body/resolve/FirDeclarationsResolveTransformer doTransformFile (Lorg/jetbrains/kotlin/fir/declarations/FirFile;Lorg/jetbrains/kotlin/fir/resolve/ResolutionMode;)Lorg/jetbrains/kotlin/fir/declarations/FirFile; 5 <appendix> member <vmtarget> ; # org/jetbrains/kotlin/fir/resolve/transformers/body/resolve/FirDeclarationsResolveTransformer$$Lambda+0x00000001005f1ed8
instanceKlass org/jetbrains/kotlin/fir/resolve/ResolutionMode$Companion
instanceKlass org/jetbrains/kotlin/fir/resolve/ResolutionMode
instanceKlass org/jetbrains/kotlin/resolve/DataClassResolver
instanceKlass  @bci org/jetbrains/kotlin/fir/scopes/impl/FirSynthesizedStorage$SynthesizedCache <init> (Lorg/jetbrains/kotlin/fir/caches/FirCachesFactory;)V 12 <appendix> argL0 ; # org/jetbrains/kotlin/fir/scopes/impl/FirSynthesizedStorage$SynthesizedCache$$Lambda+0x00000001005f06b0
instanceKlass org/jetbrains/kotlin/fir/scopes/impl/FirSynthesizedStorage$SynthesizedCache
instanceKlass org/jetbrains/kotlin/fir/scopes/impl/FirClassAnySynthesizedMemberScopeKt
instanceKlass org/jetbrains/kotlin/fir/scopes/impl/FirClassAnySynthesizedMemberScope$Companion
instanceKlass  @bci org/jetbrains/kotlin/fir/java/scopes/JavaClassMembersEnhancementScope processPropertiesByName (Lorg/jetbrains/kotlin/name/Name;Lkotlin/jvm/functions/Function1;)V 20 <appendix> member <vmtarget> ; # org/jetbrains/kotlin/fir/java/scopes/JavaClassMembersEnhancementScope$$Lambda+0x00000001005eccb0
instanceKlass  @bci org/jetbrains/kotlin/fir/resolve/transformers/FirStatusResolver getOverriddenProperties (Lorg/jetbrains/kotlin/fir/declarations/FirProperty;Lorg/jetbrains/kotlin/fir/declarations/FirClass;)Ljava/util/List; 64 <appendix> member <vmtarget> ; # org/jetbrains/kotlin/fir/resolve/transformers/FirStatusResolver$$Lambda+0x00000001005eca58
instanceKlass  @bci org/jetbrains/kotlin/fir/scopes/impl/FirClassUseSiteMemberScope getPropertiesAndFieldsFromSupertypesByName (Lorg/jetbrains/kotlin/name/Name;)Lkotlin/Pair; 199 <appendix> member <vmtarget> ; # org/jetbrains/kotlin/fir/scopes/impl/FirClassUseSiteMemberScope$$Lambda+0x00000001005ec800
instanceKlass  @bci org/jetbrains/kotlin/fir/scopes/impl/FirClassUseSiteMemberScope collectProperties (Lorg/jetbrains/kotlin/name/Name;)Ljava/util/Collection; 36 <appendix> member <vmtarget> ; # org/jetbrains/kotlin/fir/scopes/impl/FirClassUseSiteMemberScope$$Lambda+0x00000001005edd40
instanceKlass  @bci org/jetbrains/kotlin/fir/resolve/transformers/FirStatusResolver getOverriddenProperties (Lorg/jetbrains/kotlin/fir/declarations/FirProperty;Lorg/jetbrains/kotlin/fir/declarations/FirClass;)Ljava/util/List; 47 <appendix> argL0 ; # org/jetbrains/kotlin/fir/resolve/transformers/FirStatusResolver$$Lambda+0x00000001005edaf0
instanceKlass org/jetbrains/kotlin/util/OneElementArrayMap$iterator$1
instanceKlass org/jetbrains/kotlin/fir/types/CompilerConeAttributesKt
instanceKlass  @bci org/jetbrains/kotlin/fir/resolve/transformers/FirStatusResolver getOverriddenFunctions (Lorg/jetbrains/kotlin/fir/declarations/FirSimpleFunction;Lorg/jetbrains/kotlin/fir/declarations/FirClass;)Ljava/util/List; 69 <appendix> member <vmtarget> ; # org/jetbrains/kotlin/fir/resolve/transformers/FirStatusResolver$$Lambda+0x00000001005ed3e8
instanceKlass org/jetbrains/kotlin/fir/scopes/ProcessorAction$WhenMappings
instanceKlass  @bci org/jetbrains/kotlin/fir/scopes/FirTypeScopeKt doProcessAllOverriddenCallables (Lorg/jetbrains/kotlin/fir/scopes/FirTypeScope;Lorg/jetbrains/kotlin/fir/symbols/impl/FirCallableSymbol;Lkotlin/jvm/functions/Function2;Lkotlin/jvm/functions/Function3;Ljava/util/Set;)Lorg/jetbrains/kotlin/fir/scopes/ProcessorAction; 26 <appendix> member <vmtarget> ; # org/jetbrains/kotlin/fir/scopes/FirTypeScopeKt$$Lambda+0x00000001005ef8c8
instanceKlass  @bci org/jetbrains/kotlin/fir/scopes/FirTypeScopeKt doProcessAllOverriddenCallables (Lorg/jetbrains/kotlin/fir/scopes/FirTypeScope;Lorg/jetbrains/kotlin/fir/symbols/impl/FirCallableSymbol;Lkotlin/jvm/functions/Function1;Lkotlin/jvm/functions/Function3;Ljava/util/Set;)Lorg/jetbrains/kotlin/fir/scopes/ProcessorAction; 3 <appendix> member <vmtarget> ; # org/jetbrains/kotlin/fir/scopes/FirTypeScopeKt$$Lambda+0x00000001005ef670
instanceKlass  @bci org/jetbrains/kotlin/fir/java/scopes/JavaOverrideChecker hasPrimitiveReturnTypeInJvm (Lorg/jetbrains/kotlin/fir/declarations/FirSimpleFunction;Lorg/jetbrains/kotlin/fir/types/ConeKotlinType;)Z 34 <appendix> member <vmtarget> ; # org/jetbrains/kotlin/fir/java/scopes/JavaOverrideChecker$$Lambda+0x00000001005ef030
instanceKlass org/jetbrains/kotlin/types/model/CapturedTypeMarker
instanceKlass org/jetbrains/kotlin/types/model/StubTypeMarker
instanceKlass org/jetbrains/kotlin/fir/scopes/impl/AbstractFirOverrideScopeKt
instanceKlass org/jetbrains/kotlin/types/AbstractTypeRefiner
instanceKlass org/jetbrains/kotlin/types/AbstractTypePreparator
instanceKlass org/jetbrains/kotlin/types/AbstractTypeChecker
instanceKlass org/jetbrains/kotlin/fir/resolve/transformers/PhaseUtilsKt
instanceKlass org/jetbrains/kotlin/descriptors/Visibilities
instanceKlass org/jetbrains/kotlin/fir/scopes/impl/FirAbstractOverrideCheckerKt
instanceKlass org/jetbrains/kotlin/fir/scopes/MemberWithBaseScope
instanceKlass org/jetbrains/kotlin/fir/scopes/impl/FirTypeIntersectionScopeContext$ResultOfIntersection
instanceKlass org/jetbrains/kotlin/fir/declarations/CheckResult
instanceKlass  @bci org/jetbrains/kotlin/fir/declarations/OperatorFunctionChecks <clinit> ()V 776 <appendix> argL0 ; # org/jetbrains/kotlin/fir/declarations/OperatorFunctionChecks$$Lambda+0x00000001005e9b78
instanceKlass  @bci org/jetbrains/kotlin/fir/declarations/Checks$Returns <clinit> ()V 47 <appendix> argL0 ; # org/jetbrains/kotlin/fir/declarations/Checks$Returns$$Lambda+0x00000001005e96e8
instanceKlass  @bci org/jetbrains/kotlin/fir/declarations/Checks$Returns <clinit> ()V 31 <appendix> argL0 ; # org/jetbrains/kotlin/fir/declarations/Checks$Returns$$Lambda+0x00000001005e9498
instanceKlass  @bci org/jetbrains/kotlin/fir/declarations/Checks$Returns <clinit> ()V 15 <appendix> argL0 ; # org/jetbrains/kotlin/fir/declarations/Checks$Returns$$Lambda+0x00000001005e9248
instanceKlass org/jetbrains/kotlin/fir/declarations/Checks$Returns
instanceKlass  @bci org/jetbrains/kotlin/fir/declarations/Checks$ValueParametersCount exactly (I)Lorg/jetbrains/kotlin/fir/declarations/Check; 28 <appendix> member <vmtarget> ; # org/jetbrains/kotlin/fir/declarations/Checks$ValueParametersCount$$Lambda+0x00000001005e8dc0
instanceKlass  @bci org/jetbrains/kotlin/fir/declarations/OperatorFunctionChecks <clinit> ()V 92 <appendix> argL0 ; # org/jetbrains/kotlin/fir/declarations/OperatorFunctionChecks$$Lambda+0x00000001005e8b70
instanceKlass  @bci org/jetbrains/kotlin/fir/declarations/Checks$ValueParametersCount atLeast (I)Lorg/jetbrains/kotlin/fir/declarations/Check; 43 <appendix> member <vmtarget> ; # org/jetbrains/kotlin/fir/declarations/Checks$ValueParametersCount$$Lambda+0x00000001005e8920
instanceKlass  @cpi org/jetbrains/kotlin/fir/declarations/Checks$ValueParametersCount 72 form vmentry <vmtarget> ; # java/lang/invoke/LambdaForm$DMH+0x00000001005ec000
instanceKlass  @bci org/jetbrains/kotlin/fir/declarations/Checks$ValueParametersCount <clinit> ()V 31 <appendix> argL0 ; # org/jetbrains/kotlin/fir/declarations/Checks$ValueParametersCount$$Lambda+0x00000001005e86d0
instanceKlass  @bci org/jetbrains/kotlin/fir/declarations/Checks$ValueParametersCount <clinit> ()V 15 <appendix> argL0 ; # org/jetbrains/kotlin/fir/declarations/Checks$ValueParametersCount$$Lambda+0x00000001005e8480
instanceKlass org/jetbrains/kotlin/fir/declarations/Checks$ValueParametersCount
instanceKlass  @bci org/jetbrains/kotlin/fir/declarations/Checks <clinit> ()V 122 <appendix> argL0 ; # org/jetbrains/kotlin/fir/declarations/Checks$$Lambda+0x00000001005e7c50
instanceKlass  @bci org/jetbrains/kotlin/fir/declarations/Checks <clinit> ()V 63 <appendix> argL0 ; # org/jetbrains/kotlin/fir/declarations/Checks$$Lambda+0x00000001005e7a00
instanceKlass  @bci org/jetbrains/kotlin/fir/declarations/Checks <clinit> ()V 47 <appendix> argL0 ; # org/jetbrains/kotlin/fir/declarations/Checks$$Lambda+0x00000001005e77b0
instanceKlass  @bci org/jetbrains/kotlin/fir/declarations/Checks <clinit> ()V 31 <appendix> argL0 ; # org/jetbrains/kotlin/fir/declarations/Checks$$Lambda+0x00000001005e7560
instanceKlass  @bci org/jetbrains/kotlin/fir/declarations/Checks <clinit> ()V 15 <appendix> argL0 ; # org/jetbrains/kotlin/fir/declarations/Checks$$Lambda+0x00000001005e70c8
instanceKlass org/jetbrains/kotlin/fir/declarations/Checks
instanceKlass org/jetbrains/kotlin/fir/declarations/Check
instanceKlass org/jetbrains/kotlin/fir/declarations/OperatorFunctionChecks
instanceKlass org/jetbrains/kotlin/fir/types/ErrorTypeConstructor
instanceKlass org/jetbrains/kotlin/types/AbstractStrictEqualityTypeChecker
instanceKlass org/jetbrains/kotlin/fir/java/enhancement/JavaTypeUtilsKt$WhenMappings
instanceKlass  @bci org/jetbrains/kotlin/fir/java/deserialization/JvmBinaryAnnotationDeserializerKt$loadMemberAnnotations$1$AnnotationVisitorForMethod visitAnnotationMemberDefaultValue ()Lorg/jetbrains/kotlin/load/kotlin/KotlinJvmBinaryClass$AnnotationArgumentVisitor; 15 <appendix> member <vmtarget> ; # org/jetbrains/kotlin/fir/java/deserialization/JvmBinaryAnnotationDeserializerKt$loadMemberAnnotations$1$AnnotationVisitorForMethod$$Lambda+0x00000001005e4f38
instanceKlass org/jetbrains/kotlin/fir/java/enhancement/FirSignatureEnhancement$TypeInSignature
instanceKlass org/jetbrains/kotlin/fir/scopes/FirTypeScopeKt$getDirectOverriddenFunctions$$inlined$processDirectlyOverriddenFunctions$1
instanceKlass org/jetbrains/kotlin/fir/scopes/FirTypeScopeKt
instanceKlass  @bci org/jetbrains/kotlin/load/java/typeEnhancement/PredefinedEnhancementInfoKt <clinit> ()V 1221 <appendix> member <vmtarget> ; # org/jetbrains/kotlin/load/java/typeEnhancement/PredefinedEnhancementInfoKt$$Lambda+0x00000001005e3a98
instanceKlass  @bci org/jetbrains/kotlin/load/java/typeEnhancement/PredefinedEnhancementInfoKt <clinit> ()V 1170 <appendix> member <vmtarget> ; # org/jetbrains/kotlin/load/java/typeEnhancement/PredefinedEnhancementInfoKt$$Lambda+0x00000001005e3840
instanceKlass  @bci org/jetbrains/kotlin/load/java/typeEnhancement/PredefinedEnhancementInfoKt <clinit> ()V 1128 <appendix> member <vmtarget> ; # org/jetbrains/kotlin/load/java/typeEnhancement/PredefinedEnhancementInfoKt$$Lambda+0x00000001005e35e8
instanceKlass  @bci org/jetbrains/kotlin/load/java/typeEnhancement/PredefinedEnhancementInfoKt <clinit> ()V 1086 <appendix> member <vmtarget> ; # org/jetbrains/kotlin/load/java/typeEnhancement/PredefinedEnhancementInfoKt$$Lambda+0x00000001005e3390
instanceKlass  @bci org/jetbrains/kotlin/load/java/typeEnhancement/PredefinedEnhancementInfoKt <clinit> ()V 1044 <appendix> member <vmtarget> ; # org/jetbrains/kotlin/load/java/typeEnhancement/PredefinedEnhancementInfoKt$$Lambda+0x00000001005e3138
instanceKlass  @bci org/jetbrains/kotlin/load/java/typeEnhancement/PredefinedEnhancementInfoKt <clinit> ()V 1002 <appendix> member <vmtarget> ; # org/jetbrains/kotlin/load/java/typeEnhancement/PredefinedEnhancementInfoKt$$Lambda+0x00000001005e2ee0
instanceKlass  @bci org/jetbrains/kotlin/load/java/typeEnhancement/PredefinedEnhancementInfoKt <clinit> ()V 951 <appendix> member <vmtarget> ; # org/jetbrains/kotlin/load/java/typeEnhancement/PredefinedEnhancementInfoKt$$Lambda+0x00000001005e2c88
instanceKlass  @bci org/jetbrains/kotlin/load/java/typeEnhancement/PredefinedEnhancementInfoKt <clinit> ()V 909 <appendix> member <vmtarget> ; # org/jetbrains/kotlin/load/java/typeEnhancement/PredefinedEnhancementInfoKt$$Lambda+0x00000001005e2a30
instanceKlass  @bci org/jetbrains/kotlin/load/java/typeEnhancement/PredefinedEnhancementInfoKt <clinit> ()V 858 <appendix> member <vmtarget> ; # org/jetbrains/kotlin/load/java/typeEnhancement/PredefinedEnhancementInfoKt$$Lambda+0x00000001005e27d8
instanceKlass  @bci org/jetbrains/kotlin/load/java/typeEnhancement/PredefinedEnhancementInfoKt <clinit> ()V 840 <appendix> member <vmtarget> ; # org/jetbrains/kotlin/load/java/typeEnhancement/PredefinedEnhancementInfoKt$$Lambda+0x00000001005e2580
instanceKlass  @bci org/jetbrains/kotlin/load/java/typeEnhancement/PredefinedEnhancementInfoKt <clinit> ()V 823 <appendix> member <vmtarget> ; # org/jetbrains/kotlin/load/java/typeEnhancement/PredefinedEnhancementInfoKt$$Lambda+0x00000001005e2328
instanceKlass  @bci org/jetbrains/kotlin/load/java/typeEnhancement/PredefinedEnhancementInfoKt <clinit> ()V 804 <appendix> member <vmtarget> ; # org/jetbrains/kotlin/load/java/typeEnhancement/PredefinedEnhancementInfoKt$$Lambda+0x00000001005e20d0
instanceKlass  @bci org/jetbrains/kotlin/load/java/typeEnhancement/PredefinedEnhancementInfoKt <clinit> ()V 785 <appendix> member <vmtarget> ; # org/jetbrains/kotlin/load/java/typeEnhancement/PredefinedEnhancementInfoKt$$Lambda+0x00000001005e1e78
instanceKlass  @bci org/jetbrains/kotlin/load/java/typeEnhancement/PredefinedEnhancementInfoKt <clinit> ()V 742 <appendix> member <vmtarget> ; # org/jetbrains/kotlin/load/java/typeEnhancement/PredefinedEnhancementInfoKt$$Lambda+0x00000001005e1c20
instanceKlass  @bci org/jetbrains/kotlin/load/java/typeEnhancement/PredefinedEnhancementInfoKt <clinit> ()V 723 <appendix> member <vmtarget> ; # org/jetbrains/kotlin/load/java/typeEnhancement/PredefinedEnhancementInfoKt$$Lambda+0x00000001005e19c8
instanceKlass  @bci org/jetbrains/kotlin/load/java/typeEnhancement/PredefinedEnhancementInfoKt <clinit> ()V 704 <appendix> member <vmtarget> ; # org/jetbrains/kotlin/load/java/typeEnhancement/PredefinedEnhancementInfoKt$$Lambda+0x00000001005e1770
instanceKlass  @bci org/jetbrains/kotlin/load/java/typeEnhancement/PredefinedEnhancementInfoKt <clinit> ()V 685 <appendix> member <vmtarget> ; # org/jetbrains/kotlin/load/java/typeEnhancement/PredefinedEnhancementInfoKt$$Lambda+0x00000001005e1518
instanceKlass  @bci org/jetbrains/kotlin/load/java/typeEnhancement/PredefinedEnhancementInfoKt <clinit> ()V 666 <appendix> member <vmtarget> ; # org/jetbrains/kotlin/load/java/typeEnhancement/PredefinedEnhancementInfoKt$$Lambda+0x00000001005e12c0
instanceKlass  @bci org/jetbrains/kotlin/load/java/typeEnhancement/PredefinedEnhancementInfoKt <clinit> ()V 649 <appendix> member <vmtarget> ; # org/jetbrains/kotlin/load/java/typeEnhancement/PredefinedEnhancementInfoKt$$Lambda+0x00000001005e1068
instanceKlass  @bci org/jetbrains/kotlin/load/java/typeEnhancement/PredefinedEnhancementInfoKt <clinit> ()V 632 <appendix> member <vmtarget> ; # org/jetbrains/kotlin/load/java/typeEnhancement/PredefinedEnhancementInfoKt$$Lambda+0x00000001005e0e10
instanceKlass  @bci org/jetbrains/kotlin/load/java/typeEnhancement/PredefinedEnhancementInfoKt <clinit> ()V 615 <appendix> member <vmtarget> ; # org/jetbrains/kotlin/load/java/typeEnhancement/PredefinedEnhancementInfoKt$$Lambda+0x00000001005e0bb8
instanceKlass  @bci org/jetbrains/kotlin/load/java/typeEnhancement/PredefinedEnhancementInfoKt <clinit> ()V 598 <appendix> member <vmtarget> ; # org/jetbrains/kotlin/load/java/typeEnhancement/PredefinedEnhancementInfoKt$$Lambda+0x00000001005e0960
instanceKlass  @bci org/jetbrains/kotlin/load/java/typeEnhancement/PredefinedEnhancementInfoKt <clinit> ()V 548 <appendix> member <vmtarget> ; # org/jetbrains/kotlin/load/java/typeEnhancement/PredefinedEnhancementInfoKt$$Lambda+0x00000001005e0708
instanceKlass  @bci org/jetbrains/kotlin/load/java/typeEnhancement/PredefinedEnhancementInfoKt <clinit> ()V 531 <appendix> member <vmtarget> ; # org/jetbrains/kotlin/load/java/typeEnhancement/PredefinedEnhancementInfoKt$$Lambda+0x00000001005e04b0
instanceKlass  @bci org/jetbrains/kotlin/load/java/typeEnhancement/PredefinedEnhancementInfoKt <clinit> ()V 514 <appendix> member <vmtarget> ; # org/jetbrains/kotlin/load/java/typeEnhancement/PredefinedEnhancementInfoKt$$Lambda+0x00000001005e0258
instanceKlass  @bci org/jetbrains/kotlin/load/java/typeEnhancement/PredefinedEnhancementInfoKt <clinit> ()V 497 <appendix> member <vmtarget> ; # org/jetbrains/kotlin/load/java/typeEnhancement/PredefinedEnhancementInfoKt$$Lambda+0x00000001005e0000
instanceKlass  @bci org/jetbrains/kotlin/load/java/typeEnhancement/PredefinedEnhancementInfoKt <clinit> ()V 446 <appendix> member <vmtarget> ; # org/jetbrains/kotlin/load/java/typeEnhancement/PredefinedEnhancementInfoKt$$Lambda+0x00000001005d8400
instanceKlass  @bci org/jetbrains/kotlin/load/java/typeEnhancement/PredefinedEnhancementInfoKt <clinit> ()V 429 <appendix> member <vmtarget> ; # org/jetbrains/kotlin/load/java/typeEnhancement/PredefinedEnhancementInfoKt$$Lambda+0x00000001005d8cb0
instanceKlass  @bci org/jetbrains/kotlin/load/java/typeEnhancement/PredefinedEnhancementInfoKt <clinit> ()V 412 <appendix> member <vmtarget> ; # org/jetbrains/kotlin/load/java/typeEnhancement/PredefinedEnhancementInfoKt$$Lambda+0x00000001005d8a58
instanceKlass  @bci org/jetbrains/kotlin/load/java/typeEnhancement/PredefinedEnhancementInfoKt <clinit> ()V 395 <appendix> member <vmtarget> ; # org/jetbrains/kotlin/load/java/typeEnhancement/PredefinedEnhancementInfoKt$$Lambda+0x00000001005d8800
instanceKlass  @bci org/jetbrains/kotlin/load/java/typeEnhancement/PredefinedEnhancementInfoKt <clinit> ()V 376 <appendix> member <vmtarget> ; # org/jetbrains/kotlin/load/java/typeEnhancement/PredefinedEnhancementInfoKt$$Lambda+0x00000001005d9ba0
instanceKlass  @bci org/jetbrains/kotlin/load/java/typeEnhancement/PredefinedEnhancementInfoKt <clinit> ()V 326 <appendix> member <vmtarget> ; # org/jetbrains/kotlin/load/java/typeEnhancement/PredefinedEnhancementInfoKt$$Lambda+0x00000001005d9948
instanceKlass  @bci org/jetbrains/kotlin/load/java/typeEnhancement/PredefinedEnhancementInfoKt <clinit> ()V 309 <appendix> member <vmtarget> ; # org/jetbrains/kotlin/load/java/typeEnhancement/PredefinedEnhancementInfoKt$$Lambda+0x00000001005d96f0
instanceKlass  @bci org/jetbrains/kotlin/load/java/typeEnhancement/PredefinedEnhancementInfoKt <clinit> ()V 292 <appendix> member <vmtarget> ; # org/jetbrains/kotlin/load/java/typeEnhancement/PredefinedEnhancementInfoKt$$Lambda+0x00000001005d9498
instanceKlass  @bci org/jetbrains/kotlin/load/java/typeEnhancement/PredefinedEnhancementInfoKt <clinit> ()V 242 <appendix> member <vmtarget> ; # org/jetbrains/kotlin/load/java/typeEnhancement/PredefinedEnhancementInfoKt$$Lambda+0x00000001005d9240
instanceKlass org/jetbrains/kotlin/load/java/typeEnhancement/PredefinedFunctionEnhancementInfo
instanceKlass  @bci org/jetbrains/kotlin/load/kotlin/SignatureBuildingComponents jvmDescriptor (Ljava/lang/String;Ljava/util/List;Ljava/lang/String;)Ljava/lang/String; 47 <appendix> argL0 ; # org/jetbrains/kotlin/load/kotlin/SignatureBuildingComponents$$Lambda+0x00000001005dbd48
instanceKlass  @bci org/jetbrains/kotlin/load/java/typeEnhancement/PredefinedEnhancementInfoKt <clinit> ()V 193 <appendix> member <vmtarget> ; # org/jetbrains/kotlin/load/java/typeEnhancement/PredefinedEnhancementInfoKt$$Lambda+0x00000001005db878
instanceKlass org/jetbrains/kotlin/load/java/typeEnhancement/SignatureEnhancementBuilder$ClassEnhancementBuilder$FunctionEnhancementBuilder
instanceKlass org/jetbrains/kotlin/load/java/typeEnhancement/SignatureEnhancementBuilder$ClassEnhancementBuilder
instanceKlass org/jetbrains/kotlin/load/java/typeEnhancement/SignatureEnhancementBuilder
instanceKlass org/jetbrains/kotlin/load/java/typeEnhancement/PredefinedEnhancementInfoKt
instanceKlass org/jetbrains/kotlin/load/kotlin/SignatureBuildingComponentsKt
instanceKlass org/jetbrains/kotlin/fir/scopes/jvm/SignatureUtilsKt
instanceKlass  @bci org/jetbrains/kotlin/fir/java/enhancement/FirSignatureEnhancement enhanceMethod (Lorg/jetbrains/kotlin/fir/declarations/FirFunction;Lorg/jetbrains/kotlin/name/CallableId;Lorg/jetbrains/kotlin/name/Name;ZLjava/util/List;)Lorg/jetbrains/kotlin/fir/symbols/impl/FirFunctionSymbol; 48 <appendix> member <vmtarget> ; # org/jetbrains/kotlin/fir/java/enhancement/FirSignatureEnhancement$$Lambda+0x00000001005da8b8
instanceKlass org/jetbrains/kotlin/fir/symbols/impl/FirIntersectionCallableSymbol
instanceKlass org/jetbrains/kotlin/load/java/BuiltinSpecialPropertiesKt
instanceKlass org/jetbrains/kotlin/load/java/BuiltinSpecialProperties
instanceKlass org/jetbrains/kotlin/load/java/PropertiesConventionUtilKt
instanceKlass org/jetbrains/kotlin/fir/java/scopes/JavaClassUseSiteMemberScope$collectFunctions$$inlined$collectMembersGroupedByScope$1
instanceKlass  @bci org/jetbrains/kotlin/fir/java/scopes/JavaClassMembersEnhancementScope processFunctionsByName (Lorg/jetbrains/kotlin/name/Name;Lkotlin/jvm/functions/Function1;)V 20 <appendix> member <vmtarget> ; # org/jetbrains/kotlin/fir/java/scopes/JavaClassMembersEnhancementScope$$Lambda+0x00000001005df408
instanceKlass org/jetbrains/kotlin/fir/scopes/impl/FirTypeIntersectionScopeContext$collectMembersGroupedByScope$1$1
instanceKlass  @bci org/jetbrains/kotlin/fir/scopes/impl/AbstractFirUseSiteMemberScope collectDeclaredFunctions (Lorg/jetbrains/kotlin/name/Name;Ljava/util/List;)V 21 <appendix> member <vmtarget> ; # org/jetbrains/kotlin/fir/scopes/impl/AbstractFirUseSiteMemberScope$$Lambda+0x00000001005def58
instanceKlass  @bci org/jetbrains/kotlin/fir/resolve/transformers/FirStatusResolver getOverriddenFunctions (Lorg/jetbrains/kotlin/fir/declarations/FirSimpleFunction;Lorg/jetbrains/kotlin/fir/declarations/FirClass;)Ljava/util/List; 53 <appendix> argL0 ; # org/jetbrains/kotlin/fir/resolve/transformers/FirStatusResolver$$Lambda+0x00000001005ded08
instanceKlass org/jetbrains/kotlin/fir/scopes/impl/FirGeneratedClassDeclaredMemberScope$Companion
instanceKlass  @bci org/jetbrains/kotlin/fir/resolve/transformers/FirStatusResolver resolveVisibility (Lorg/jetbrains/kotlin/fir/declarations/FirDeclaration;Lorg/jetbrains/kotlin/fir/declarations/FirClass;Lorg/jetbrains/kotlin/fir/declarations/FirProperty;Ljava/util/List;)Lorg/jetbrains/kotlin/descriptors/Visibility; 386 <appendix> member <vmtarget> ; # org/jetbrains/kotlin/fir/resolve/transformers/FirStatusResolver$$Lambda+0x00000001005de338
instanceKlass  @bci org/jetbrains/kotlin/fir/resolve/transformers/FirStatusResolver resolveVisibility (Lorg/jetbrains/kotlin/fir/declarations/FirDeclaration;Lorg/jetbrains/kotlin/fir/declarations/FirClass;Lorg/jetbrains/kotlin/fir/declarations/FirProperty;Ljava/util/List;)Lorg/jetbrains/kotlin/descriptors/Visibility; 381 <appendix> argL0 ; # org/jetbrains/kotlin/fir/resolve/transformers/FirStatusResolver$$Lambda+0x00000001005de0e8
instanceKlass org/jetbrains/kotlin/fir/resolve/transformers/FirStatusResolverKt
instanceKlass org/jetbrains/kotlin/fir/extensions/FirTypeAttributeExtensionKt
instanceKlass org/jetbrains/kotlin/fir/types/CompilerConeAttributes$ContextFunctionTypeParams$Companion
instanceKlass  @bci org/jetbrains/kotlin/fir/CopyUtilsKt tryExpandClassId (Lorg/jetbrains/kotlin/fir/expressions/FirAnnotation;Lorg/jetbrains/kotlin/fir/FirSession;)Lorg/jetbrains/kotlin/name/ClassId; 64 <appendix> argL0 ; # org/jetbrains/kotlin/fir/CopyUtilsKt$$Lambda+0x00000001005dce58
instanceKlass org/jetbrains/kotlin/fir/declarations/builder/FirConstructedClassTypeParameterRefBuilder
instanceKlass org/jetbrains/kotlin/fir/expressions/builder/FirExpressionStubBuilder
instanceKlass org/jetbrains/org/objectweb/asm/TypeReference
instanceKlass  @bci org/jetbrains/kotlin/fir/java/FirJavaFacade buildConstructorForAnnotationClass (Lorg/jetbrains/kotlin/load/java/structure/JavaClass;Lorg/jetbrains/kotlin/name/CallableId;Lorg/jetbrains/kotlin/fir/java/declarations/FirJavaClassBuilder;Lorg/jetbrains/kotlin/fir/java/FirJavaFacade$ValueParametersForAnnotationConstructor;Lorg/jetbrains/kotlin/fir/FirModuleData;)Lorg/jetbrains/kotlin/fir/java/declarations/FirJavaConstructor; 339 <appendix> argL0 ; # org/jetbrains/kotlin/fir/java/FirJavaFacade$$Lambda+0x00000001005d6cf8
instanceKlass kotlin/jvm/internal/LongCompanionObject
instanceKlass org/jetbrains/kotlin/metadata/ProtoBuf$1
instanceKlass  @bci org/jetbrains/kotlin/fir/scopes/impl/FirDefaultStarImportingScope processClassifiersByNameWithSubstitutionFromBothLevelsConditionally (Lorg/jetbrains/kotlin/name/Name;Lkotlin/jvm/functions/Function2;)V 27 <appendix> member <vmtarget> ; # org/jetbrains/kotlin/fir/scopes/impl/FirDefaultStarImportingScope$$Lambda+0x00000001005d6000
instanceKlass  @bci org/jetbrains/kotlin/fir/resolve/providers/impl/FirTypeResolverImpl resolveUserTypeToSymbol (Lorg/jetbrains/kotlin/fir/types/FirUserTypeRef;Lorg/jetbrains/kotlin/fir/resolve/transformers/ScopeClassDeclaration;Lorg/jetbrains/kotlin/fir/declarations/FirFile;Lorg/jetbrains/kotlin/fir/resolve/SupertypeSupplier;Z)Lorg/jetbrains/kotlin/fir/resolve/providers/impl/FirTypeResolverImpl$TypeResolutionResult; 214 <appendix> member <vmtarget> ; # org/jetbrains/kotlin/fir/resolve/providers/impl/FirTypeResolverImpl$$Lambda+0x00000001005d5da8
instanceKlass  @cpi org/jetbrains/kotlin/resolve/calls/inference/components/TypeVariableDependencyInformationProvider 330 form vmentry <vmtarget> ; # java/lang/invoke/LambdaForm$DMH+0x00000001005d8000
instanceKlass kotlin/jvm/internal/IntCompanionObject
instanceKlass org/jetbrains/kotlin/fir/expressions/builder/FirClassReferenceExpressionBuilder
instanceKlass  @bci org/jetbrains/kotlin/fir/deserialization/AbstractAnnotationDeserializer resolveValue (Lorg/jetbrains/kotlin/metadata/ProtoBuf$Annotation$Argument$Value;Lorg/jetbrains/kotlin/metadata/deserialization/NameResolver;Lkotlin/jvm/functions/Function0;)Lorg/jetbrains/kotlin/fir/expressions/FirExpression; 976 <appendix> member <vmtarget> ; # org/jetbrains/kotlin/fir/deserialization/AbstractAnnotationDeserializer$$Lambda+0x00000001005d4f10
instanceKlass  @bci org/jetbrains/kotlin/fir/scopes/jvm/JvmMappedScope <init> (Lorg/jetbrains/kotlin/fir/FirSession;Lorg/jetbrains/kotlin/fir/declarations/FirRegularClass;Lorg/jetbrains/kotlin/fir/declarations/FirRegularClass;Lorg/jetbrains/kotlin/fir/scopes/FirContainingNamesAwareScope;Lorg/jetbrains/kotlin/fir/scopes/FirTypeScope;)V 331 <appendix> member <vmtarget> ; # org/jetbrains/kotlin/fir/scopes/jvm/JvmMappedScope$$Lambda+0x00000001005d48d0
instanceKlass  @bci org/jetbrains/kotlin/fir/scopes/jvm/JvmMappedScope <init> (Lorg/jetbrains/kotlin/fir/FirSession;Lorg/jetbrains/kotlin/fir/declarations/FirRegularClass;Lorg/jetbrains/kotlin/fir/declarations/FirRegularClass;Lorg/jetbrains/kotlin/fir/scopes/FirContainingNamesAwareScope;Lorg/jetbrains/kotlin/fir/scopes/FirTypeScope;)V 315 <appendix> member <vmtarget> ; # org/jetbrains/kotlin/fir/scopes/jvm/JvmMappedScope$$Lambda+0x00000001005d4678
instanceKlass  @bci org/jetbrains/kotlin/fir/scopes/jvm/JvmMappedScope <init> (Lorg/jetbrains/kotlin/fir/FirSession;Lorg/jetbrains/kotlin/fir/declarations/FirRegularClass;Lorg/jetbrains/kotlin/fir/declarations/FirRegularClass;Lorg/jetbrains/kotlin/fir/scopes/FirContainingNamesAwareScope;Lorg/jetbrains/kotlin/fir/scopes/FirTypeScope;)V 279 <appendix> member <vmtarget> ; # org/jetbrains/kotlin/fir/scopes/jvm/JvmMappedScope$$Lambda+0x00000001005d4420
instanceKlass  @bci org/jetbrains/kotlin/fir/scopes/jvm/JvmMappedScope$FirMappedSymbolStorage$MappedSymbolsCache <init> (Lorg/jetbrains/kotlin/fir/caches/FirCachesFactory;)V 38 <appendix> argL0 ; # org/jetbrains/kotlin/fir/scopes/jvm/JvmMappedScope$FirMappedSymbolStorage$MappedSymbolsCache$$Lambda+0x00000001005d41d0
instanceKlass  @bci org/jetbrains/kotlin/fir/scopes/jvm/JvmMappedScope$FirMappedSymbolStorage$MappedSymbolsCache <init> (Lorg/jetbrains/kotlin/fir/caches/FirCachesFactory;)V 25 <appendix> argL0 ; # org/jetbrains/kotlin/fir/scopes/jvm/JvmMappedScope$FirMappedSymbolStorage$MappedSymbolsCache$$Lambda+0x00000001005d3f80
instanceKlass  @bci org/jetbrains/kotlin/fir/scopes/jvm/JvmMappedScope$FirMappedSymbolStorage$MappedSymbolsCache <init> (Lorg/jetbrains/kotlin/fir/caches/FirCachesFactory;)V 12 <appendix> argL0 ; # org/jetbrains/kotlin/fir/scopes/jvm/JvmMappedScope$FirMappedSymbolStorage$MappedSymbolsCache$$Lambda+0x00000001005d3d30
instanceKlass org/jetbrains/kotlin/fir/scopes/jvm/JvmMappedScope$FirMappedSymbolStorage$MappedSymbolsCache
instanceKlass org/jetbrains/kotlin/fir/scopes/jvm/JvmMappedScopeKt
instanceKlass org/jetbrains/kotlin/fir/scopes/jvm/JvmMappedScope$Companion
instanceKlass  @bci org/jetbrains/kotlin/fir/java/scopes/JavaClassMembersEnhancementScope <init> (Lorg/jetbrains/kotlin/fir/FirSession;Lorg/jetbrains/kotlin/fir/symbols/impl/FirRegularClassSymbol;Lorg/jetbrains/kotlin/fir/java/scopes/JavaClassUseSiteMemberScope;)V 81 <appendix> member <vmtarget> ; # org/jetbrains/kotlin/fir/java/scopes/JavaClassMembersEnhancementScope$$Lambda+0x00000001005d3428
instanceKlass org/jetbrains/kotlin/fir/java/FirSyntheticPropertiesStorage$cacheByOwner$1$1
instanceKlass org/jetbrains/kotlin/fir/java/FirSyntheticPropertiesStorageKt
instanceKlass  @bci org/jetbrains/kotlin/fir/java/scopes/JavaClassUseSiteMemberScope <init> (Lorg/jetbrains/kotlin/fir/java/declarations/FirJavaClass;Lorg/jetbrains/kotlin/fir/FirSession;Ljava/util/List;Lorg/jetbrains/kotlin/fir/scopes/FirContainingNamesAwareScope;)V 90 <appendix> member <vmtarget> ; # org/jetbrains/kotlin/fir/java/scopes/JavaClassUseSiteMemberScope$$Lambda+0x00000001005d2d48
instanceKlass  @bci org/jetbrains/kotlin/fir/scopes/impl/AbstractFirUseSiteMemberScope <init> (Lorg/jetbrains/kotlin/fir/symbols/ConeClassLikeLookupTag;Lorg/jetbrains/kotlin/fir/FirSession;Lorg/jetbrains/kotlin/fir/scopes/FirOverrideChecker;Lorg/jetbrains/kotlin/fir/scopes/FirOverrideChecker;Ljava/util/List;Lorg/jetbrains/kotlin/fir/types/ConeSimpleKotlinType;Lorg/jetbrains/kotlin/fir/scopes/FirContainingNamesAwareScope;)V 208 <appendix> member <vmtarget> ; # org/jetbrains/kotlin/fir/scopes/impl/AbstractFirUseSiteMemberScope$$Lambda+0x00000001005d2838
instanceKlass  @bci org/jetbrains/kotlin/fir/scopes/impl/AbstractFirUseSiteMemberScope <init> (Lorg/jetbrains/kotlin/fir/symbols/ConeClassLikeLookupTag;Lorg/jetbrains/kotlin/fir/FirSession;Lorg/jetbrains/kotlin/fir/scopes/FirOverrideChecker;Lorg/jetbrains/kotlin/fir/scopes/FirOverrideChecker;Ljava/util/List;Lorg/jetbrains/kotlin/fir/types/ConeSimpleKotlinType;Lorg/jetbrains/kotlin/fir/scopes/FirContainingNamesAwareScope;)V 192 <appendix> member <vmtarget> ; # org/jetbrains/kotlin/fir/scopes/impl/AbstractFirUseSiteMemberScope$$Lambda+0x00000001005d25e0
instanceKlass org/jetbrains/kotlin/fir/scopes/impl/FirIntersectionOverrideStorage$cacheByScope$1$1
instanceKlass org/jetbrains/kotlin/fir/scopes/impl/FirTypeIntersectionScopeContextKt
instanceKlass org/jetbrains/kotlin/fir/scopes/FirOverrideServiceKt
instanceKlass org/jetbrains/kotlin/fir/scopes/impl/FirTypeIntersectionScopeContext
instanceKlass org/jetbrains/kotlin/fir/scopes/PlatformSpecificOverridabilityRulesKt
instanceKlass org/jetbrains/kotlin/fir/scopes/FirIntersectionScopeOverrideChecker
instanceKlass org/jetbrains/kotlin/fir/java/JavaScopeProviderKt
instanceKlass org/jetbrains/kotlin/fir/resolve/scopes/JvmMappedScopesKt
instanceKlass org/jetbrains/kotlin/fir/scopes/FirKotlinScopeProviderKt
instanceKlass org/jetbrains/kotlin/fir/resolve/substitution/SubstitutorsKt
instanceKlass kotlin/jvm/internal/StringCompanionObject
instanceKlass org/jetbrains/kotlin/fir/declarations/DeprecationsKt
instanceKlass  @bci org/jetbrains/kotlin/fir/scopes/impl/FirAbstractStarImportingScope processClassifiersByNameWithSubstitution (Lorg/jetbrains/kotlin/name/Name;Lkotlin/jvm/functions/Function2;)V 90 <appendix> member <vmtarget> ; # org/jetbrains/kotlin/fir/scopes/impl/FirAbstractStarImportingScope$$Lambda+0x00000001005cd9f8
instanceKlass org/jetbrains/kotlin/fir/declarations/DeprecationsPerUseSite
instanceKlass org/jetbrains/kotlin/fir/deserialization/AbstractAnnotationDeserializer$WhenMappings
instanceKlass  @bci org/jetbrains/kotlin/fir/deserialization/AbstractAnnotationDeserializer createArgumentMapping (Lorg/jetbrains/kotlin/metadata/ProtoBuf$Annotation;Lorg/jetbrains/kotlin/name/ClassId;Lorg/jetbrains/kotlin/metadata/deserialization/NameResolver;)Lorg/jetbrains/kotlin/fir/expressions/FirAnnotationArgumentMapping; 160 <appendix> member <vmtarget> ; # org/jetbrains/kotlin/fir/deserialization/AbstractAnnotationDeserializer$$Lambda+0x00000001005cd0e0
instanceKlass  @bci org/jetbrains/kotlin/fir/deserialization/AbstractAnnotationDeserializer createArgumentMapping (Lorg/jetbrains/kotlin/metadata/ProtoBuf$Annotation;Lorg/jetbrains/kotlin/name/ClassId;Lorg/jetbrains/kotlin/metadata/deserialization/NameResolver;)Lorg/jetbrains/kotlin/fir/expressions/FirAnnotationArgumentMapping; 31 <appendix> member <vmtarget> ; # org/jetbrains/kotlin/fir/deserialization/AbstractAnnotationDeserializer$$Lambda+0x00000001005cce88
instanceKlass kotlin/jvm/internal/BooleanCompanionObject
instanceKlass org/jetbrains/kotlin/fir/resolve/transformers/TransformUtilsKt
instanceKlass org/jetbrains/kotlin/fir/scopes/FirScopeKt$processClassifiersByName$1
instanceKlass org/jetbrains/kotlin/fir/scopes/FirScopeKt
instanceKlass org/jetbrains/kotlin/fir/extensions/DeclarationGenerationContext
instanceKlass org/jetbrains/kotlin/fir/scopes/impl/FirGeneratedScopesKt
instanceKlass org/jetbrains/kotlin/fir/scopes/impl/FirGeneratedClassNestedClassifierScope$Companion
instanceKlass org/jetbrains/kotlin/fir/scopes/impl/FirNestedClassifierScopeWithSubstitutionKt
instanceKlass org/jetbrains/kotlin/fir/scopes/impl/FirDeclaredMemberScopeProviderKt
instanceKlass org/jetbrains/kotlin/fir/scopes/ScopesKt
instanceKlass org/jetbrains/kotlin/fir/resolve/substitution/ConeSubstitutorByMap$Companion
instanceKlass  @bci org/jetbrains/kotlin/fir/resolve/SupertypeUtilsKt computePartialExpansion (Lorg/jetbrains/kotlin/fir/types/ConeClassLikeType;Lorg/jetbrains/kotlin/fir/FirSession;Lorg/jetbrains/kotlin/fir/resolve/SupertypeSupplier;)Lorg/jetbrains/kotlin/fir/types/ConeClassLikeType; 4 <appendix> member <vmtarget> ; # org/jetbrains/kotlin/fir/resolve/SupertypeUtilsKt$$Lambda+0x00000001005c9bd8
instanceKlass org/jetbrains/kotlin/utils/SmartSet$Companion
instanceKlass org/jetbrains/kotlin/fir/resolve/SupertypeUtilsKt
instanceKlass org/jetbrains/kotlin/fir/resolve/transformers/PlatformSupertypeUpdaterKt
instanceKlass org/jetbrains/kotlin/load/java/typeEnhancement/NullabilityQualifierWithMigrationStatus
instanceKlass org/jetbrains/kotlin/load/java/JavaDefaultQualifiers
instanceKlass org/jetbrains/kotlin/load/java/JvmAnnotationNamesKt
instanceKlass org/jetbrains/kotlin/load/java/JavaDefaultQualifiersKt
instanceKlass org/jetbrains/kotlin/fir/EnumClassUtilsKt
instanceKlass org/jetbrains/kotlin/fir/declarations/builder/FirEnumEntryBuilder
instanceKlass org/jetbrains/kotlin/fir/java/AnnotationData
instanceKlass  @bci org/jetbrains/kotlin/fir/java/JavaAnnotationsMappingKt$buildFirAnnotation$argumentMapping$1 <init> (Lorg/jetbrains/kotlin/name/ClassId;Lorg/jetbrains/kotlin/load/java/structure/JavaAnnotation;Lorg/jetbrains/kotlin/fir/FirSession;Lorg/jetbrains/kotlin/fir/symbols/impl/ConeClassLikeLookupTagImpl;Lorg/jetbrains/kotlin/KtSourceElement;)V 12 <appendix> member <vmtarget> ; # org/jetbrains/kotlin/fir/java/JavaAnnotationsMappingKt$buildFirAnnotation$argumentMapping$1$$Lambda+0x00000001005c5060
instanceKlass java/util/ArrayList$SubList$1
instanceKlass javaslang/control/Option$None
instanceKlass org/jetbrains/kotlin/metadata/deserialization/VersionRequirement$Companion$WhenMappings
instanceKlass org/jetbrains/kotlin/metadata/deserialization/VersionRequirement$Version$Companion
instanceKlass org/jetbrains/kotlin/metadata/deserialization/VersionRequirement$Version
instanceKlass org/jetbrains/kotlin/fir/deserialization/FirTypeDeserializer$FlexibleTypeFactory$Default
instanceKlass kotlin/collections/builders/SetBuilder$Companion
instanceKlass org/jetbrains/kotlin/metadata/ProtoBuf$TypeAliasOrBuilder
instanceKlass org/jetbrains/kotlin/metadata/ProtoBuf$Effect$InvocationKind$1
instanceKlass org/jetbrains/kotlin/metadata/ProtoBuf$Expression$ConstantValue$1
instanceKlass org/jetbrains/kotlin/metadata/ProtoBuf$ExpressionOrBuilder
instanceKlass org/jetbrains/kotlin/metadata/ProtoBuf$Effect$EffectType$1
instanceKlass org/jetbrains/kotlin/metadata/ProtoBuf$EffectOrBuilder
instanceKlass org/jetbrains/kotlin/load/kotlin/KotlinClassFinderKt
instanceKlass org/jetbrains/kotlin/load/java/structure/JavaAnnotationAsAnnotationArgument
instanceKlass org/jetbrains/kotlin/load/java/structure/impl/classFiles/BinaryJavaClass$WhenMappings
instanceKlass org/jetbrains/kotlin/fir/expressions/builder/FirEnumEntryDeserializedAccessExpressionBuilder
instanceKlass org/jetbrains/kotlin/load/java/structure/JavaEnumValueAnnotationArgument
instanceKlass org/jetbrains/kotlin/fir/deserialization/FirConstDeserializerKt
instanceKlass org/jetbrains/kotlin/fir/java/deserialization/FirJvmConstDeserializer$loadConstant$2
instanceKlass org/jetbrains/kotlin/fir/types/ConeBuiltinTypeUtilsKt
instanceKlass org/jetbrains/kotlin/fir/java/deserialization/JvmClassFileBasedSymbolProvider$loadAnnotationsFromClassFile$1
instanceKlass org/jetbrains/kotlin/metadata/jvm/deserialization/JvmFlags
instanceKlass org/jetbrains/kotlin/fir/declarations/FirValueClassRepresentationKt
instanceKlass org/jetbrains/kotlin/fir/declarations/ValueClassesUtilsKt
instanceKlass org/jetbrains/kotlin/serialization/deserialization/ValueClassUtilKt
instanceKlass  @bci org/jetbrains/kotlin/fir/deserialization/ClassDeserializationKt deserializeClassToSymbol (Lorg/jetbrains/kotlin/name/ClassId;Lorg/jetbrains/kotlin/metadata/ProtoBuf$Class;Lorg/jetbrains/kotlin/fir/symbols/impl/FirRegularClassSymbol;Lorg/jetbrains/kotlin/metadata/deserialization/NameResolver;Lorg/jetbrains/kotlin/fir/FirSession;Lorg/jetbrains/kotlin/fir/FirModuleData;Lorg/jetbrains/kotlin/fir/deserialization/AbstractAnnotationDeserializer;Lorg/jetbrains/kotlin/fir/deserialization/FirTypeDeserializer$FlexibleTypeFactory;Lorg/jetbrains/kotlin/fir/scopes/FirScopeProvider;Lorg/jetbrains/kotlin/serialization/SerializerExtensionProtocol;Lorg/jetbrains/kotlin/fir/deserialization/FirDeserializationContext;Lorg/jetbrains/kotlin/serialization/deserialization/descriptors/DeserializedContainerSource;Lorg/jetbrains/kotlin/fir/declarations/FirDeclarationOrigin;Lkotlin/jvm/functions/Function2;)V 2703 <appendix> member <vmtarget> ; # org/jetbrains/kotlin/fir/deserialization/ClassDeserializationKt$$Lambda+0x00000001005bc078
instanceKlass org/jetbrains/kotlin/builtins/jvm/JvmBuiltInsSignatures
instanceKlass org/jetbrains/kotlin/fir/java/deserialization/JvmBinaryAnnotationDeserializer$WhenMappings
instanceKlass org/jetbrains/kotlin/load/kotlin/AbstractBinaryClassAnnotationLoaderKt
instanceKlass org/jetbrains/kotlin/metadata/SerializationPluginMetadataExtensions
instanceKlass org/jetbrains/kotlin/fir/deserialization/FirTypeDeserializer$WhenMappings
instanceKlass org/jetbrains/kotlin/fir/declarations/DeprecationsProviderImpl$special$$inlined$createCache$1
instanceKlass org/jetbrains/kotlin/fir/declarations/DeprecationInfoProvider
instanceKlass org/jetbrains/kotlin/name/StandardClassIds$Annotations$ParameterNames
instanceKlass org/jetbrains/kotlin/fir/declarations/FirAnnotationUtilsKt
instanceKlass org/jetbrains/kotlin/fir/types/ConeTypeUtilsKt$WhenMappings
instanceKlass org/jetbrains/kotlin/fir/resolve/transformers/PublishedApiEffectiveVisibilityKt
instanceKlass org/jetbrains/kotlin/fir/expressions/builder/FirArrayLiteralBuilder
instanceKlass org/jetbrains/kotlin/fir/java/deserialization/AnnotationsLoader$AnnotationsLoaderVisitorImpl$visitArray$1
instanceKlass org/jetbrains/kotlin/load/kotlin/KotlinJvmBinaryClass$MethodAnnotationVisitor
instanceKlass org/jetbrains/kotlin/fir/expressions/builder/FirAnnotationArgumentMappingBuilder
instanceKlass org/jetbrains/kotlin/fir/expressions/builder/FirAnnotationBuilder
instanceKlass org/jetbrains/kotlin/fir/java/deserialization/AnnotationsLoader$AnnotationsLoaderVisitorImpl
instanceKlass org/jetbrains/kotlin/SpecialJvmAnnotations
instanceKlass org/jetbrains/kotlin/fir/java/deserialization/JvmBinaryAnnotationDeserializerKt$loadMemberAnnotations$1$MemberAnnotationVisitor
instanceKlass org/jetbrains/kotlin/fir/java/deserialization/JvmBinaryAnnotationDeserializerKt$loadMemberAnnotations$1
instanceKlass org/jetbrains/kotlin/load/kotlin/KotlinJvmBinaryClass$MemberVisitor
instanceKlass org/jetbrains/kotlin/fir/java/deserialization/JvmBinaryAnnotationDeserializerKt
instanceKlass org/jetbrains/kotlin/load/kotlin/MemberSignature$Companion
instanceKlass org/jetbrains/kotlin/load/kotlin/MemberSignature
instanceKlass org/jetbrains/kotlin/metadata/jvm/deserialization/JvmMemberSignature
instanceKlass org/jetbrains/kotlin/metadata/jvm/deserialization/ClassMapperLite
instanceKlass org/jetbrains/kotlin/metadata/deserialization/ProtoTypeTableUtilKt
instanceKlass org/jetbrains/kotlin/fir/deserialization/FirDeserializationUtilsKt
instanceKlass org/jetbrains/kotlin/metadata/deserialization/VersionRequirement$Companion
instanceKlass org/jetbrains/kotlin/metadata/deserialization/VersionRequirement
instanceKlass org/jetbrains/kotlin/serialization/deserialization/ProtoEnumFlags$WhenMappings
instanceKlass org/jetbrains/kotlin/serialization/deserialization/ProtoEnumFlags
instanceKlass org/jetbrains/kotlin/fir/deserialization/ClassDeserializationKt
instanceKlass  @bci org/jetbrains/kotlin/fir/java/deserialization/JvmClassFileBasedSymbolProvider extractClassMetadata (Lorg/jetbrains/kotlin/name/ClassId;Lorg/jetbrains/kotlin/fir/deserialization/FirDeserializationContext;)Lorg/jetbrains/kotlin/fir/deserialization/AbstractFirDeserializedSymbolProvider$ClassMetadataFindResult; 507 <appendix> member <vmtarget> ; # org/jetbrains/kotlin/fir/java/deserialization/JvmClassFileBasedSymbolProvider$$Lambda+0x00000001005b2228
instanceKlass org/jetbrains/kotlin/load/kotlin/KotlinJvmBinarySourceElement
instanceKlass  @bci org/jetbrains/kotlin/fir/deserialization/PackagePartsCacheData <init> (Lorg/jetbrains/kotlin/metadata/ProtoBuf$Package;Lorg/jetbrains/kotlin/fir/deserialization/FirDeserializationContext;Lorg/jetbrains/kotlin/fir/deserialization/PackagePartsCacheData$Extra;)V 59 <appendix> member <vmtarget> ; # org/jetbrains/kotlin/fir/deserialization/PackagePartsCacheData$$Lambda+0x00000001005b1270
instanceKlass  @bci org/jetbrains/kotlin/fir/deserialization/PackagePartsCacheData <init> (Lorg/jetbrains/kotlin/metadata/ProtoBuf$Package;Lorg/jetbrains/kotlin/fir/deserialization/FirDeserializationContext;Lorg/jetbrains/kotlin/fir/deserialization/PackagePartsCacheData$Extra;)V 46 <appendix> member <vmtarget> ; # org/jetbrains/kotlin/fir/deserialization/PackagePartsCacheData$$Lambda+0x00000001005b1018
instanceKlass  @bci org/jetbrains/kotlin/fir/deserialization/PackagePartsCacheData <init> (Lorg/jetbrains/kotlin/metadata/ProtoBuf$Package;Lorg/jetbrains/kotlin/fir/deserialization/FirDeserializationContext;Lorg/jetbrains/kotlin/fir/deserialization/PackagePartsCacheData$Extra;)V 33 <appendix> member <vmtarget> ; # org/jetbrains/kotlin/fir/deserialization/PackagePartsCacheData$$Lambda+0x00000001005b0dc0
instanceKlass org/jetbrains/kotlin/serialization/deserialization/ProtoBufContractDeserializer
instanceKlass org/jetbrains/kotlin/fir/deserialization/FirTypeDeserializer
instanceKlass org/jetbrains/kotlin/metadata/deserialization/VersionRequirementTable$Companion
instanceKlass org/jetbrains/kotlin/metadata/deserialization/VersionRequirementTable
instanceKlass org/jetbrains/kotlin/metadata/deserialization/TypeTable
instanceKlass org/jetbrains/kotlin/fir/deserialization/FirConstDeserializer
instanceKlass org/jetbrains/kotlin/fir/java/deserialization/JvmClassFileBasedSymbolProvider$JavaAwareFlexibleTypeFactory
instanceKlass org/jetbrains/kotlin/fir/deserialization/FirTypeDeserializer$FlexibleTypeFactory
instanceKlass  @bci org/jetbrains/kotlin/fir/java/deserialization/JvmBinaryAnnotationDeserializer <init> (Lorg/jetbrains/kotlin/fir/FirSession;Lorg/jetbrains/kotlin/load/kotlin/KotlinJvmBinaryClass;Lorg/jetbrains/kotlin/load/kotlin/KotlinClassFinder;[B)V 61 <appendix> member <vmtarget> ; # org/jetbrains/kotlin/fir/java/deserialization/JvmBinaryAnnotationDeserializer$$Lambda+0x00000001005af3a8
instanceKlass  @bci org/jetbrains/kotlin/fir/java/deserialization/JvmBinaryAnnotationDeserializer <init> (Lorg/jetbrains/kotlin/fir/FirSession;Lorg/jetbrains/kotlin/load/kotlin/KotlinJvmBinaryClass;Lorg/jetbrains/kotlin/load/kotlin/KotlinClassFinder;[B)V 43 <appendix> member <vmtarget> ; # org/jetbrains/kotlin/fir/java/deserialization/JvmBinaryAnnotationDeserializer$$Lambda+0x00000001005af150
instanceKlass org/jetbrains/kotlin/fir/java/deserialization/MemberAnnotations
instanceKlass org/jetbrains/kotlin/fir/deserialization/FirDeserializationContext$Companion
instanceKlass org/jetbrains/kotlin/fir/deserialization/PackagePartsCacheData
instanceKlass org/jetbrains/kotlin/metadata/jvm/deserialization/JvmNameResolverBase$WhenMappings
instanceKlass org/jetbrains/kotlin/metadata/deserialization/ProtoBufUtilKt
instanceKlass org/jetbrains/kotlin/load/kotlin/JvmPackagePartSource
instanceKlass org/jetbrains/kotlin/serialization/deserialization/descriptors/DeserializedContainerSource
instanceKlass org/jetbrains/kotlin/load/kotlin/FacadeClassSource
instanceKlass org/jetbrains/kotlin/metadata/ProtoBuf$VersionRequirement$VersionKind$1
instanceKlass org/jetbrains/kotlin/metadata/ProtoBuf$VersionRequirement$Level$1
instanceKlass org/jetbrains/kotlin/metadata/ProtoBuf$VersionRequirementOrBuilder
instanceKlass org/jetbrains/kotlin/metadata/jvm/deserialization/JvmNameResolverKt
instanceKlass org/jetbrains/kotlin/metadata/jvm/JvmProtoBuf$StringTableTypes$Record$Operation$1
instanceKlass org/jetbrains/kotlin/metadata/jvm/JvmProtoBuf$StringTableTypes$RecordOrBuilder
instanceKlass org/jetbrains/kotlin/metadata/jvm/JvmProtoBuf$StringTableTypesOrBuilder
instanceKlass kotlin/collections/IndexedValue
instanceKlass kotlin/collections/IndexingIterator
instanceKlass kotlin/collections/IndexingIterable
instanceKlass org/jetbrains/kotlin/metadata/jvm/deserialization/JvmNameResolverBase$Companion
instanceKlass org/jetbrains/kotlin/metadata/jvm/deserialization/JvmNameResolverBase
instanceKlass org/jetbrains/kotlin/metadata/jvm/deserialization/UtfEncodingKt
instanceKlass org/jetbrains/kotlin/metadata/jvm/deserialization/BitEncoding
instanceKlass org/jetbrains/kotlin/metadata/jvm/JvmProtoBuf$JvmFieldSignatureOrBuilder
instanceKlass org/jetbrains/kotlin/metadata/jvm/JvmProtoBuf$JvmPropertySignatureOrBuilder
instanceKlass org/jetbrains/kotlin/metadata/jvm/JvmProtoBuf$JvmMethodSignatureOrBuilder
instanceKlass org/jetbrains/kotlin/metadata/jvm/JvmProtoBuf
instanceKlass org/jetbrains/kotlin/metadata/jvm/deserialization/JvmProtoBufUtil
instanceKlass  @bci org/jetbrains/kotlin/fir/deserialization/LibraryPathFilter$LibraryList accepts (Ljava/nio/file/Path;)Z 17 <appendix> member <vmtarget> ; # org/jetbrains/kotlin/fir/deserialization/LibraryPathFilter$LibraryList$$Lambda+0x00000001005a65d8
instanceKlass org/jetbrains/kotlin/load/kotlin/header/ReadKotlinClassHeaderAnnotationVisitor$CollectStringArrayAnnotationVisitor
instanceKlass org/jetbrains/kotlin/load/kotlin/KotlinJvmBinaryClass$AnnotationArrayArgumentVisitor
instanceKlass org/jetbrains/kotlin/load/kotlin/header/ReadKotlinClassHeaderAnnotationVisitor$KotlinMetadataArgumentVisitor
instanceKlass java/lang/Override
instanceKlass java/lang/Deprecated
instanceKlass org/jetbrains/kotlin/load/java/JvmAnnotationNames
instanceKlass org/jetbrains/kotlin/resolve/jvm/JvmClassName
instanceKlass org/jetbrains/kotlin/fir/java/deserialization/ProviderUtilsKt
instanceKlass org/jetbrains/kotlin/load/java/structure/JavaWildcardType
instanceKlass org/jetbrains/kotlin/load/java/typeEnhancement/TypeComponentPositionKt
instanceKlass  @bci org/jetbrains/kotlin/load/java/typeEnhancement/AbstractSignatureParts computeIndexedQualifiers (Lorg/jetbrains/kotlin/types/model/KotlinTypeMarker;Ljava/lang/Iterable;Lorg/jetbrains/kotlin/load/java/typeEnhancement/TypeEnhancementInfo;Z)Lkotlin/jvm/functions/Function1; 517 <appendix> member <vmtarget> ; # org/jetbrains/kotlin/load/java/typeEnhancement/AbstractSignatureParts$$Lambda+0x00000001005a3a90
instanceKlass org/jetbrains/kotlin/load/java/typeEnhancement/TypeEnhancementInfo
instanceKlass org/jetbrains/kotlin/load/java/typeEnhancement/TypeEnhancementUtilsKt
instanceKlass org/jetbrains/kotlin/load/java/typeEnhancement/JavaTypeQualifiers$Companion
instanceKlass  @bci org/jetbrains/kotlin/load/java/typeEnhancement/AbstractSignatureParts extractQualifiersFromAnnotations (Lorg/jetbrains/kotlin/load/java/typeEnhancement/AbstractSignatureParts$TypeAndDefaultQualifiers;)Lorg/jetbrains/kotlin/load/java/typeEnhancement/JavaTypeQualifiers; 347 <appendix> member <vmtarget> ; # org/jetbrains/kotlin/load/java/typeEnhancement/AbstractSignatureParts$$Lambda+0x00000001005a2848
instanceKlass org/jetbrains/kotlin/load/java/typeEnhancement/JavaTypeQualifiers
instanceKlass org/jetbrains/kotlin/util/WeakPairKt
instanceKlass org/jetbrains/kotlin/fir/resolve/TypeExpansionUtilsKt
instanceKlass  @bci org/jetbrains/kotlin/load/java/typeEnhancement/AbstractSignatureParts toIndexed (Lorg/jetbrains/kotlin/types/model/KotlinTypeMarker;)Ljava/util/List; 28 <appendix> member <vmtarget> ; # org/jetbrains/kotlin/load/java/typeEnhancement/AbstractSignatureParts$$Lambda+0x00000001005a1480
instanceKlass org/jetbrains/kotlin/load/java/typeEnhancement/AbstractSignatureParts$TypeAndDefaultQualifiers
instanceKlass org/jetbrains/kotlin/fir/types/CustomAnnotationTypeAttributeKt
instanceKlass org/jetbrains/kotlin/fir/types/ConeTypeProjectionKt
instanceKlass org/jetbrains/kotlin/fir/java/enhancement/JavaTypeUtilsKt
instanceKlass org/jetbrains/kotlin/builtins/CompanionObjectMapping
instanceKlass org/jetbrains/kotlin/builtins/jvm/JavaToKotlinClassMap$PlatformMutabilityMapping
instanceKlass org/jetbrains/kotlin/builtins/jvm/JavaToKotlinClassMap
instanceKlass org/jetbrains/kotlin/load/java/structure/JavaLiteralAnnotationArgument
instanceKlass org/jetbrains/kotlin/load/java/structure/impl/classFiles/PlainJavaAnnotationArgument
instanceKlass org/jetbrains/kotlin/load/java/structure/JavaArrayAnnotationArgument
instanceKlass org/jetbrains/kotlin/load/java/structure/JavaArrayType
instanceKlass javaslang/control/Option$Some
instanceKlass javaslang/control/Option
instanceKlass org/jetbrains/kotlin/util/javaslang/JavaslangAdaptersKt
instanceKlass org/jetbrains/kotlin/load/java/typeEnhancement/AbstractSignatureParts
instanceKlass org/jetbrains/kotlin/load/java/FakePureImplementationsProvider
instanceKlass  @bci org/jetbrains/kotlin/fir/java/declarations/FirJavaClass superTypeRefs_delegate$lambda$1 (Lorg/jetbrains/kotlin/fir/java/declarations/FirJavaClass;)Ljava/util/List; 15 <appendix> argL0 ; # org/jetbrains/kotlin/fir/java/declarations/FirJavaClass$$Lambda+0x000000010059d830
instanceKlass org/jetbrains/kotlin/fir/resolve/FirTypeResolutionResult
instanceKlass org/jetbrains/kotlin/util/WeakPair
instanceKlass org/jetbrains/kotlin/fir/resolve/LookupTagUtilsKt
instanceKlass org/jetbrains/kotlin/fir/types/FunctionalTypeUtilsKt
instanceKlass org/jetbrains/kotlin/fir/resolve/DeclarationUtilsKt
instanceKlass org/jetbrains/kotlin/fir/resolve/providers/impl/FirTypeResolverImpl$TypeResolutionResult
instanceKlass org/jetbrains/kotlin/fir/resolve/calls/AbstractCandidate
instanceKlass org/jetbrains/kotlin/fir/declarations/utils/FirDeclarationUtilKt
instanceKlass  @bci org/jetbrains/kotlin/fir/java/enhancement/FirEnhancedSymbolsStorage$EnhancementSymbolsCache <init> (Lorg/jetbrains/kotlin/fir/caches/FirCachesFactory;)V 30 <appendix> argL0 ; # org/jetbrains/kotlin/fir/java/enhancement/FirEnhancedSymbolsStorage$EnhancementSymbolsCache$$Lambda+0x000000010059ac00
instanceKlass  @bci org/jetbrains/kotlin/fir/java/enhancement/FirEnhancedSymbolsStorage$EnhancementSymbolsCache <init> (Lorg/jetbrains/kotlin/fir/caches/FirCachesFactory;)V 17 <appendix> argL0 ; # org/jetbrains/kotlin/fir/java/enhancement/FirEnhancedSymbolsStorage$EnhancementSymbolsCache$$Lambda+0x000000010059a9b0
instanceKlass  @bci org/jetbrains/kotlin/fir/java/enhancement/FirEnhancedSymbolsStorage$EnhancementSymbolsCache <init> (Lorg/jetbrains/kotlin/fir/caches/FirCachesFactory;)V 12 <appendix> argL0 ; # org/jetbrains/kotlin/fir/java/enhancement/FirEnhancedSymbolsStorage$EnhancementSymbolsCache$$Lambda+0x000000010059a760
instanceKlass org/jetbrains/kotlin/fir/java/enhancement/FirEnhancedSymbolsStorage$FunctionEnhancementContext
instanceKlass org/jetbrains/kotlin/fir/java/enhancement/FirEnhancedSymbolsStorage$EnhancementSymbolsCache
instanceKlass org/jetbrains/kotlin/fir/java/enhancement/SignatureEnhancementKt
instanceKlass  @bci org/jetbrains/kotlin/fir/java/enhancement/FirSignatureEnhancement <init> (Lorg/jetbrains/kotlin/fir/declarations/FirRegularClass;Lorg/jetbrains/kotlin/fir/FirSession;Lkotlin/jvm/functions/Function1;)V 89 <appendix> member <vmtarget> ; # org/jetbrains/kotlin/fir/java/enhancement/FirSignatureEnhancement$$Lambda+0x0000000100599e50
instanceKlass org/jetbrains/kotlin/load/java/JavaTypeQualifiersByElementType
instanceKlass org/jetbrains/kotlin/fir/java/enhancement/FirAnnotationTypeQualifierResolverKt
instanceKlass  @bci org/jetbrains/kotlin/fir/java/FirJavaFacade convertJavaClassToFir (Lorg/jetbrains/kotlin/fir/symbols/impl/FirRegularClassSymbol;Lorg/jetbrains/kotlin/fir/symbols/impl/FirRegularClassSymbol;Lorg/jetbrains/kotlin/load/java/structure/JavaClass;)Lorg/jetbrains/kotlin/fir/java/declarations/FirJavaClass; 161 <appendix> argL0 ; # org/jetbrains/kotlin/fir/java/FirJavaFacade$$Lambda+0x0000000100599788
instanceKlass org/jetbrains/kotlin/fir/java/enhancement/FirSignatureEnhancement
instanceKlass org/jetbrains/kotlin/fir/java/JavaBinarySourceElement
instanceKlass  @bci org/jetbrains/kotlin/fir/java/declarations/FirJavaClass <init> (Lorg/jetbrains/kotlin/KtSourceElement;Lorg/jetbrains/kotlin/fir/FirModuleData;Lorg/jetbrains/kotlin/fir/declarations/FirResolvePhase;Lorg/jetbrains/kotlin/name/Name;Lorg/jetbrains/kotlin/fir/declarations/FirDeclarationOrigin$Java;Ljava/util/List;Lorg/jetbrains/kotlin/fir/declarations/FirDeclarationStatus;Lorg/jetbrains/kotlin/descriptors/ClassKind;Ljava/util/List;Lorg/jetbrains/kotlin/fir/scopes/FirScopeProvider;Lorg/jetbrains/kotlin/fir/symbols/impl/FirRegularClassSymbol;Ljava/util/List;Ljava/util/List;Lorg/jetbrains/kotlin/load/java/structure/JavaPackage;Lorg/jetbrains/kotlin/fir/java/MutableJavaTypeParameterStack;Ljava/util/List;Z)V 250 <appendix> member <vmtarget> ; # org/jetbrains/kotlin/fir/java/declarations/FirJavaClass$$Lambda+0x0000000100599098
instanceKlass  @bci org/jetbrains/kotlin/fir/java/declarations/FirJavaClass <init> (Lorg/jetbrains/kotlin/KtSourceElement;Lorg/jetbrains/kotlin/fir/FirModuleData;Lorg/jetbrains/kotlin/fir/declarations/FirResolvePhase;Lorg/jetbrains/kotlin/name/Name;Lorg/jetbrains/kotlin/fir/declarations/FirDeclarationOrigin$Java;Ljava/util/List;Lorg/jetbrains/kotlin/fir/declarations/FirDeclarationStatus;Lorg/jetbrains/kotlin/descriptors/ClassKind;Ljava/util/List;Lorg/jetbrains/kotlin/fir/scopes/FirScopeProvider;Lorg/jetbrains/kotlin/fir/symbols/impl/FirRegularClassSymbol;Ljava/util/List;Ljava/util/List;Lorg/jetbrains/kotlin/load/java/structure/JavaPackage;Lorg/jetbrains/kotlin/fir/java/MutableJavaTypeParameterStack;Ljava/util/List;Z)V 237 <appendix> member <vmtarget> ; # org/jetbrains/kotlin/fir/java/declarations/FirJavaClass$$Lambda+0x0000000100598e40
instanceKlass  @bci org/jetbrains/kotlin/fir/java/declarations/FirJavaClass <init> (Lorg/jetbrains/kotlin/KtSourceElement;Lorg/jetbrains/kotlin/fir/FirModuleData;Lorg/jetbrains/kotlin/fir/declarations/FirResolvePhase;Lorg/jetbrains/kotlin/name/Name;Lorg/jetbrains/kotlin/fir/declarations/FirDeclarationOrigin$Java;Ljava/util/List;Lorg/jetbrains/kotlin/fir/declarations/FirDeclarationStatus;Lorg/jetbrains/kotlin/descriptors/ClassKind;Ljava/util/List;Lorg/jetbrains/kotlin/fir/scopes/FirScopeProvider;Lorg/jetbrains/kotlin/fir/symbols/impl/FirRegularClassSymbol;Ljava/util/List;Ljava/util/List;Lorg/jetbrains/kotlin/load/java/structure/JavaPackage;Lorg/jetbrains/kotlin/fir/java/MutableJavaTypeParameterStack;Ljava/util/List;Z)V 224 <appendix> member <vmtarget> ; # org/jetbrains/kotlin/fir/java/declarations/FirJavaClass$$Lambda+0x0000000100598be8
instanceKlass  @bci org/jetbrains/kotlin/fir/java/declarations/FirJavaConstructor <init> (Lorg/jetbrains/kotlin/KtSourceElement;Lorg/jetbrains/kotlin/fir/FirModuleData;Lorg/jetbrains/kotlin/fir/symbols/impl/FirConstructorSymbol;Lorg/jetbrains/kotlin/fir/declarations/FirDeclarationOrigin$Java;ZLorg/jetbrains/kotlin/fir/types/FirTypeRef;Ljava/util/List;Ljava/util/List;Lkotlin/jvm/functions/Function0;Lorg/jetbrains/kotlin/fir/declarations/FirDeclarationStatus;Lorg/jetbrains/kotlin/fir/declarations/FirResolvePhase;Lorg/jetbrains/kotlin/fir/types/ConeSimpleKotlinType;)V 182 <appendix> member <vmtarget> ; # org/jetbrains/kotlin/fir/java/declarations/FirJavaConstructor$$Lambda+0x0000000100597c78
instanceKlass  @bci org/jetbrains/kotlin/fir/java/FirJavaFacade convertJavaConstructorToFir (Lorg/jetbrains/kotlin/load/java/structure/JavaConstructor;Lorg/jetbrains/kotlin/name/CallableId;Lorg/jetbrains/kotlin/load/java/structure/JavaClass;Lorg/jetbrains/kotlin/fir/java/declarations/FirJavaClassBuilder;Ljava/util/List;Lorg/jetbrains/kotlin/fir/java/MutableJavaTypeParameterStack;Lorg/jetbrains/kotlin/fir/symbols/impl/FirRegularClassSymbol;Lorg/jetbrains/kotlin/fir/FirModuleData;)Lorg/jetbrains/kotlin/fir/java/declarations/FirJavaConstructor; 475 <appendix> member <vmtarget> ; # org/jetbrains/kotlin/fir/java/FirJavaFacade$$Lambda+0x0000000100597a20
instanceKlass org/jetbrains/kotlin/fir/declarations/builder/FirConstructorBuilder
instanceKlass org/jetbrains/kotlin/utils/SmartList$SingletonIteratorBase
instanceKlass org/jetbrains/kotlin/fir/java/declarations/FirJavaTypeParameterBuilder
instanceKlass  @bci org/jetbrains/kotlin/fir/java/declarations/FirJavaValueParameter <init> (Lorg/jetbrains/kotlin/KtSourceElement;Lorg/jetbrains/kotlin/fir/FirModuleData;Lorg/jetbrains/kotlin/fir/declarations/FirDeclarationOrigin$Java;Lorg/jetbrains/kotlin/fir/declarations/FirResolvePhase;Lorg/jetbrains/kotlin/fir/declarations/FirDeclarationAttributes;Lorg/jetbrains/kotlin/fir/types/FirTypeRef;Lorg/jetbrains/kotlin/name/Name;Lorg/jetbrains/kotlin/fir/symbols/impl/FirValueParameterSymbol;Lkotlin/jvm/functions/Function0;Lkotlin/Lazy;Lorg/jetbrains/kotlin/fir/symbols/impl/FirFunctionSymbol;Z)V 150 <appendix> member <vmtarget> ; # org/jetbrains/kotlin/fir/java/declarations/FirJavaValueParameter$$Lambda+0x00000001005958e8
instanceKlass  @bci org/jetbrains/kotlin/fir/java/JavaAnnotationsMappingKt toFirValueParameter (Lorg/jetbrains/kotlin/load/java/structure/JavaValueParameter;Lorg/jetbrains/kotlin/fir/FirSession;Lorg/jetbrains/kotlin/fir/symbols/impl/FirFunctionSymbol;Lorg/jetbrains/kotlin/fir/FirModuleData;I)Lorg/jetbrains/kotlin/fir/declarations/FirValueParameter; 270 <appendix> member <vmtarget> ; # org/jetbrains/kotlin/fir/java/JavaAnnotationsMappingKt$$Lambda+0x0000000100595030
instanceKlass org/jetbrains/kotlin/fir/java/declarations/FirJavaValueParameterBuilder
instanceKlass org/jetbrains/kotlin/descriptors/annotations/KotlinTarget$Companion
instanceKlass org/jetbrains/kotlin/fir/java/JavaAnnotationsMappingKt
instanceKlass  @bci org/jetbrains/kotlin/fir/java/declarations/FirJavaMethod <init> (Lorg/jetbrains/kotlin/KtSourceElement;Lorg/jetbrains/kotlin/fir/FirModuleData;Lorg/jetbrains/kotlin/fir/declarations/FirDeclarationOrigin$Java;Lorg/jetbrains/kotlin/fir/declarations/FirResolvePhase;Lorg/jetbrains/kotlin/fir/declarations/FirDeclarationAttributes;Lorg/jetbrains/kotlin/fir/types/FirTypeRef;Ljava/util/List;Ljava/util/List;Lorg/jetbrains/kotlin/name/Name;Lorg/jetbrains/kotlin/fir/declarations/FirDeclarationStatus;Lorg/jetbrains/kotlin/fir/symbols/impl/FirNamedFunctionSymbol;Lkotlin/jvm/functions/Function0;Lorg/jetbrains/kotlin/fir/types/ConeSimpleKotlinType;)V 181 <appendix> member <vmtarget> ; # org/jetbrains/kotlin/fir/java/declarations/FirJavaMethod$$Lambda+0x0000000100593940
instanceKlass  @bci org/jetbrains/kotlin/fir/java/FirJavaFacade convertJavaMethodToFir (Lorg/jetbrains/kotlin/load/java/structure/JavaClass;Lorg/jetbrains/kotlin/load/java/structure/JavaMethod;Lorg/jetbrains/kotlin/name/ClassId;Lorg/jetbrains/kotlin/fir/java/MutableJavaTypeParameterStack;Lorg/jetbrains/kotlin/fir/types/ConeClassLikeType;Lorg/jetbrains/kotlin/fir/FirModuleData;)Lorg/jetbrains/kotlin/fir/java/declarations/FirJavaMethod; 301 <appendix> member <vmtarget> ; # org/jetbrains/kotlin/fir/java/FirJavaFacade$$Lambda+0x0000000100593038
instanceKlass org/jetbrains/kotlin/fir/java/declarations/FirJavaMethodBuilder
instanceKlass org/jetbrains/kotlin/load/java/structure/JavaLoadingKt
instanceKlass  @bci org/jetbrains/kotlin/fir/java/declarations/FirJavaField <init> (Lorg/jetbrains/kotlin/KtSourceElement;Lorg/jetbrains/kotlin/fir/FirModuleData;Lorg/jetbrains/kotlin/fir/declarations/FirDeclarationOrigin$Java;Lorg/jetbrains/kotlin/fir/symbols/impl/FirFieldSymbol;Lorg/jetbrains/kotlin/name/Name;Lorg/jetbrains/kotlin/fir/declarations/FirResolvePhase;Lorg/jetbrains/kotlin/fir/types/FirTypeRef;Lorg/jetbrains/kotlin/fir/declarations/FirDeclarationStatus;ZLkotlin/jvm/functions/Function0;Ljava/util/List;Lkotlin/Lazy;Lkotlin/Lazy;Lorg/jetbrains/kotlin/fir/types/ConeSimpleKotlinType;Lorg/jetbrains/kotlin/fir/declarations/FirDeclarationAttributes;)V 202 <appendix> member <vmtarget> ; # org/jetbrains/kotlin/fir/java/declarations/FirJavaField$$Lambda+0x00000001005927b8
instanceKlass  @bci org/jetbrains/kotlin/fir/java/declarations/FirJavaField <init> (Lorg/jetbrains/kotlin/KtSourceElement;Lorg/jetbrains/kotlin/fir/FirModuleData;Lorg/jetbrains/kotlin/fir/declarations/FirDeclarationOrigin$Java;Lorg/jetbrains/kotlin/fir/symbols/impl/FirFieldSymbol;Lorg/jetbrains/kotlin/name/Name;Lorg/jetbrains/kotlin/fir/declarations/FirResolvePhase;Lorg/jetbrains/kotlin/fir/types/FirTypeRef;Lorg/jetbrains/kotlin/fir/declarations/FirDeclarationStatus;ZLkotlin/jvm/functions/Function0;Ljava/util/List;Lkotlin/Lazy;Lkotlin/Lazy;Lorg/jetbrains/kotlin/fir/types/ConeSimpleKotlinType;Lorg/jetbrains/kotlin/fir/declarations/FirDeclarationAttributes;)V 189 <appendix> member <vmtarget> ; # org/jetbrains/kotlin/fir/java/declarations/FirJavaField$$Lambda+0x0000000100592560
instanceKlass org/jetbrains/kotlin/fir/java/declarations/UtilsKt
instanceKlass  @bci org/jetbrains/kotlin/fir/java/FirJavaFacade convertJavaFieldToFir (Lorg/jetbrains/kotlin/load/java/structure/JavaField;Lorg/jetbrains/kotlin/name/ClassId;Lorg/jetbrains/kotlin/fir/java/MutableJavaTypeParameterStack;Lorg/jetbrains/kotlin/fir/types/ConeClassLikeType;Lorg/jetbrains/kotlin/fir/FirModuleData;)Lorg/jetbrains/kotlin/fir/declarations/FirDeclaration; 556 <appendix> member <vmtarget> ; # org/jetbrains/kotlin/fir/java/FirJavaFacade$$Lambda+0x0000000100591228
instanceKlass  @bci org/jetbrains/kotlin/fir/java/FirJavaFacade convertJavaFieldToFir (Lorg/jetbrains/kotlin/load/java/structure/JavaField;Lorg/jetbrains/kotlin/name/ClassId;Lorg/jetbrains/kotlin/fir/java/MutableJavaTypeParameterStack;Lorg/jetbrains/kotlin/fir/types/ConeClassLikeType;Lorg/jetbrains/kotlin/fir/FirModuleData;)Lorg/jetbrains/kotlin/fir/declarations/FirDeclaration; 542 <appendix> member <vmtarget> ; # org/jetbrains/kotlin/fir/java/FirJavaFacade$$Lambda+0x0000000100590fd0
instanceKlass  @bci org/jetbrains/kotlin/fir/java/FirJavaFacade convertJavaFieldToFir (Lorg/jetbrains/kotlin/load/java/structure/JavaField;Lorg/jetbrains/kotlin/name/ClassId;Lorg/jetbrains/kotlin/fir/java/MutableJavaTypeParameterStack;Lorg/jetbrains/kotlin/fir/types/ConeClassLikeType;Lorg/jetbrains/kotlin/fir/FirModuleData;)Lorg/jetbrains/kotlin/fir/declarations/FirDeclaration; 530 <appendix> member <vmtarget> ; # org/jetbrains/kotlin/fir/java/FirJavaFacade$$Lambda+0x0000000100590d78
instanceKlass org/jetbrains/kotlin/fir/declarations/builder/FirFieldBuilder
instanceKlass org/jetbrains/kotlin/fir/resolve/ScopeUtilsKt
instanceKlass  @bci org/jetbrains/kotlin/fir/types/jvm/FirJavaTypeRef <init> (Lorg/jetbrains/kotlin/load/java/structure/JavaType;Lorg/jetbrains/kotlin/KtSourceElement;Lkotlin/jvm/functions/Function0;)V 28 <appendix> member <vmtarget> ; # org/jetbrains/kotlin/fir/types/jvm/FirJavaTypeRef$$Lambda+0x000000010058f8e0
instanceKlass  @bci org/jetbrains/kotlin/fir/java/JavaTypeConversionKt toFirJavaTypeRef (Lorg/jetbrains/kotlin/load/java/structure/JavaType;Lorg/jetbrains/kotlin/fir/FirSession;Lorg/jetbrains/kotlin/KtSourceElement;)Lorg/jetbrains/kotlin/fir/types/jvm/FirJavaTypeRef; 35 <appendix> member <vmtarget> ; # org/jetbrains/kotlin/fir/java/JavaTypeConversionKt$$Lambda+0x000000010058f330
instanceKlass org/jetbrains/kotlin/fir/types/jvm/FirJavaTypeRefBuilder
instanceKlass org/jetbrains/kotlin/fir/java/JavaTypeConversionKt
instanceKlass org/jetbrains/kotlin/descriptors/EffectiveVisibility$WhenMappings
instanceKlass org/jetbrains/kotlin/it/unimi/dsi/fastutil/objects/Object2ObjectOpenHashMap$MapIterator
instanceKlass org/jetbrains/kotlin/fir/java/FirJavaFacade$ValueParametersForAnnotationConstructor
instanceKlass  @bci org/jetbrains/kotlin/fir/java/deserialization/JvmClassFileBasedSymbolProvider extractClassMetadata (Lorg/jetbrains/kotlin/name/ClassId;Lorg/jetbrains/kotlin/fir/deserialization/FirDeserializationContext;)Lorg/jetbrains/kotlin/fir/deserialization/AbstractFirDeserializedSymbolProvider$ClassMetadataFindResult; 146 <appendix> member <vmtarget> ; # org/jetbrains/kotlin/fir/java/deserialization/JvmClassFileBasedSymbolProvider$$Lambda+0x000000010058cec8
instanceKlass org/jetbrains/kotlin/fir/deserialization/AbstractFirDeserializedSymbolProvider$ClassMetadataFindResult
instanceKlass org/jetbrains/kotlin/fir/java/JavaUtilsKt
instanceKlass  @bci org/jetbrains/kotlin/load/java/structure/impl/classFiles/BinaryClassSignatureParser parseTypeVariableRefSignature (Ljava/text/CharacterIterator;Lorg/jetbrains/kotlin/load/java/structure/impl/classFiles/ClassifierResolutionContext;)Lorg/jetbrains/kotlin/load/java/structure/JavaClassifierType; 139 <appendix> member <vmtarget> ; # org/jetbrains/kotlin/load/java/structure/impl/classFiles/BinaryClassSignatureParser$$Lambda+0x000000010058c5c0
instanceKlass org/jetbrains/kotlin/load/java/structure/impl/classFiles/BinaryJavaTypeParameter
instanceKlass org/jetbrains/kotlin/load/java/structure/JavaTypeParameter
instanceKlass  @bci org/jetbrains/kotlin/load/java/structure/impl/classFiles/BinaryJavaAnnotationVisitor <init> (Lorg/jetbrains/kotlin/load/java/structure/impl/classFiles/ClassifierResolutionContext;Lorg/jetbrains/kotlin/load/java/structure/impl/classFiles/BinaryClassSignatureParser;Ljava/util/Collection;)V 22 <appendix> member <vmtarget> ; # org/jetbrains/kotlin/load/java/structure/impl/classFiles/BinaryJavaAnnotationVisitor$$Lambda+0x000000010058b9c0
instanceKlass org/jetbrains/kotlin/load/java/structure/JavaAnnotationArgument
instanceKlass  @bci org/jetbrains/kotlin/load/java/structure/impl/classFiles/BinaryJavaAnnotation <init> (Ljava/lang/String;Lorg/jetbrains/kotlin/load/java/structure/impl/classFiles/ClassifierResolutionContext;Ljava/util/Collection;Z)V 26 <appendix> member <vmtarget> ; # org/jetbrains/kotlin/load/java/structure/impl/classFiles/BinaryJavaAnnotation$$Lambda+0x000000010058b2d0
instanceKlass org/jetbrains/kotlin/load/java/structure/impl/classFiles/BinaryJavaAnnotation$Companion
instanceKlass org/jetbrains/kotlin/load/java/structure/impl/classFiles/BinaryJavaAnnotation
instanceKlass org/jetbrains/kotlin/load/java/structure/JavaAnnotation
instanceKlass org/jetbrains/kotlin/load/java/structure/impl/classFiles/BinaryJavaValueParameter
instanceKlass org/jetbrains/kotlin/load/java/structure/JavaValueParameter
instanceKlass org/jetbrains/kotlin/load/java/structure/JavaMethod
instanceKlass org/jetbrains/org/objectweb/asm/MethodVisitor
instanceKlass org/jetbrains/kotlin/load/java/structure/JavaConstructor
instanceKlass org/jetbrains/kotlin/load/java/structure/impl/classFiles/BinaryJavaMethodBase$Companion$MethodInfo
instanceKlass org/jetbrains/org/objectweb/asm/Type
instanceKlass org/jetbrains/kotlin/load/java/structure/impl/classFiles/BinaryJavaMethodBase$Companion
instanceKlass org/jetbrains/kotlin/load/java/structure/impl/classFiles/BinaryJavaMethodBase
instanceKlass org/jetbrains/org/objectweb/asm/FieldVisitor
instanceKlass org/jetbrains/kotlin/load/java/structure/impl/classFiles/BinaryJavaField
instanceKlass org/jetbrains/kotlin/load/java/structure/JavaField
instanceKlass org/jetbrains/kotlin/load/java/structure/JavaMember
instanceKlass org/jetbrains/kotlin/load/java/structure/JavaPrimitiveType
instanceKlass  @bci org/jetbrains/kotlin/load/java/structure/impl/classFiles/BinaryClassSignatureParser parseParameterizedClassRefSignature (Ljava/text/CharacterIterator;Lorg/jetbrains/kotlin/load/java/structure/impl/classFiles/ClassifierResolutionContext;)Lorg/jetbrains/kotlin/load/java/structure/JavaClassifierType; 215 <appendix> member <vmtarget> ; # org/jetbrains/kotlin/load/java/structure/impl/classFiles/BinaryClassSignatureParser$$Lambda+0x0000000100587230
instanceKlass java/text/StringCharacterIterator
instanceKlass java/text/CharacterIterator
instanceKlass org/jetbrains/kotlin/load/java/structure/impl/classFiles/ClassifierResolutionContext$InnerClassInfo
instanceKlass org/jetbrains/kotlin/load/java/structure/impl/classFiles/CommonMixinsKt
instanceKlass  @bci org/jetbrains/kotlin/load/java/structure/impl/classFiles/BinaryJavaClass convertInternalNameToClassifierType (Ljava/lang/String;)Lorg/jetbrains/kotlin/load/java/structure/JavaClassifierType; 6 <appendix> member <vmtarget> ; # org/jetbrains/kotlin/load/java/structure/impl/classFiles/BinaryJavaClass$$Lambda+0x0000000100585d18
instanceKlass org/jetbrains/kotlin/load/java/structure/impl/classFiles/ClassifierResolutionContext$Result
instanceKlass org/jetbrains/kotlin/load/java/structure/impl/classFiles/JavaPlainType
instanceKlass org/jetbrains/kotlin/load/java/structure/JavaClassifierType
instanceKlass org/jetbrains/kotlin/load/java/structure/JavaType
instanceKlass org/jetbrains/kotlin/load/java/structure/ListBasedJavaAnnotationOwner
instanceKlass org/jetbrains/kotlin/load/java/structure/impl/classFiles/BinaryJavaModifierListOwner
instanceKlass org/jetbrains/kotlin/load/java/structure/impl/VirtualFileBoundJavaClass
instanceKlass org/jetbrains/kotlin/load/java/structure/MutableJavaAnnotationOwner
instanceKlass javaslang/collection/HashArrayMappedTrieModule$AbstractNode
instanceKlass javaslang/collection/HashArrayMappedTrie
instanceKlass javaslang/collection/Set
instanceKlass javaslang/collection/Seq
instanceKlass javaslang/collection/Iterator
instanceKlass javaslang/collection/HashMap
instanceKlass javaslang/collection/Map
instanceKlass javaslang/collection/Traversable
instanceKlass javaslang/collection/Foldable
instanceKlass javaslang/Value
instanceKlass javaslang/Function1
instanceKlass javaslang/\u03bb
instanceKlass  @bci org/jetbrains/kotlin/cli/jvm/compiler/KotlinCliJavaFileManagerImpl findClass (Lorg/jetbrains/kotlin/load/java/JavaClassFinder$Request;Lorg/jetbrains/kotlin/com/intellij/psi/search/GlobalSearchScope;)Lorg/jetbrains/kotlin/load/java/structure/JavaClass; 254 <appendix> member <vmtarget> ; # org/jetbrains/kotlin/cli/jvm/compiler/KotlinCliJavaFileManagerImpl$$Lambda+0x0000000100581710
instanceKlass org/jetbrains/kotlin/load/java/structure/impl/classFiles/ClassifierResolutionContext
instanceKlass org/jetbrains/kotlin/load/kotlin/FileBasedKotlinClass$OuterAndInnerName
instanceKlass org/jetbrains/org/objectweb/asm/Context
instanceKlass org/jetbrains/org/objectweb/asm/Attribute
instanceKlass org/jetbrains/org/objectweb/asm/Label
instanceKlass org/jetbrains/org/objectweb/asm/ClassReader
instanceKlass org/jetbrains/kotlin/load/kotlin/header/KotlinClassHeader$Kind$Companion
instanceKlass org/jetbrains/kotlin/load/kotlin/KotlinJvmBinaryClass$AnnotationArgumentVisitor
instanceKlass org/jetbrains/kotlin/load/kotlin/header/ReadKotlinClassHeaderAnnotationVisitor
instanceKlass org/jetbrains/kotlin/load/kotlin/KotlinJvmBinaryClass$AnnotationVisitor
instanceKlass  @bci org/jetbrains/kotlin/load/kotlin/VirtualFileKotlinClass$Factory create$lambda$3 (Lorg/jetbrains/kotlin/com/intellij/openapi/vfs/VirtualFile;[BLorg/jetbrains/kotlin/metadata/jvm/deserialization/JvmMetadataVersion;)Lorg/jetbrains/kotlin/load/kotlin/KotlinClassFinder$Result; 122 <appendix> member <vmtarget> ; # org/jetbrains/kotlin/load/kotlin/VirtualFileKotlinClass$Factory$$Lambda+0x000000010057b0a8
instanceKlass org/jetbrains/kotlin/load/kotlin/FileBasedKotlinClass$InnerClassesInfo
instanceKlass org/jetbrains/kotlin/load/kotlin/header/KotlinClassHeader
instanceKlass  @bci org/jetbrains/kotlin/load/kotlin/VirtualFileKotlinClass$Factory create$frontend_common_jvm (Lorg/jetbrains/kotlin/com/intellij/openapi/vfs/VirtualFile;Lorg/jetbrains/kotlin/metadata/jvm/deserialization/JvmMetadataVersion;[B)Lorg/jetbrains/kotlin/load/kotlin/KotlinClassFinder$Result; 18 <appendix> member <vmtarget> ; # org/jetbrains/kotlin/load/kotlin/VirtualFileKotlinClass$Factory$$Lambda+0x000000010057a9c0
instanceKlass org/jetbrains/kotlin/load/kotlin/VirtualFileKotlinClass$Factory
instanceKlass org/jetbrains/org/objectweb/asm/AnnotationVisitor
instanceKlass org/jetbrains/org/objectweb/asm/ClassVisitor
instanceKlass org/jetbrains/kotlin/load/kotlin/FileBasedKotlinClass
instanceKlass org/jetbrains/kotlin/load/kotlin/KotlinJvmBinaryClass
instanceKlass  @bci org/jetbrains/kotlin/load/kotlin/KotlinBinaryClassCache$Companion getKotlinBinaryClassOrClassFileContent (Lorg/jetbrains/kotlin/com/intellij/openapi/vfs/VirtualFile;Lorg/jetbrains/kotlin/metadata/jvm/deserialization/JvmMetadataVersion;[B)Lorg/jetbrains/kotlin/load/kotlin/KotlinClassFinder$Result; 119 <appendix> member <vmtarget> ; # org/jetbrains/kotlin/load/kotlin/KotlinBinaryClassCache$Companion$$Lambda+0x000000010057ed90
instanceKlass org/jetbrains/kotlin/load/kotlin/KotlinClassFinder$Result
instanceKlass org/jetbrains/kotlin/com/intellij/openapi/util/Computable
instanceKlass org/jetbrains/kotlin/load/kotlin/KotlinBinaryClassCache$RequestCache
instanceKlass  @bci org/jetbrains/kotlin/cli/jvm/compiler/CliVirtualFileFinder findBinaryOrSigClass (Lorg/jetbrains/kotlin/name/ClassId;Ljava/lang/String;Ljava/util/Set;)Lorg/jetbrains/kotlin/com/intellij/openapi/vfs/VirtualFile; 8 <appendix> member <vmtarget> ; # org/jetbrains/kotlin/cli/jvm/compiler/CliVirtualFileFinder$$Lambda+0x000000010057e250
instanceKlass org/jetbrains/kotlin/cli/jvm/index/JvmDependenciesIndexImpl$SearchResult
instanceKlass org/jetbrains/kotlin/cli/jvm/compiler/KotlinCliJavaFileManagerImpl$WhenMappings
instanceKlass  @bci org/jetbrains/kotlin/cli/jvm/index/JvmDependenciesDynamicCompoundIndex findClass (Lorg/jetbrains/kotlin/name/ClassId;Ljava/util/Set;Lkotlin/jvm/functions/Function2;)Ljava/lang/Object; 49 <appendix> member <vmtarget> ; # org/jetbrains/kotlin/cli/jvm/index/JvmDependenciesDynamicCompoundIndex$$Lambda+0x000000010057d948
instanceKlass  @bci org/jetbrains/kotlin/cli/jvm/compiler/KotlinCliJavaFileManagerImpl findVirtualFileForTopLevelClass (Lorg/jetbrains/kotlin/name/ClassId;Lorg/jetbrains/kotlin/com/intellij/psi/search/GlobalSearchScope;)Lorg/jetbrains/kotlin/com/intellij/openapi/vfs/VirtualFile; 132 <appendix> member <vmtarget> ; # org/jetbrains/kotlin/cli/jvm/compiler/KotlinCliJavaFileManagerImpl$$Lambda+0x000000010057d6f0
instanceKlass org/jetbrains/kotlin/load/java/JavaClassFinder$Request
instanceKlass org/jetbrains/kotlin/fir/resolve/providers/FirSymbolNamesProviderKt
instanceKlass org/jetbrains/kotlin/descriptors/SourceElement$1
instanceKlass org/jetbrains/kotlin/serialization/deserialization/ClassData
instanceKlass org/jetbrains/kotlin/it/unimi/dsi/fastutil/objects/ObjectOpenHashSet$SetIterator
instanceKlass  @bci org/jetbrains/kotlin/fir/scopes/impl/FirAbstractSimpleImportingScope processClassifiersByNameWithSubstitution (Lorg/jetbrains/kotlin/name/Name;Lkotlin/jvm/functions/Function2;)V 36 <appendix> member <vmtarget> ; # org/jetbrains/kotlin/fir/scopes/impl/FirAbstractSimpleImportingScope$$Lambda+0x000000010057c900
instanceKlass  @bci org/jetbrains/kotlin/fir/resolve/providers/impl/FirTypeResolverImpl resolveUserTypeToSymbol (Lorg/jetbrains/kotlin/fir/types/FirUserTypeRef;Lorg/jetbrains/kotlin/fir/resolve/transformers/ScopeClassDeclaration;Lorg/jetbrains/kotlin/fir/declarations/FirFile;Lorg/jetbrains/kotlin/fir/resolve/SupertypeSupplier;Z)Lorg/jetbrains/kotlin/fir/resolve/providers/impl/FirTypeResolverImpl$TypeResolutionResult; 188 <adapter> ; # java/lang/invoke/LambdaForm$MH+0x0000000100579c00
# instanceKlass java/lang/invoke/LambdaForm$DMH+0x0000000100579800
instanceKlass  @bci org/jetbrains/kotlin/fir/resolve/providers/impl/FirTypeResolverImpl resolveUserTypeToSymbol (Lorg/jetbrains/kotlin/fir/types/FirUserTypeRef;Lorg/jetbrains/kotlin/fir/resolve/transformers/ScopeClassDeclaration;Lorg/jetbrains/kotlin/fir/declarations/FirFile;Lorg/jetbrains/kotlin/fir/resolve/SupertypeSupplier;Z)Lorg/jetbrains/kotlin/fir/resolve/providers/impl/FirTypeResolverImpl$TypeResolutionResult; 188 <appendix> form vmentry <vmtarget> ; # java/lang/invoke/LambdaForm$DMH+0x0000000100579400
instanceKlass  @bci org/jetbrains/kotlin/fir/resolve/providers/impl/FirTypeResolverImpl resolveUserTypeToSymbol (Lorg/jetbrains/kotlin/fir/types/FirUserTypeRef;Lorg/jetbrains/kotlin/fir/resolve/transformers/ScopeClassDeclaration;Lorg/jetbrains/kotlin/fir/declarations/FirFile;Lorg/jetbrains/kotlin/fir/resolve/SupertypeSupplier;Z)Lorg/jetbrains/kotlin/fir/resolve/providers/impl/FirTypeResolverImpl$TypeResolutionResult; 188 <appendix> member <vmtarget> ; # org/jetbrains/kotlin/fir/resolve/providers/impl/FirTypeResolverImpl$$Lambda+0x000000010057c6a8
instanceKlass  @cpi org/jetbrains/kotlin/fir/resolve/providers/impl/FirTypeResolverImpl 346 form vmentry <vmtarget> ; # java/lang/invoke/LambdaForm$DMH+0x0000000100579000
instanceKlass org/jetbrains/kotlin/fir/resolve/FirQualifierResolverKt
instanceKlass org/jetbrains/kotlin/fir/resolve/dfa/cfg/ControlFlowGraphBuilderKt
instanceKlass org/jetbrains/kotlin/fir/resolve/transformers/FirSupertypesResolutionKt
instanceKlass  @bci org/jetbrains/kotlin/fir/resolve/transformers/FirSupertypeResolverVisitor prepareFileScopes (Lorg/jetbrains/kotlin/fir/declarations/FirFile;)Lorg/jetbrains/kotlin/kotlinx/collections/immutable/PersistentList; 7 <appendix> member <vmtarget> ; # org/jetbrains/kotlin/fir/resolve/transformers/FirSupertypeResolverVisitor$$Lambda+0x0000000100577c20
instanceKlass org/jetbrains/kotlin/fir/resolve/transformers/SupertypeComputationStatus
instanceKlass  @bci org/jetbrains/kotlin/fir/resolve/transformers/FirSupertypeResolverVisitor resolveSpecificClassLikeSupertypes (Lorg/jetbrains/kotlin/fir/declarations/FirClassLikeDeclaration;Ljava/util/List;Z)Ljava/util/List; 20 <adapter> ; # java/lang/invoke/LambdaForm$MH+0x0000000100578c00
# instanceKlass java/lang/invoke/LambdaForm$DMH+0x0000000100578800
instanceKlass  @bci org/jetbrains/kotlin/fir/resolve/transformers/FirSupertypeResolverVisitor resolveSpecificClassLikeSupertypes (Lorg/jetbrains/kotlin/fir/declarations/FirClassLikeDeclaration;Ljava/util/List;Z)Ljava/util/List; 20 <appendix> form vmentry <vmtarget> ; # java/lang/invoke/LambdaForm$DMH+0x0000000100578400
instanceKlass  @bci org/jetbrains/kotlin/fir/resolve/transformers/FirSupertypeResolverVisitor resolveSpecificClassLikeSupertypes (Lorg/jetbrains/kotlin/fir/declarations/FirClassLikeDeclaration;Ljava/util/List;Z)Ljava/util/List; 20 <appendix> member <vmtarget> ; # org/jetbrains/kotlin/fir/resolve/transformers/FirSupertypeResolverVisitor$$Lambda+0x00000001005770e0
instanceKlass  @cpi org/jetbrains/kotlin/fir/resolve/transformers/FirSupertypeResolverVisitor 712 form vmentry <vmtarget> ; # java/lang/invoke/LambdaForm$DMH+0x0000000100578000
instanceKlass org/jetbrains/kotlin/fir/resolve/transformers/ScopeClassDeclaration
instanceKlass org/jetbrains/kotlin/fir/resolve/CallableIdUtilsKt
instanceKlass org/jetbrains/kotlin/fir/declarations/DeprecationAnnotationInfoPerUseSiteStorage
instanceKlass org/jetbrains/kotlin/fir/declarations/FirAnnotationsPlatformSpecificSupportComponentKt
instanceKlass org/jetbrains/kotlin/fir/declarations/DeprecationAnnotationInfoPerUseSiteStorageBuilder
instanceKlass org/jetbrains/kotlin/fir/declarations/FirVersionRequirementsTableKeyKt
instanceKlass org/jetbrains/kotlin/fir/scopes/impl/FirAbstractImportingScopeKt
instanceKlass org/jetbrains/kotlin/fir/declarations/DeclarationUtilsKt
instanceKlass org/jetbrains/kotlin/fir/declarations/DeprecationUtilsKt
instanceKlass org/jetbrains/kotlin/com/google/common/collect/LinkedHashMultimap$ValueSet$1
instanceKlass org/jetbrains/kotlin/com/google/common/collect/AbstractMapBasedMultimap$WrappedCollection$WrappedIterator
instanceKlass org/jetbrains/kotlin/fir/declarations/FirTowerDataElement
instanceKlass org/jetbrains/kotlin/fir/declarations/ImplicitReceiverUtilsKt
instanceKlass org/jetbrains/kotlin/fir/scopes/impl/FirPackageMemberScopeKt
instanceKlass org/jetbrains/kotlin/fir/scopes/DefaultSimpleImportKey
instanceKlass  @bci org/jetbrains/kotlin/fir/scopes/impl/FirExplicitStarImportingScope <init> (Ljava/util/List;Lorg/jetbrains/kotlin/fir/FirSession;Lorg/jetbrains/kotlin/fir/resolve/ScopeSession;Ljava/util/Set;)V 228 <appendix> member <vmtarget> ; # org/jetbrains/kotlin/fir/scopes/impl/FirExplicitStarImportingScope$$Lambda+0x0000000100571f28
instanceKlass org/jetbrains/kotlin/fir/scopes/FirDefaultImportProviderHolderKt
instanceKlass org/jetbrains/kotlin/fir/scopes/impl/DefaultStarImportingScopeMarker
instanceKlass org/jetbrains/kotlin/fir/scopes/DefaultStarImportKey
instanceKlass  @bci org/jetbrains/kotlin/fir/scopes/ImportingScopesKt computeImportingScopes (Lorg/jetbrains/kotlin/fir/declarations/FirFile;Lorg/jetbrains/kotlin/fir/FirSession;Lorg/jetbrains/kotlin/fir/resolve/ScopeSession;ZZ)Ljava/util/List; 600 <appendix> member <vmtarget> ; # org/jetbrains/kotlin/fir/scopes/ImportingScopesKt$$Lambda+0x000000010056fd40
instanceKlass org/jetbrains/kotlin/fir/FirImportTrackerComponent
instanceKlass org/jetbrains/kotlin/fir/FirImportTrackerComponentKt
instanceKlass org/jetbrains/kotlin/fir/resolve/ScopeSessionKey
instanceKlass org/jetbrains/kotlin/fir/scopes/ImportingScopesKt
instanceKlass  @bci org/jetbrains/kotlin/fir/resolve/transformers/plugin/AbstractFirSpecificAnnotationResolveTransformer transformFile (Lorg/jetbrains/kotlin/fir/declarations/FirFile;Ljava/lang/Void;)Lorg/jetbrains/kotlin/fir/declarations/FirFile; 25 <appendix> member <vmtarget> ; # org/jetbrains/kotlin/fir/resolve/transformers/plugin/AbstractFirSpecificAnnotationResolveTransformer$$Lambda+0x000000010056cf18
instanceKlass org/jetbrains/kotlin/fir/extensions/FirPredicateBasedProviderKt
instanceKlass org/jetbrains/kotlin/fir/resolve/transformers/plugin/CompilerRequiredAnnotationsComputationSession
instanceKlass org/jetbrains/kotlin/fir/caches/NullableMap$NullValue
instanceKlass org/jetbrains/kotlin/fir/declarations/builder/FirResolvedImportBuilder
instanceKlass org/jetbrains/kotlin/fir/resolve/transformers/PackageAndClass
instanceKlass  @bci org/jetbrains/kotlin/load/java/structure/JavaElementsKt buildLazyValueForMap (Lorg/jetbrains/kotlin/load/java/structure/JavaAnnotationOwner;)Lkotlin/Lazy; 7 <appendix> member <vmtarget> ; # org/jetbrains/kotlin/load/java/structure/JavaElementsKt$$Lambda+0x00000001005660a0
instanceKlass org/jetbrains/kotlin/load/java/structure/JavaElementsKt
instanceKlass org/jetbrains/kotlin/load/java/structure/impl/source/JavaElementPsiSource
instanceKlass org/jetbrains/kotlin/load/java/structure/impl/JavaElementImpl
instanceKlass org/jetbrains/kotlin/load/java/structure/impl/source/JavaSourceFactoryOwner
instanceKlass org/jetbrains/kotlin/load/java/structure/MapBasedJavaAnnotationOwner
instanceKlass org/jetbrains/kotlin/load/java/structure/JavaPackage
instanceKlass org/jetbrains/kotlin/load/java/structure/impl/source/JavaElementSourceFactory$Companion
instanceKlass  @bci org/jetbrains/kotlin/cli/jvm/compiler/KotlinCliJavaFileManagerImpl findPackage (Ljava/lang/String;)Lorg/jetbrains/kotlin/com/intellij/psi/PsiPackage; 45 <appendix> member <vmtarget> ; # org/jetbrains/kotlin/cli/jvm/compiler/KotlinCliJavaFileManagerImpl$$Lambda+0x00000001005630a0
instanceKlass  @bci org/jetbrains/kotlin/cli/jvm/compiler/KotlinCliJavaFileManagerImplKt toSafeFqName (Ljava/lang/String;)Lorg/jetbrains/kotlin/name/FqName; 1 <appendix> member <vmtarget> ; # org/jetbrains/kotlin/cli/jvm/compiler/KotlinCliJavaFileManagerImplKt$$Lambda+0x0000000100562e48
instanceKlass org/jetbrains/kotlin/cli/jvm/compiler/KotlinCliJavaFileManagerImplKt
instanceKlass org/jetbrains/kotlin/resolve/jvm/KotlinJavaPsiFacade$PackageCache
instanceKlass org/jetbrains/kotlin/cli/jvm/index/JvmDependenciesIndexImpl$FindClassRequest
instanceKlass org/jetbrains/kotlin/cli/jvm/index/JvmDependenciesIndexImpl$WhenMappings
instanceKlass org/jetbrains/kotlin/com/intellij/util/containers/IntArrayList
instanceKlass  @bci org/jetbrains/kotlin/cli/jvm/index/JvmDependenciesIndexImpl traverseDirectoriesInPackage (Lorg/jetbrains/kotlin/name/FqName;Ljava/util/Set;Lkotlin/jvm/functions/Function2;)V 52 <appendix> member <vmtarget> ; # org/jetbrains/kotlin/cli/jvm/index/JvmDependenciesIndexImpl$$Lambda+0x0000000100561bf8
instanceKlass org/jetbrains/kotlin/cli/jvm/index/JvmDependenciesIndexImpl$TraverseRequest
instanceKlass org/jetbrains/kotlin/cli/jvm/index/JvmDependenciesIndexImpl$SearchRequest
instanceKlass  @bci org/jetbrains/kotlin/cli/jvm/compiler/KotlinCliJavaFileManagerImpl knownClassNamesInPackage (Lorg/jetbrains/kotlin/name/FqName;)Ljava/util/Set; 33 <appendix> member <vmtarget> ; # org/jetbrains/kotlin/cli/jvm/compiler/KotlinCliJavaFileManagerImpl$$Lambda+0x0000000100561510
instanceKlass org/jetbrains/kotlin/com/intellij/psi/util/PsiUtilCore$NullPsiElement
instanceKlass org/jetbrains/kotlin/com/intellij/psi/util/PsiUtilCore
instanceKlass  @bci org/jetbrains/kotlin/resolve/jvm/KotlinJavaPsiFacade calcFinders ()[Lorg/jetbrains/kotlin/resolve/jvm/KotlinJavaPsiFacade$KotlinPsiElementFinderWrapper; 149 <appendix> argL0 ; # org/jetbrains/kotlin/resolve/jvm/KotlinJavaPsiFacade$$Lambda+0x000000010055f2d0
instanceKlass org/jetbrains/kotlin/resolve/jvm/KotlinSafeClassFinder
instanceKlass org/jetbrains/kotlin/resolve/jvm/KotlinJavaPsiFacade$CliFinder
instanceKlass org/jetbrains/kotlin/fir/resolve/transformers/ImportUtilsKt
instanceKlass org/jetbrains/kotlin/fir/FirLookupTrackerComponent
instanceKlass org/jetbrains/kotlin/fir/FirLookupTrackerComponentKt
instanceKlass org/jetbrains/kotlin/fir/visitors/FirTransformerUtilKt
instanceKlass org/jetbrains/kotlin/fir/symbols/FirLazyDeclarationResolverKt
instanceKlass org/jetbrains/kotlin/fir/scopes/CallableCopyTypeCalculator
instanceKlass org/jetbrains/kotlin/fir/resolve/transformers/body/resolve/ImplicitBodyResolveComputationSession
instanceKlass org/jetbrains/kotlin/fir/extensions/FirFunctionCallRefinementExtensionKt
instanceKlass org/jetbrains/kotlin/fir/extensions/FirAssignExpressionAltererExtensionKt
instanceKlass org/jetbrains/kotlin/fir/resolve/transformers/body/resolve/FirArrayOfCallTransformer$Companion
instanceKlass org/jetbrains/kotlin/fir/resolve/transformers/WhenExhaustivenessChecker
instanceKlass org/jetbrains/kotlin/fir/resolve/transformers/FirWhenExhaustivenessTransformer$Companion
instanceKlass org/jetbrains/kotlin/fir/resolve/calls/ResolutionContext
instanceKlass  @bci org/jetbrains/kotlin/fir/resolve/transformers/IntegerLiteralAndOperatorApproximationTransformer <init> (Lorg/jetbrains/kotlin/fir/FirSession;Lorg/jetbrains/kotlin/fir/resolve/ScopeSession;)V 41 <appendix> member <vmtarget> ; # org/jetbrains/kotlin/fir/resolve/transformers/IntegerLiteralAndOperatorApproximationTransformer$$Lambda+0x000000010054dcf8
instanceKlass  @bci org/jetbrains/kotlin/fir/resolve/transformers/IntegerLiteralAndOperatorApproximationTransformer <init> (Lorg/jetbrains/kotlin/fir/FirSession;Lorg/jetbrains/kotlin/fir/resolve/ScopeSession;)V 28 <appendix> member <vmtarget> ; # org/jetbrains/kotlin/fir/resolve/transformers/IntegerLiteralAndOperatorApproximationTransformer$$Lambda+0x000000010054daa0
instanceKlass org/jetbrains/kotlin/fir/resolve/transformers/IntegerLiteralAndOperatorApproximationTransformer$Companion
instanceKlass org/jetbrains/kotlin/fir/resolve/FirSamConversionTransformerExtensionKt
instanceKlass org/jetbrains/kotlin/fir/resolve/SamResolutionKt
instanceKlass org/jetbrains/kotlin/fir/resolve/FirOuterClassManager
instanceKlass org/jetbrains/kotlin/fir/resolve/FirDoubleColonExpressionResolver
instanceKlass org/jetbrains/kotlin/fir/resolve/transformers/FirSyntheticCallGenerator$special$$inlined$createCache$1
instanceKlass org/jetbrains/kotlin/fir/CopyUtilsKt
instanceKlass org/jetbrains/kotlin/fir/types/ConeDefinitelyNotNullType$Companion
instanceKlass org/jetbrains/kotlin/types/model/DefinitelyNotNullTypeMarker
instanceKlass org/jetbrains/kotlin/types/model/IntersectionTypeConstructorMarker
instanceKlass org/jetbrains/kotlin/fir/types/ConeTypeUtilsKt
instanceKlass org/jetbrains/kotlin/fir/types/ArrayUtilsKt
instanceKlass org/jetbrains/kotlin/fir/declarations/FirTypeParameterRef
instanceKlass org/jetbrains/kotlin/fir/declarations/builder/FirTypeParameterBuilder
instanceKlass org/jetbrains/kotlin/types/model/TypeParameterMarker
instanceKlass org/jetbrains/kotlin/mpp/TypeParameterSymbolMarker
instanceKlass org/jetbrains/kotlin/fir/symbols/SyntheticSymbol
instanceKlass org/jetbrains/kotlin/fir/symbols/SyntheticCallableId
instanceKlass org/jetbrains/kotlin/fir/resolve/transformers/FirSyntheticCallGenerator
instanceKlass org/jetbrains/kotlin/fir/resolve/dfa/Statement
instanceKlass org/jetbrains/kotlin/fir/resolve/dfa/LogicSystem
instanceKlass org/jetbrains/kotlin/fir/FirVisibilityCheckerKt
instanceKlass org/jetbrains/kotlin/fir/resolve/dfa/FirDataFlowAnalyzer$Companion
instanceKlass org/jetbrains/kotlin/fir/resolve/dfa/FirDataFlowAnalyzer
instanceKlass org/jetbrains/kotlin/fir/resolve/inference/ConstraintSystemCompleter$Companion
instanceKlass org/jetbrains/kotlin/fir/resolve/inference/ConstraintSystemCompleter
instanceKlass org/jetbrains/kotlin/fir/resolve/inference/FirCallCompleter
instanceKlass org/jetbrains/kotlin/fir/resolve/calls/overloads/ConeOverloadConflictResolver$SpecificityComparisonWithNumerics$1
instanceKlass org/jetbrains/kotlin/resolve/calls/results/SpecificityComparisonCallbacks
instanceKlass org/jetbrains/kotlin/fir/resolve/calls/overloads/ConeCallConflictResolver
instanceKlass org/jetbrains/kotlin/fir/resolve/inference/InferenceComponentsKt
instanceKlass org/jetbrains/kotlin/fir/resolve/calls/overloads/ConeCallConflictResolverKt
instanceKlass org/jetbrains/kotlin/fir/resolve/calls/overloads/FirOverloadByLambdaReturnTypeResolver
instanceKlass org/jetbrains/kotlin/fir/resolve/calls/tower/TowerResolveManager
instanceKlass org/jetbrains/kotlin/fir/resolve/calls/tower/TowerGroupKind$Companion
instanceKlass  @bci org/jetbrains/kotlin/fir/resolve/calls/tower/TowerGroup <clinit> ()V 47 <appendix> member <vmtarget> ; # org/jetbrains/kotlin/fir/resolve/calls/tower/TowerGroup$$Lambda+0x00000001005431f8
instanceKlass org/jetbrains/kotlin/fir/resolve/calls/tower/TowerGroupKind
instanceKlass org/jetbrains/kotlin/fir/resolve/calls/tower/TowerGroup$Companion
instanceKlass org/jetbrains/kotlin/fir/resolve/calls/tower/TowerGroup
instanceKlass org/jetbrains/kotlin/fir/resolve/calls/candidate/CandidateCollector
instanceKlass org/jetbrains/kotlin/fir/resolve/calls/tower/FirTowerResolver
instanceKlass org/jetbrains/kotlin/fir/resolve/calls/FirCallResolver
instanceKlass org/jetbrains/kotlin/fir/resolve/calls/stages/ResolutionStageRunner
instanceKlass org/jetbrains/kotlin/fir/resolve/BodyResolveComponents
instanceKlass org/jetbrains/kotlin/fir/resolve/SessionHolder
instanceKlass org/jetbrains/kotlin/fir/resolve/inference/FirInferenceSession$Companion
instanceKlass org/jetbrains/kotlin/fir/resolve/inference/FirInferenceSession
instanceKlass org/jetbrains/kotlin/fir/resolve/FirSpecialTowerDataContexts
instanceKlass org/jetbrains/kotlin/kotlinx/collections/immutable/internal/EndOfChain
instanceKlass org/jetbrains/kotlin/kotlinx/collections/immutable/implementations/persistentOrderedMap/PersistentOrderedMap$Companion
instanceKlass org/jetbrains/kotlin/fir/util/PersistentSetMultimap
instanceKlass org/jetbrains/kotlin/fir/resolve/ImplicitReceiverStack
instanceKlass org/jetbrains/kotlin/fir/declarations/FirTowerDataContext
instanceKlass org/jetbrains/kotlin/fir/resolve/FirRegularTowerDataContexts$Companion
instanceKlass org/jetbrains/kotlin/fir/resolve/FirRegularTowerDataContexts
instanceKlass org/jetbrains/kotlin/fir/resolve/dfa/VariableStorage
instanceKlass org/jetbrains/kotlin/fir/resolve/dfa/FirLocalVariableAssignmentAnalyzer$Companion
instanceKlass org/jetbrains/kotlin/fir/resolve/dfa/FirLocalVariableAssignmentAnalyzer
instanceKlass org/jetbrains/kotlin/fir/resolve/dfa/cfg/ControlFlowGraphBuilder$PostponedLambdas
instanceKlass org/jetbrains/kotlin/fir/util/BaseMultimap
instanceKlass org/jetbrains/kotlin/fir/util/MutableMultimap
instanceKlass org/jetbrains/kotlin/fir/util/Multimap
instanceKlass org/jetbrains/kotlin/fir/util/MultimapKt
instanceKlass org/jetbrains/kotlin/fir/resolve/dfa/Stack
instanceKlass org/jetbrains/kotlin/fir/resolve/dfa/StackKt
instanceKlass org/jetbrains/kotlin/fir/resolve/dfa/cfg/ControlFlowGraph
instanceKlass org/jetbrains/kotlin/fir/resolve/dfa/cfg/GraphEnterNodeMarker
instanceKlass org/jetbrains/kotlin/fir/resolve/dfa/cfg/ExitNodeMarker
instanceKlass org/jetbrains/kotlin/fir/resolve/dfa/cfg/EnterNodeMarker
instanceKlass org/jetbrains/kotlin/fir/resolve/dfa/cfg/CFGNode
instanceKlass org/jetbrains/kotlin/fir/resolve/dfa/cfg/ControlFlowGraphBuilder
instanceKlass org/jetbrains/kotlin/fir/resolve/dfa/DataFlowAnalyzerContext
instanceKlass org/jetbrains/kotlin/fir/resolve/transformers/body/resolve/BodyResolveContext
instanceKlass org/jetbrains/kotlin/fir/resolve/transformers/ReturnTypeCalculatorForFullBodyResolve$Companion
instanceKlass org/jetbrains/kotlin/fir/resolve/transformers/ReturnTypeCalculator
instanceKlass org/jetbrains/kotlin/resolve/calls/mpp/ExpectActualMatchingContext$Companion
instanceKlass org/jetbrains/kotlin/fir/resolve/transformers/mpp/FirExpectActualMatchingContextImpl
instanceKlass org/jetbrains/kotlin/fir/FirExpectActualMatchingContext
instanceKlass org/jetbrains/kotlin/resolve/calls/mpp/ExpectActualMatchingContext
instanceKlass org/jetbrains/kotlin/fir/FirExpectActualMatchingContextKt
instanceKlass org/jetbrains/kotlin/fir/resolve/transformers/FirStatusResolver$Companion
instanceKlass org/jetbrains/kotlin/fir/resolve/transformers/FirStatusResolver
instanceKlass kotlin/collections/MutableMapWithDefaultImpl
instanceKlass kotlin/collections/MutableMapWithDefault
instanceKlass  @bci org/jetbrains/kotlin/fir/resolve/transformers/StatusComputationSession <init> ()V 15 <appendix> argL0 ; # org/jetbrains/kotlin/fir/resolve/transformers/StatusComputationSession$$Lambda+0x000000010052d1d0
instanceKlass org/jetbrains/kotlin/fir/resolve/transformers/StatusComputationSession
instanceKlass org/jetbrains/kotlin/fir/resolve/FirTypeResolverKt
instanceKlass org/jetbrains/kotlin/kotlinx/collections/immutable/PersistentList$Builder
instanceKlass org/jetbrains/kotlin/kotlinx/collections/immutable/PersistentCollection$Builder
instanceKlass kotlin/collections/ArrayDeque$Companion
instanceKlass org/jetbrains/kotlin/fir/extensions/FirSupertypeGenerationExtensionKt
instanceKlass org/jetbrains/kotlin/fir/resolve/SupertypeSupplier
instanceKlass org/jetbrains/kotlin/fir/resolve/transformers/SupertypeComputationSession
instanceKlass org/jetbrains/kotlin/fir/extensions/FirSwitchableExtensionDeclarationsSymbolProviderKt
instanceKlass org/jetbrains/kotlin/fir/resolve/transformers/FirResolveProcessor
instanceKlass org/jetbrains/kotlin/fir/resolve/transformers/FirTotalResolveProcessorKt$WhenMappings
instanceKlass org/jetbrains/kotlin/fir/resolve/transformers/FirTotalResolveProcessorKt
instanceKlass org/jetbrains/kotlin/fir/resolve/ScopeSession
instanceKlass org/jetbrains/kotlin/fir/resolve/transformers/FirTotalResolveProcessor
instanceKlass org/jetbrains/kotlin/fir/pipeline/AnalyseKt
instanceKlass org/jetbrains/kotlin/fir/references/builder/FirImplicitThisReferenceBuilder
instanceKlass  @bci org/jetbrains/kotlin/fir/builder/AbstractRawFirBuilder$DataClassMembersGenerator generateCopyFunction ()V 65 <appendix> member <vmtarget> ; # org/jetbrains/kotlin/fir/builder/AbstractRawFirBuilder$DataClassMembersGenerator$$Lambda+0x0000000100521018
instanceKlass  @bci org/jetbrains/kotlin/fir/builder/AbstractRawFirBuilder$DataClassMembersGenerator generateCopyFunction ()V 52 <appendix> member <vmtarget> ; # org/jetbrains/kotlin/fir/builder/AbstractRawFirBuilder$DataClassMembersGenerator$$Lambda+0x0000000100520dc0
instanceKlass  @bci org/jetbrains/kotlin/fir/lightTree/converter/LightTreeRawFirDeclarationBuilder convertClass (Lorg/jetbrains/kotlin/com/intellij/lang/LighterASTNode;)Lorg/jetbrains/kotlin/fir/declarations/FirDeclaration; 6221 <appendix> member <vmtarget> ; # org/jetbrains/kotlin/fir/lightTree/converter/LightTreeRawFirDeclarationBuilder$$Lambda+0x00000001005206e8
instanceKlass  @bci org/jetbrains/kotlin/fir/lightTree/converter/LightTreeRawFirDeclarationBuilder convertClass (Lorg/jetbrains/kotlin/com/intellij/lang/LighterASTNode;)Lorg/jetbrains/kotlin/fir/declarations/FirDeclaration; 6215 <appendix> argL0 ; # org/jetbrains/kotlin/fir/lightTree/converter/LightTreeRawFirDeclarationBuilder$$Lambda+0x0000000100520498
instanceKlass  @bci org/jetbrains/kotlin/fir/lightTree/converter/LightTreeRawFirDeclarationBuilder convertClass (Lorg/jetbrains/kotlin/com/intellij/lang/LighterASTNode;)Lorg/jetbrains/kotlin/fir/declarations/FirDeclaration; 6210 <appendix> member <vmtarget> ; # org/jetbrains/kotlin/fir/lightTree/converter/LightTreeRawFirDeclarationBuilder$$Lambda+0x0000000100520240
instanceKlass org/jetbrains/kotlin/fir/builder/AbstractRawFirBuilder$DataClassMembersGenerator
instanceKlass org/jetbrains/kotlin/fir/declarations/utils/DeclarationAttributesKt
instanceKlass org/jetbrains/kotlin/fir/references/builder/FirPropertyFromParameterResolvedNamedReferenceBuilder
instanceKlass org/jetbrains/kotlin/fir/expressions/builder/FirAnonymousObjectExpressionBuilder
instanceKlass  @bci org/jetbrains/kotlin/fir/lightTree/converter/LightTreeRawFirExpressionBuilder convertFor (Lorg/jetbrains/kotlin/com/intellij/lang/LighterASTNode;)Lorg/jetbrains/kotlin/fir/FirElement; 914 <appendix> member <vmtarget> ; # org/jetbrains/kotlin/fir/lightTree/converter/LightTreeRawFirExpressionBuilder$$Lambda+0x000000010051bba0
instanceKlass org/jetbrains/kotlin/fir/expressions/builder/FirWhileLoopBuilder
instanceKlass org/jetbrains/kotlin/fir/expressions/builder/FirLoopBuilder
instanceKlass org/jetbrains/kotlin/fir/expressions/builder/FirComponentCallBuilder
instanceKlass  @bci org/jetbrains/kotlin/fir/builder/DestructuringKt addDestructuringVariables$default (Lorg/jetbrains/kotlin/fir/builder/AbstractRawFirBuilder;Ljava/util/List;Lorg/jetbrains/kotlin/fir/builder/DestructuringContext;Lorg/jetbrains/kotlin/fir/FirModuleData;Lorg/jetbrains/kotlin/fir/declarations/FirVariable;Ljava/util/List;ZZZLkotlin/jvm/functions/Function1;ILjava/lang/Object;)V 9 <appendix> argL0 ; # org/jetbrains/kotlin/fir/builder/DestructuringKt$$Lambda+0x0000000100519ee0
instanceKlass org/jetbrains/kotlin/fir/builder/DestructuringKt
instanceKlass org/jetbrains/kotlin/fir/lightTree/fir/DestructuringDeclarationKt
instanceKlass org/jetbrains/kotlin/fir/FirGenerationKt
instanceKlass org/jetbrains/kotlin/fir/lightTree/fir/DestructuringDeclaration
instanceKlass org/jetbrains/kotlin/fir/lightTree/fir/DestructuringEntry$Companion
instanceKlass org/jetbrains/kotlin/fir/builder/DestructuringContext
instanceKlass org/jetbrains/kotlin/fir/lightTree/fir/DestructuringEntry
instanceKlass kotlin/collections/ReversedList$listIterator$1
instanceKlass org/jetbrains/kotlin/fir/expressions/builder/FirCatchBuilder
instanceKlass org/jetbrains/kotlin/fir/expressions/builder/FirTryExpressionBuilder
instanceKlass org/jetbrains/kotlin/fir/expressions/builder/FirUnitExpressionBuilder
instanceKlass org/jetbrains/kotlin/fir/expressions/builder/FirBinaryLogicExpressionBuilder
instanceKlass org/jetbrains/kotlin/fir/declarations/builder/FirDefaultSetterValueParameterBuilder
instanceKlass org/jetbrains/kotlin/fir/builder/AbstractRawFirBuilderKt
instanceKlass org/jetbrains/kotlin/fir/declarations/builder/FirAnonymousObjectBuilder
instanceKlass org/jetbrains/kotlin/fir/declarations/impl/FirDefaultPropertyAccessor$Companion
instanceKlass org/jetbrains/kotlin/parsing/KotlinParsing$PropertyComponentKind$Collector
instanceKlass org/jetbrains/kotlin/parsing/DoNotBindAnything
instanceKlass org/jetbrains/kotlin/fir/expressions/builder/FirComparisonExpressionBuilder
instanceKlass kotlin/text/MatchNamedGroupCollection
instanceKlass kotlin/text/MatchGroupCollection
instanceKlass kotlin/text/MatcherMatchResult
instanceKlass kotlin/text/RegexKt
instanceKlass  @bci org/jetbrains/kotlin/parsing/ParseUtilsKt hasIllegalUnderscore (Ljava/lang/String;Lorg/jetbrains/kotlin/com/intellij/psi/tree/IElementType;)Z 98 <appendix> argL0 ; # org/jetbrains/kotlin/parsing/ParseUtilsKt$$Lambda+0x000000010050da70
instanceKlass kotlin/text/MatchResult
instanceKlass org/jetbrains/kotlin/fir/expressions/builder/FirElvisExpressionBuilder
instanceKlass org/jetbrains/kotlin/fir/expressions/builder/FirSafeCallExpressionBuilder
instanceKlass org/jetbrains/kotlin/fir/expressions/builder/FirCheckedSafeCallSubjectBuilder
instanceKlass org/jetbrains/kotlin/fir/types/builder/FirFunctionTypeRefBuilder
instanceKlass org/jetbrains/kotlin/fir/expressions/FirExpressionUtilKt
instanceKlass org/jetbrains/kotlin/fir/diagnostics/ConeSimpleDiagnostic
instanceKlass org/jetbrains/kotlin/utils/NumberWithRadix
instanceKlass org/jetbrains/kotlin/utils/NumbersKt
instanceKlass  @bci org/jetbrains/kotlin/com/intellij/util/text/LiteralFormatUtil <clinit> ()V 0 <appendix> argL0 ; # org/jetbrains/kotlin/com/intellij/util/text/LiteralFormatUtil$$Lambda+0x0000000100509268
instanceKlass org/jetbrains/kotlin/com/intellij/openapi/util/text/CharFilter
instanceKlass org/jetbrains/kotlin/com/intellij/util/text/LiteralFormatUtil
instanceKlass org/jetbrains/kotlin/fir/expressions/builder/FirNamedArgumentExpressionBuilder
instanceKlass org/jetbrains/kotlin/fir/expressions/builder/FirVariableAssignmentBuilder
instanceKlass  @bci org/jetbrains/kotlin/fir/lightTree/converter/LightTreeRawFirExpressionBuilder convertBinaryExpression (Lorg/jetbrains/kotlin/com/intellij/lang/LighterASTNode;)Lorg/jetbrains/kotlin/fir/expressions/FirStatement; 1243 <appendix> member <vmtarget> ; # org/jetbrains/kotlin/fir/lightTree/converter/LightTreeRawFirExpressionBuilder$$Lambda+0x0000000100506fa8
instanceKlass org/jetbrains/kotlin/com/google/common/math/IntMath$1
instanceKlass org/jetbrains/kotlin/com/google/common/math/MathPreconditions
instanceKlass org/jetbrains/kotlin/com/google/common/math/IntMath
instanceKlass org/jetbrains/kotlin/com/google/common/collect/ImmutableSet$SetBuilderImpl
instanceKlass org/jetbrains/kotlin/types/expressions/OperatorConventions
instanceKlass org/jetbrains/kotlin/fir/lightTree/converter/LightTreeRawFirExpressionBuilder$IfNodeComponents
instanceKlass org/jetbrains/kotlin/fir/references/builder/FirDelegateFieldReferenceBuilder
instanceKlass org/jetbrains/kotlin/fir/declarations/builder/FirPropertyAccessorBuilder
instanceKlass org/jetbrains/kotlin/fir/references/builder/FirResolvedNamedReferenceBuilder
instanceKlass org/jetbrains/kotlin/fir/expressions/builder/FirCallableReferenceAccessBuilder
instanceKlass org/jetbrains/kotlin/fir/expressions/builder/FirWrappedDelegateExpressionBuilder
instanceKlass org/jetbrains/kotlin/fir/expressions/builder/FirAnnotationCallBuilder
instanceKlass org/jetbrains/kotlin/fir/resolve/providers/impl/FirProviderImplKt$sam$java_util_function_BiFunction$0
instanceKlass org/jetbrains/kotlin/fir/resolve/providers/impl/FirProviderImpl$FirRecorder$registerCallable$1
instanceKlass org/jetbrains/kotlin/fir/FirNameConflictsTrackerComponentKt
instanceKlass org/jetbrains/kotlin/fir/resolve/providers/impl/FirProviderImpl$FirRecorderData
instanceKlass  @bci org/jetbrains/kotlin/fir/resolve/providers/impl/FirProviderImpl recordFile (Lorg/jetbrains/kotlin/fir/declarations/FirFile;Lorg/jetbrains/kotlin/fir/resolve/providers/impl/FirProviderImpl$State;)V 31 <appendix> argL0 ; # org/jetbrains/kotlin/fir/resolve/providers/impl/FirProviderImpl$$Lambda+0x00000001004f8268
instanceKlass  @bci org/jetbrains/kotlin/fir/resolve/providers/impl/FirProviderImpl recordFile (Lorg/jetbrains/kotlin/fir/declarations/FirFile;Lorg/jetbrains/kotlin/fir/resolve/providers/impl/FirProviderImpl$State;)V 19 <appendix> member <vmtarget> ; # org/jetbrains/kotlin/fir/resolve/providers/impl/FirProviderImpl$$Lambda+0x00000001004f8000
instanceKlass  @bci org/jetbrains/kotlin/fir/resolve/providers/impl/FirProviderImpl recordFile (Lorg/jetbrains/kotlin/fir/declarations/FirFile;Lorg/jetbrains/kotlin/fir/resolve/providers/impl/FirProviderImpl$State;)V 14 <appendix> argL0 ; # org/jetbrains/kotlin/fir/resolve/providers/impl/FirProviderImpl$$Lambda+0x00000001004f7bd8
instanceKlass org/jetbrains/kotlin/fir/declarations/builder/FirFileBuilder
instanceKlass org/jetbrains/kotlin/fir/declarations/DelegateFieldsMapKt
instanceKlass org/jetbrains/kotlin/fir/declarations/utils/FirDeclarationBuildingUtilsKt
instanceKlass org/jetbrains/kotlin/fir/expressions/builder/FirElseIfTrueConditionBuilder
instanceKlass org/jetbrains/kotlin/fir/expressions/builder/FirRegularWhenBranchBuilder
instanceKlass org/jetbrains/kotlin/fir/expressions/builder/FirAbstractWhenBranchBuilder
instanceKlass org/jetbrains/kotlin/fir/expressions/builder/FirWhenExpressionBuilder
instanceKlass org/jetbrains/kotlin/fir/lightTree/fir/WhenEntry
instanceKlass org/jetbrains/kotlin/fir/expressions/builder/FirWhenSubjectExpressionBuilder
instanceKlass org/jetbrains/kotlin/fir/expressions/FirOperation$Companion
instanceKlass org/jetbrains/kotlin/fir/expressions/builder/FirEqualityOperatorCallBuilder
instanceKlass org/jetbrains/kotlin/fir/expressions/builder/FirEmptyExpressionBlockBuilderKt
instanceKlass org/jetbrains/kotlin/fir/FirExpressionRef
instanceKlass org/jetbrains/kotlin/fir/expressions/builder/FirReturnExpressionBuilder
instanceKlass org/jetbrains/kotlin/parsing/ParseUtilsKt
instanceKlass org/jetbrains/kotlin/fir/diagnostics/ConeContractShouldBeFirstStatement
instanceKlass org/jetbrains/kotlin/fir/diagnostics/ConeDiagnostic
instanceKlass org/jetbrains/kotlin/utils/addToStdlib/AddToStdlibKt
instanceKlass kotlin/collections/ReversedListReadOnly$listIterator$1
instanceKlass org/jetbrains/kotlin/util/LightTreeUtilsKt
instanceKlass org/jetbrains/kotlin/fir/expressions/FirArgumentUtilKt
instanceKlass org/jetbrains/kotlin/fir/expressions/builder/FirGetClassCallBuilder
instanceKlass org/jetbrains/kotlin/fir/types/builder/FirTypeProjectionWithVarianceBuilder
instanceKlass org/jetbrains/kotlin/fir/expressions/builder/FirAnonymousFunctionExpressionBuilder
instanceKlass org/jetbrains/kotlin/fir/expressions/builder/FirBlockBuilder
instanceKlass org/jetbrains/kotlin/fir/expressions/builder/FirConstExpressionBuilderKt
instanceKlass org/jetbrains/kotlin/types/ConstantValueKind
instanceKlass org/jetbrains/kotlin/fir/expressions/builder/FirStringConcatenationCallBuilder
instanceKlass  @bci org/jetbrains/kotlin/fir/builder/AbstractRawFirBuilder toInterpolatingCall$default (Lorg/jetbrains/kotlin/fir/builder/AbstractRawFirBuilder;[Ljava/lang/Object;Ljava/lang/Object;Lkotlin/jvm/functions/Function1;Lkotlin/jvm/functions/Function2;Lkotlin/jvm/functions/Function0;ILjava/lang/Object;)Lorg/jetbrains/kotlin/fir/expressions/FirExpression; 24 <appendix> member <vmtarget> ; # org/jetbrains/kotlin/fir/builder/AbstractRawFirBuilder$$Lambda+0x00000001004eb498
instanceKlass  @bci org/jetbrains/kotlin/fir/lightTree/converter/LightTreeRawFirExpressionBuilder convertStringTemplate (Lorg/jetbrains/kotlin/com/intellij/lang/LighterASTNode;)Lorg/jetbrains/kotlin/fir/expressions/FirExpression; 21 <appendix> member <vmtarget> ; # org/jetbrains/kotlin/fir/lightTree/converter/LightTreeRawFirExpressionBuilder$$Lambda+0x00000001004eb240
instanceKlass  @bci org/jetbrains/kotlin/fir/lightTree/converter/LightTreeRawFirExpressionBuilder convertStringTemplate (Lorg/jetbrains/kotlin/com/intellij/lang/LighterASTNode;)Lorg/jetbrains/kotlin/fir/expressions/FirExpression; 14 <appendix> member <vmtarget> ; # org/jetbrains/kotlin/fir/lightTree/converter/LightTreeRawFirExpressionBuilder$$Lambda+0x00000001004eafe8
instanceKlass org/jetbrains/kotlin/fir/references/builder/FirExplicitThisReferenceBuilder
instanceKlass org/jetbrains/kotlin/fir/expressions/builder/FirThisReceiverExpressionBuilder
instanceKlass org/jetbrains/kotlin/fir/builder/FirLabelBuilder
instanceKlass org/jetbrains/kotlin/fir/declarations/builder/FirReceiverParameterBuilder
instanceKlass org/jetbrains/kotlin/fir/declarations/builder/FirAnonymousFunctionBuilder
instanceKlass org/jetbrains/kotlin/fir/declarations/builder/FirPropertyBuilder
instanceKlass org/jetbrains/kotlin/fir/declarations/builder/FirVariableBuilder
instanceKlass org/jetbrains/kotlin/fir/expressions/builder/FirFunctionCallBuilder
instanceKlass org/jetbrains/kotlin/fir/builder/CalleeAndReceiver
instanceKlass org/jetbrains/kotlin/fir/references/builder/FirSimpleNamedReferenceBuilder
instanceKlass org/jetbrains/kotlin/fir/expressions/builder/FirPropertyAccessExpressionBuilder
instanceKlass org/jetbrains/kotlin/fir/expressions/builder/FirExpressionBuilder
instanceKlass org/jetbrains/kotlin/fir/declarations/builder/FirValueParameterBuilder
instanceKlass  @bci org/jetbrains/kotlin/fir/lightTree/fir/ValueParameter <init> (Lorg/jetbrains/kotlin/fir/symbols/impl/FirValueParameterSymbol;ZZLorg/jetbrains/kotlin/fir/lightTree/fir/modifier/Modifier;Ljava/util/List;Lorg/jetbrains/kotlin/fir/types/FirTypeRef;Lorg/jetbrains/kotlin/KtSourceElement;Lorg/jetbrains/kotlin/fir/FirModuleData;ZLjava/util/List;Lorg/jetbrains/kotlin/name/Name;Lorg/jetbrains/kotlin/fir/expressions/FirExpression;Lorg/jetbrains/kotlin/fir/symbols/impl/FirFunctionSymbol;Lorg/jetbrains/kotlin/fir/lightTree/fir/DestructuringDeclaration;)V 161 <appendix> member <vmtarget> ; # org/jetbrains/kotlin/fir/lightTree/fir/ValueParameter$$Lambda+0x00000001004e1408
instanceKlass  @bci org/jetbrains/kotlin/fir/lightTree/fir/ValueParameter <init> (Lorg/jetbrains/kotlin/fir/symbols/impl/FirValueParameterSymbol;ZZLorg/jetbrains/kotlin/fir/lightTree/fir/modifier/Modifier;Ljava/util/List;Lorg/jetbrains/kotlin/fir/types/FirTypeRef;Lorg/jetbrains/kotlin/KtSourceElement;Lorg/jetbrains/kotlin/fir/FirModuleData;ZLjava/util/List;Lorg/jetbrains/kotlin/name/Name;Lorg/jetbrains/kotlin/fir/expressions/FirExpression;Lorg/jetbrains/kotlin/fir/symbols/impl/FirFunctionSymbol;Lorg/jetbrains/kotlin/fir/lightTree/fir/DestructuringDeclaration;)V 145 <appendix> member <vmtarget> ; # org/jetbrains/kotlin/fir/lightTree/fir/ValueParameter$$Lambda+0x00000001004e0b58
instanceKlass org/jetbrains/kotlin/fir/lightTree/fir/ValueParameter
instanceKlass org/jetbrains/kotlin/mpp/ValueParameterSymbolMarker
instanceKlass  @bci org/jetbrains/kotlin/fir/lightTree/converter/LightTreeRawFirDeclarationBuilder convertValueParameter (Lorg/jetbrains/kotlin/com/intellij/lang/LighterASTNode;Lorg/jetbrains/kotlin/fir/symbols/impl/FirFunctionSymbol;Lorg/jetbrains/kotlin/fir/builder/AbstractRawFirBuilder$ValueParameterDeclaration;Ljava/util/List;)Lorg/jetbrains/kotlin/fir/lightTree/fir/ValueParameter; 589 <appendix> member <vmtarget> ; # org/jetbrains/kotlin/fir/lightTree/converter/LightTreeRawFirDeclarationBuilder$$Lambda+0x00000001004e0228
instanceKlass org/jetbrains/kotlin/fir/FirAbstractTarget
instanceKlass org/jetbrains/kotlin/fir/FirTarget
instanceKlass org/jetbrains/kotlin/ElementTypeUtils
instanceKlass org/jetbrains/kotlin/fir/lightTree/fir/PrimaryConstructor
instanceKlass org/jetbrains/kotlin/fir/declarations/FirDeclarationDataRegistry$DeclarationDataAccessor
instanceKlass org/jetbrains/kotlin/fir/declarations/FirDeclarationDataKey
instanceKlass org/jetbrains/kotlin/fir/ClassMembersKt
instanceKlass org/jetbrains/kotlin/fir/declarations/builder/FirPrimaryConstructorBuilder
instanceKlass org/jetbrains/kotlin/fir/declarations/builder/FirAbstractConstructorBuilder
instanceKlass org/jetbrains/kotlin/fir/expressions/builder/FirArgumentListBuilder
instanceKlass org/jetbrains/kotlin/fir/references/builder/FirExplicitSuperReferenceBuilder
instanceKlass org/jetbrains/kotlin/KtSourceElementKt
instanceKlass org/jetbrains/kotlin/fir/UtilsKt
instanceKlass org/jetbrains/kotlin/fir/expressions/builder/FirDelegatedConstructorCallBuilder
instanceKlass org/jetbrains/kotlin/fir/builder/ConversionUtilsKt
instanceKlass org/jetbrains/kotlin/fir/lightTree/fir/ClassWrapper
instanceKlass org/jetbrains/kotlin/fir/lightTree/converter/LightTreeRawFirDeclarationBuilder$DelegationSpecifiers
instanceKlass org/jetbrains/kotlin/fir/lightTree/fir/DelegatedConstructorWrapper
instanceKlass org/jetbrains/kotlin/fir/types/builder/FirUserTypeRefBuilder
instanceKlass org/jetbrains/kotlin/fir/types/impl/FirQualifierPartImpl
instanceKlass org/jetbrains/kotlin/fir/types/FirQualifierPart
instanceKlass org/jetbrains/kotlin/fir/types/impl/FirTypeArgumentListImpl
instanceKlass org/jetbrains/kotlin/fir/types/FirTypeArgumentList
instanceKlass org/jetbrains/kotlin/fir/builder/Context$StatusFirTypeParameterSymbolList
instanceKlass org/jetbrains/kotlin/psi/KtPsiUtil
instanceKlass org/jetbrains/kotlin/fir/lightTree/fir/modifier/ModifierFlag$Companion
instanceKlass org/jetbrains/kotlin/fir/lightTree/fir/modifier/Modifier
instanceKlass kotlin/properties/NotNullVar
instanceKlass kotlin/properties/ReadWriteProperty
instanceKlass kotlin/properties/Delegates
instanceKlass kotlin/reflect/KMutableProperty$Setter
instanceKlass org/jetbrains/kotlin/fir/declarations/builder/FirImportBuilder
instanceKlass org/jetbrains/kotlin/fir/builder/FirPackageDirectiveBuilder
instanceKlass org/jetbrains/kotlin/fir/lightTree/converter/ConverterUtilKt
instanceKlass org/jetbrains/kotlin/fir/expressions/builder/FirAbstractFunctionCallBuilder
instanceKlass org/jetbrains/kotlin/fir/expressions/builder/FirQualifiedAccessExpressionBuilder
instanceKlass org/jetbrains/kotlin/fir/expressions/builder/FirCallBuilder
instanceKlass org/jetbrains/kotlin/fir/builder/Context
instanceKlass org/jetbrains/kotlin/fir/builder/AbstractRawFirBuilder
instanceKlass org/jetbrains/kotlin/com/intellij/psi/tree/ILightLazyParseableElementType
instanceKlass org/jetbrains/kotlin/com/intellij/openapi/util/Ref
instanceKlass org/jetbrains/kotlin/com/intellij/lang/impl/PsiBuilderImpl$MyTreeStructure$2
instanceKlass org/jetbrains/kotlin/com/intellij/lang/impl/PsiBuilderImpl$MyTreeStructure$1
instanceKlass org/jetbrains/kotlin/com/intellij/util/containers/LimitedPool
instanceKlass org/jetbrains/kotlin/com/intellij/lang/LighterASTTokenNode
instanceKlass org/jetbrains/kotlin/com/intellij/lang/LighterLazyParseableNode
instanceKlass org/jetbrains/kotlin/com/intellij/lang/impl/PsiBuilderImpl$Token
instanceKlass org/jetbrains/kotlin/com/intellij/util/containers/LimitedPool$ObjectFactory
instanceKlass org/jetbrains/kotlin/com/intellij/lang/impl/PsiBuilderImpl$MyTreeStructure
instanceKlass org/jetbrains/kotlin/com/intellij/util/text/CharSequenceSubSequence
instanceKlass org/jetbrains/kotlin/com/intellij/lang/WhitespacesAndCommentsBinder$RecursiveBinder
instanceKlass org/jetbrains/kotlin/com/intellij/lang/impl/PsiBuilderImpl$RelativeTokenTextView
instanceKlass org/jetbrains/kotlin/parsing/PrecedingCommentsBinder
instanceKlass org/jetbrains/kotlin/parsing/BindAll
instanceKlass org/jetbrains/kotlin/parsing/AllCommentsBinder
instanceKlass org/jetbrains/kotlin/parsing/KotlinWhitespaceAndCommentsBindersKt
instanceKlass org/jetbrains/kotlin/parsing/PrecedingDocCommentsBinder
instanceKlass org/jetbrains/kotlin/parsing/AbstractKotlinParsing$OptionalMarker
instanceKlass org/jetbrains/kotlin/parsing/KotlinParsing$ModifierDetector
instanceKlass  @bci org/jetbrains/kotlin/com/intellij/psi/impl/file/PsiPackageImpl createCachedDirectories (Z)Lorg/jetbrains/kotlin/com/intellij/psi/util/CachedValue; 9 <appendix> form vmentry <vmtarget> ; # java/lang/invoke/LambdaForm$DMH+0x00000001004cc000
instanceKlass  @bci org/jetbrains/kotlin/com/intellij/lang/impl/MarkerProduction findMarkerAtLexeme (I)I 10 <appendix> member <vmtarget> ; # org/jetbrains/kotlin/com/intellij/lang/impl/MarkerProduction$$Lambda+0x00000001004c8ba0
instanceKlass java/util/function/IntUnaryOperator
instanceKlass org/jetbrains/kotlin/com/intellij/lang/WhitespacesBinders$2
instanceKlass org/jetbrains/kotlin/com/intellij/lang/WhitespacesBinders$1
instanceKlass org/jetbrains/kotlin/com/intellij/lang/WhitespacesBinders
instanceKlass org/jetbrains/kotlin/parsing/TrailingCommentsBinder
instanceKlass org/jetbrains/kotlin/it/unimi/dsi/fastutil/Arrays
instanceKlass org/jetbrains/kotlin/com/google/common/collect/Hashing
instanceKlass org/jetbrains/kotlin/com/google/common/collect/ImmutableCollection$Builder
instanceKlass org/jetbrains/kotlin/com/google/common/collect/ImmutableMap$Builder
instanceKlass org/jetbrains/kotlin/parsing/AbstractTokenStreamPredicate
instanceKlass org/jetbrains/kotlin/parsing/AbstractTokenStreamPattern
instanceKlass org/jetbrains/kotlin/parsing/TokenStreamPattern
instanceKlass org/jetbrains/kotlin/parsing/Consumer
instanceKlass org/jetbrains/kotlin/parsing/TokenStreamPredicate
instanceKlass org/jetbrains/kotlin/com/intellij/lang/WhitespacesAndCommentsBinder
instanceKlass org/jetbrains/kotlin/parsing/AbstractKotlinParsing
instanceKlass org/jetbrains/kotlin/com/intellij/lang/impl/PsiBuilderAdapter
instanceKlass org/jetbrains/kotlin/parsing/SemanticWhitespaceAwarePsiBuilder
instanceKlass org/jetbrains/kotlin/parsing/KotlinLightParser
instanceKlass org/jetbrains/kotlin/lexer/_JetLexer$State
instanceKlass org/jetbrains/kotlin/com/intellij/lang/impl/TokenSequence$Builder
instanceKlass org/jetbrains/kotlin/com/intellij/lang/impl/TokenSequence
instanceKlass org/jetbrains/kotlin/com/intellij/lexer/TokenList
instanceKlass java/util/BitSet
instanceKlass org/jetbrains/kotlin/it/unimi/dsi/fastutil/ints/IntArrays$ArrayHashStrategy
instanceKlass org/jetbrains/kotlin/it/unimi/dsi/fastutil/ints/IntArrays$Segment
instanceKlass org/jetbrains/kotlin/it/unimi/dsi/fastutil/ints/IntArrays
instanceKlass org/jetbrains/kotlin/it/unimi/dsi/fastutil/ints/IntListIterator
instanceKlass org/jetbrains/kotlin/it/unimi/dsi/fastutil/ints/IntBidirectionalIterator
instanceKlass org/jetbrains/kotlin/it/unimi/dsi/fastutil/ints/IntSpliterator
instanceKlass org/jetbrains/kotlin/it/unimi/dsi/fastutil/ints/IntIterator
instanceKlass java/util/PrimitiveIterator$OfInt
instanceKlass java/util/PrimitiveIterator
instanceKlass java/util/function/IntConsumer
instanceKlass org/jetbrains/kotlin/it/unimi/dsi/fastutil/ints/IntStack
instanceKlass org/jetbrains/kotlin/it/unimi/dsi/fastutil/objects/ObjectArrays$ArrayHashStrategy
instanceKlass org/jetbrains/kotlin/it/unimi/dsi/fastutil/objects/ObjectArrays
instanceKlass  @bci org/jetbrains/kotlin/it/unimi/dsi/fastutil/objects/ObjectArrayList <clinit> ()V 26 <appendix> argL0 ; # org/jetbrains/kotlin/it/unimi/dsi/fastutil/objects/ObjectArrayList$$Lambda+0x00000001004b16e0
instanceKlass  @cpi org/jetbrains/kotlin/it/unimi/dsi/fastutil/objects/ObjectArrayList 455 form vmentry <vmtarget> ; # java/lang/invoke/LambdaForm$DMH+0x00000001004b0400
instanceKlass  @bci org/jetbrains/kotlin/it/unimi/dsi/fastutil/objects/ObjectArrayList <clinit> ()V 21 <appendix> argL0 ; # org/jetbrains/kotlin/it/unimi/dsi/fastutil/objects/ObjectArrayList$$Lambda+0x00000001004b1480
instanceKlass  @bci org/jetbrains/kotlin/it/unimi/dsi/fastutil/objects/ObjectArrayList <clinit> ()V 16 <appendix> argL0 ; # org/jetbrains/kotlin/it/unimi/dsi/fastutil/objects/ObjectArrayList$$Lambda+0x00000001004b1230
instanceKlass org/jetbrains/kotlin/it/unimi/dsi/fastutil/objects/ObjectListIterator
instanceKlass org/jetbrains/kotlin/it/unimi/dsi/fastutil/objects/ObjectBidirectionalIterator
instanceKlass org/jetbrains/kotlin/it/unimi/dsi/fastutil/BidirectionalIterator
instanceKlass org/jetbrains/kotlin/it/unimi/dsi/fastutil/objects/ObjectList
instanceKlass org/jetbrains/kotlin/it/unimi/dsi/fastutil/Stack
instanceKlass org/jetbrains/kotlin/com/intellij/lang/WhitespacesAndCommentsBinder$TokenTextGetter
instanceKlass org/jetbrains/kotlin/com/intellij/lang/PsiBuilder$Marker
instanceKlass org/jetbrains/kotlin/com/intellij/lang/SyntaxTreeBuilder$Marker
instanceKlass org/jetbrains/kotlin/com/intellij/lang/impl/PsiBuilderImpl$ProductionMarker
instanceKlass org/jetbrains/kotlin/com/intellij/lang/impl/PsiBuilderImpl$Node
instanceKlass org/jetbrains/kotlin/com/intellij/lang/LighterASTNode
instanceKlass org/jetbrains/kotlin/com/intellij/util/diff/ShallowNodeComparator
instanceKlass org/jetbrains/kotlin/com/intellij/util/diff/DiffTreeChangeBuilder
instanceKlass org/jetbrains/kotlin/com/intellij/openapi/util/UnprotectedUserDataHolder
instanceKlass org/jetbrains/kotlin/lexer/_JetLexer
instanceKlass org/jetbrains/kotlin/com/intellij/lexer/FlexLexer
instanceKlass org/jetbrains/kotlin/com/intellij/lexer/LexerPosition
instanceKlass  @bci org/jetbrains/kotlin/fir/lightTree/LightTreeParsingErrorListenerKt toKotlinParsingErrorListener (Lorg/jetbrains/kotlin/diagnostics/DiagnosticReporter;Lorg/jetbrains/kotlin/KtSourceFile;Lorg/jetbrains/kotlin/config/LanguageVersionSettings;)Lorg/jetbrains/kotlin/fir/lightTree/LightTreeParsingErrorListener; 30 <appendix> member <vmtarget> ; # org/jetbrains/kotlin/fir/lightTree/LightTreeParsingErrorListenerKt$$Lambda+0x00000001004af848
instanceKlass  @cpi org/jetbrains/kotlin/fir/lightTree/LightTreeParsingErrorListenerKt 48 form vmentry <vmtarget> ; # java/lang/invoke/LambdaForm$DMH+0x00000001004b0000
instanceKlass org/jetbrains/kotlin/fir/lightTree/LightTreeParsingErrorListener
instanceKlass org/jetbrains/kotlin/fir/lightTree/LightTreeParsingErrorListenerKt$toKotlinParsingErrorListener$diagnosticContext$1
instanceKlass org/jetbrains/kotlin/diagnostics/DiagnosticContext
instanceKlass org/jetbrains/kotlin/fir/lightTree/LightTreeParsingErrorListenerKt
instanceKlass org/jetbrains/kotlin/KtSourceFileLinesMappingFromLineStartOffsets
instanceKlass org/jetbrains/kotlin/KtSourceFileLinesMapping
instanceKlass org/jetbrains/kotlin/KtSourceFileLinesMappingKt
instanceKlass org/jetbrains/kotlin/com/intellij/openapi/vfs/CharsetToolkit
instanceKlass java/nio/channels/NetworkChannel
instanceKlass sun/nio/ch/SelChImpl
instanceKlass sun/nio/ch/Streams
instanceKlass java/nio/channels/Channels
instanceKlass sun/nio/ch/FileChannelImpl$Closer
instanceKlass org/jetbrains/kotlin/fir/lightTree/LightTree2Fir$Companion
instanceKlass org/jetbrains/kotlin/fir/lightTree/LightTree2Fir
instanceKlass org/jetbrains/kotlin/fir/session/SourcesToPathsMapperKt
instanceKlass org/jetbrains/kotlin/fir/pipeline/FirUtilsKt
instanceKlass org/jetbrains/kotlin/cli/common/SessionWithSources
instanceKlass  @bci org/jetbrains/kotlin/cli/jvm/compiler/VfsBasedProjectEnvironment registerAsJavaElementFinder (Lorg/jetbrains/kotlin/fir/FirSession;)V 299 <appendix> member <vmtarget> ; # org/jetbrains/kotlin/cli/jvm/compiler/VfsBasedProjectEnvironment$$Lambda+0x00000001004ad498
instanceKlass org/jetbrains/kotlin/fir/java/FirJavaElementFinder$fileCache$1
instanceKlass org/jetbrains/kotlin/fir/java/FirJavaElementFinderKt
instanceKlass org/jetbrains/kotlin/fir/resolve/providers/FirProviderKt
instanceKlass  @bci org/jetbrains/kotlin/com/intellij/openapi/extensions/impl/ExtensionPointImpl unregisterExtensions (Ljava/util/function/BiPredicate;Z)Z 32 <appendix> member <vmtarget> ; # org/jetbrains/kotlin/com/intellij/openapi/extensions/impl/ExtensionPointImpl$$Lambda+0x00000001004ac8a8
instanceKlass  @bci org/jetbrains/kotlin/com/intellij/openapi/extensions/impl/ExtensionPointImpl unregisterExtension (Ljava/lang/Class;)V 16 <appendix> member <vmtarget> ; # org/jetbrains/kotlin/com/intellij/openapi/extensions/impl/ExtensionPointImpl$$Lambda+0x00000001004ac620
instanceKlass java/util/function/BiPredicate
instanceKlass org/jetbrains/kotlin/com/intellij/util/containers/ImmutableList$Itr
instanceKlass org/jetbrains/kotlin/com/intellij/openapi/vfs/VirtualFileWithId
instanceKlass org/jetbrains/kotlin/it/unimi/dsi/fastutil/ints/IntList
instanceKlass org/jetbrains/kotlin/com/intellij/openapi/vfs/VirtualFileSetEx
instanceKlass org/jetbrains/kotlin/KtPsiSourceFile
instanceKlass  @bci org/jetbrains/kotlin/fir/java/JavaSymbolProvider <init> (Lorg/jetbrains/kotlin/fir/FirSession;Lorg/jetbrains/kotlin/fir/java/FirJavaFacade;)V 34 <appendix> member <vmtarget> ; # org/jetbrains/kotlin/fir/java/JavaSymbolProvider$$Lambda+0x00000001004aae30
instanceKlass  @bci org/jetbrains/kotlin/fir/java/JavaSymbolProvider <init> (Lorg/jetbrains/kotlin/fir/FirSession;Lorg/jetbrains/kotlin/fir/java/FirJavaFacade;)V 28 <appendix> member <vmtarget> ; # org/jetbrains/kotlin/fir/java/JavaSymbolProvider$$Lambda+0x00000001004aabd8
instanceKlass org/jetbrains/kotlin/fir/java/JavaSymbolProvider$ClassCacheContext
instanceKlass org/jetbrains/kotlin/fir/extensions/FirDeclarationGenerationExtensionKt
instanceKlass org/jetbrains/kotlin/fir/extensions/FirExtensionDeclarationsSymbolProvider$Companion
instanceKlass org/jetbrains/kotlin/fir/extensions/FirSwitchableExtensionDeclarationsSymbolProvider$Companion
instanceKlass kotlin/comparisons/ComparisonsKt__ComparisonsKt
instanceKlass org/jetbrains/kotlin/fir/session/FirAbstractSessionFactory$computeDependencyProviderList$$inlined$sortedBy$1
instanceKlass org/jetbrains/kotlin/fir/resolve/providers/FirSymbolProviderKt
instanceKlass org/jetbrains/kotlin/fir/analysis/extensions/FirAdditionalCheckersExtensionKt
instanceKlass org/jetbrains/kotlin/fir/analysis/extensions/FirAdditionalCheckersExtension$Companion
instanceKlass org/jetbrains/kotlin/fir/analysis/checkers/config/FirLanguageVersionSettingsChecker
instanceKlass org/jetbrains/kotlin/utils/CollectionsKt
instanceKlass org/jetbrains/kotlin/builtins/StandardNames$FqNames
instanceKlass org/jetbrains/kotlin/fir/analysis/checkers/expression/AbstractFirReflectionApiCallChecker$Companion
instanceKlass org/jetbrains/kotlin/load/kotlin/SignatureBuildingComponents
instanceKlass org/jetbrains/kotlin/load/java/SpecialGenericSignatures$Companion$NameAndSignature
instanceKlass org/jetbrains/kotlin/builtins/PrimitiveType$Companion
instanceKlass  @bci org/jetbrains/kotlin/builtins/PrimitiveType <init> (Ljava/lang/String;ILjava/lang/String;)V 73 <appendix> member <vmtarget> ; # org/jetbrains/kotlin/builtins/PrimitiveType$$Lambda+0x000000010049e438
instanceKlass  @bci org/jetbrains/kotlin/builtins/PrimitiveType <init> (Ljava/lang/String;ILjava/lang/String;)V 57 <appendix> member <vmtarget> ; # org/jetbrains/kotlin/builtins/PrimitiveType$$Lambda+0x000000010049e1e0
instanceKlass org/jetbrains/kotlin/load/java/SpecialGenericSignatures$Companion
instanceKlass org/jetbrains/kotlin/load/java/SpecialGenericSignatures
instanceKlass org/jetbrains/kotlin/fir/expressions/FirCall
instanceKlass org/jetbrains/kotlin/fir/analysis/checkers/type/FirTypeChecker
instanceKlass org/jetbrains/kotlin/fir/diagnostics/FirDiagnosticHolder
instanceKlass org/jetbrains/kotlin/KtSourceElementKind
instanceKlass org/jetbrains/kotlin/mpp/PropertySymbolMarker
instanceKlass org/jetbrains/kotlin/fir/analysis/checkers/expression/FirExpressionChecker
instanceKlass org/jetbrains/kotlin/fir/analysis/cfa/AbstractFirPropertyInitializationChecker
instanceKlass org/jetbrains/kotlin/fir/analysis/checkers/cfa/FirControlFlowChecker
instanceKlass org/jetbrains/kotlin/fir/analysis/checkers/expression/FirMissingDependencyClassProxy
instanceKlass org/jetbrains/kotlin/fir/analysis/checkers/declaration/FirValueClassDeclarationChecker$Companion
instanceKlass org/jetbrains/kotlin/fir/expressions/FirResolvable
instanceKlass org/jetbrains/kotlin/fir/expressions/FirContextReceiverArgumentListOwner
instanceKlass org/jetbrains/kotlin/AbstractKtSourceElement
instanceKlass org/jetbrains/kotlin/fir/analysis/checkers/syntax/FirSyntaxChecker
instanceKlass org/jetbrains/kotlin/mpp/ConstructorSymbolMarker
instanceKlass org/jetbrains/kotlin/fir/analysis/checkers/declaration/FirDeclarationChecker
instanceKlass org/jetbrains/kotlin/fir/analysis/CheckersComponentKt
instanceKlass org/jetbrains/kotlin/fir/checkers/CheckersContainersKt
instanceKlass org/jetbrains/kotlin/fir/resolve/providers/impl/FirProviderImpl$State
instanceKlass org/jetbrains/kotlin/fir/java/FirJvmTargetProvider
instanceKlass org/jetbrains/kotlin/fir/resolve/transformers/mpp/FirExpectActualMatchingContextImpl$Factory
instanceKlass org/jetbrains/kotlin/fir/FirExpectActualMatchingContextFactory
instanceKlass org/jetbrains/kotlin/fir/session/SourcesToPathsMapper
instanceKlass org/jetbrains/kotlin/fir/FirModuleDataKt
instanceKlass org/jetbrains/kotlin/fir/FirModuleVisibilityChecker
instanceKlass org/jetbrains/kotlin/fir/FirNameConflictsTrackerComponent
instanceKlass org/jetbrains/kotlin/fir/analysis/checkers/LanguageVersionSettingsCheckers$Companion
instanceKlass org/jetbrains/kotlin/fir/analysis/checkers/LanguageVersionSettingsCheckers
instanceKlass  @bci org/jetbrains/kotlin/fir/analysis/checkers/type/ComposedTypeCheckers <init> (Lorg/jetbrains/kotlin/fir/analysis/checkers/MppCheckerKind;)V 8 <appendix> member <vmtarget> ; # org/jetbrains/kotlin/fir/analysis/checkers/type/ComposedTypeCheckers$$Lambda+0x0000000100466bf0
instanceKlass  @bci org/jetbrains/kotlin/fir/analysis/checkers/type/TypeCheckers <init> ()V 13 <appendix> member <vmtarget> ; # org/jetbrains/kotlin/fir/analysis/checkers/type/TypeCheckers$$Lambda+0x0000000100466998
instanceKlass org/jetbrains/kotlin/fir/analysis/checkers/type/TypeCheckers$Companion
instanceKlass org/jetbrains/kotlin/fir/analysis/checkers/type/TypeCheckers
instanceKlass  @bci org/jetbrains/kotlin/fir/analysis/checkers/expression/ComposedExpressionCheckers <init> (Lorg/jetbrains/kotlin/fir/analysis/checkers/MppCheckerKind;)V 9 <appendix> member <vmtarget> ; # org/jetbrains/kotlin/fir/analysis/checkers/expression/ComposedExpressionCheckers$$Lambda+0x0000000100465e30
instanceKlass  @bci org/jetbrains/kotlin/fir/analysis/checkers/expression/ExpressionCheckers <init> ()V 673 <appendix> member <vmtarget> ; # org/jetbrains/kotlin/fir/analysis/checkers/expression/ExpressionCheckers$$Lambda+0x0000000100465bd8
instanceKlass  @bci org/jetbrains/kotlin/fir/analysis/checkers/expression/ExpressionCheckers <init> ()V 660 <appendix> member <vmtarget> ; # org/jetbrains/kotlin/fir/analysis/checkers/expression/ExpressionCheckers$$Lambda+0x0000000100465980
instanceKlass  @bci org/jetbrains/kotlin/fir/analysis/checkers/expression/ExpressionCheckers <init> ()V 647 <appendix> member <vmtarget> ; # org/jetbrains/kotlin/fir/analysis/checkers/expression/ExpressionCheckers$$Lambda+0x0000000100465728
instanceKlass  @bci org/jetbrains/kotlin/fir/analysis/checkers/expression/ExpressionCheckers <init> ()V 634 <appendix> member <vmtarget> ; # org/jetbrains/kotlin/fir/analysis/checkers/expression/ExpressionCheckers$$Lambda+0x00000001004654d0
instanceKlass  @bci org/jetbrains/kotlin/fir/analysis/checkers/expression/ExpressionCheckers <init> ()V 621 <appendix> member <vmtarget> ; # org/jetbrains/kotlin/fir/analysis/checkers/expression/ExpressionCheckers$$Lambda+0x0000000100465278
instanceKlass  @bci org/jetbrains/kotlin/fir/analysis/checkers/expression/ExpressionCheckers <init> ()V 608 <appendix> member <vmtarget> ; # org/jetbrains/kotlin/fir/analysis/checkers/expression/ExpressionCheckers$$Lambda+0x0000000100465020
instanceKlass  @bci org/jetbrains/kotlin/fir/analysis/checkers/expression/ExpressionCheckers <init> ()V 595 <appendix> member <vmtarget> ; # org/jetbrains/kotlin/fir/analysis/checkers/expression/ExpressionCheckers$$Lambda+0x0000000100464dc8
instanceKlass  @bci org/jetbrains/kotlin/fir/analysis/checkers/expression/ExpressionCheckers <init> ()V 582 <appendix> member <vmtarget> ; # org/jetbrains/kotlin/fir/analysis/checkers/expression/ExpressionCheckers$$Lambda+0x0000000100464b70
instanceKlass  @bci org/jetbrains/kotlin/fir/analysis/checkers/expression/ExpressionCheckers <init> ()V 569 <appendix> member <vmtarget> ; # org/jetbrains/kotlin/fir/analysis/checkers/expression/ExpressionCheckers$$Lambda+0x0000000100464918
instanceKlass  @bci org/jetbrains/kotlin/fir/analysis/checkers/expression/ExpressionCheckers <init> ()V 556 <appendix> member <vmtarget> ; # org/jetbrains/kotlin/fir/analysis/checkers/expression/ExpressionCheckers$$Lambda+0x00000001004646c0
instanceKlass  @bci org/jetbrains/kotlin/fir/analysis/checkers/expression/ExpressionCheckers <init> ()V 543 <appendix> member <vmtarget> ; # org/jetbrains/kotlin/fir/analysis/checkers/expression/ExpressionCheckers$$Lambda+0x0000000100464468
instanceKlass  @bci org/jetbrains/kotlin/fir/analysis/checkers/expression/ExpressionCheckers <init> ()V 530 <appendix> member <vmtarget> ; # org/jetbrains/kotlin/fir/analysis/checkers/expression/ExpressionCheckers$$Lambda+0x0000000100464210
instanceKlass  @bci org/jetbrains/kotlin/fir/analysis/checkers/expression/ExpressionCheckers <init> ()V 517 <appendix> member <vmtarget> ; # org/jetbrains/kotlin/fir/analysis/checkers/expression/ExpressionCheckers$$Lambda+0x0000000100463fb8
instanceKlass  @bci org/jetbrains/kotlin/fir/analysis/checkers/expression/ExpressionCheckers <init> ()V 504 <appendix> member <vmtarget> ; # org/jetbrains/kotlin/fir/analysis/checkers/expression/ExpressionCheckers$$Lambda+0x0000000100463d60
instanceKlass  @bci org/jetbrains/kotlin/fir/analysis/checkers/expression/ExpressionCheckers <init> ()V 491 <appendix> member <vmtarget> ; # org/jetbrains/kotlin/fir/analysis/checkers/expression/ExpressionCheckers$$Lambda+0x0000000100463b08
instanceKlass  @bci org/jetbrains/kotlin/fir/analysis/checkers/expression/ExpressionCheckers <init> ()V 478 <appendix> member <vmtarget> ; # org/jetbrains/kotlin/fir/analysis/checkers/expression/ExpressionCheckers$$Lambda+0x00000001004638b0
instanceKlass  @bci org/jetbrains/kotlin/fir/analysis/checkers/expression/ExpressionCheckers <init> ()V 465 <appendix> member <vmtarget> ; # org/jetbrains/kotlin/fir/analysis/checkers/expression/ExpressionCheckers$$Lambda+0x0000000100463658
instanceKlass  @bci org/jetbrains/kotlin/fir/analysis/checkers/expression/ExpressionCheckers <init> ()V 452 <appendix> member <vmtarget> ; # org/jetbrains/kotlin/fir/analysis/checkers/expression/ExpressionCheckers$$Lambda+0x0000000100463400
instanceKlass  @bci org/jetbrains/kotlin/fir/analysis/checkers/expression/ExpressionCheckers <init> ()V 439 <appendix> member <vmtarget> ; # org/jetbrains/kotlin/fir/analysis/checkers/expression/ExpressionCheckers$$Lambda+0x00000001004631a8
instanceKlass  @bci org/jetbrains/kotlin/fir/analysis/checkers/expression/ExpressionCheckers <init> ()V 426 <appendix> member <vmtarget> ; # org/jetbrains/kotlin/fir/analysis/checkers/expression/ExpressionCheckers$$Lambda+0x0000000100462f50
instanceKlass  @bci org/jetbrains/kotlin/fir/analysis/checkers/expression/ExpressionCheckers <init> ()V 413 <appendix> member <vmtarget> ; # org/jetbrains/kotlin/fir/analysis/checkers/expression/ExpressionCheckers$$Lambda+0x0000000100462cf8
instanceKlass  @bci org/jetbrains/kotlin/fir/analysis/checkers/expression/ExpressionCheckers <init> ()V 400 <appendix> member <vmtarget> ; # org/jetbrains/kotlin/fir/analysis/checkers/expression/ExpressionCheckers$$Lambda+0x0000000100462aa0
instanceKlass  @bci org/jetbrains/kotlin/fir/analysis/checkers/expression/ExpressionCheckers <init> ()V 387 <appendix> member <vmtarget> ; # org/jetbrains/kotlin/fir/analysis/checkers/expression/ExpressionCheckers$$Lambda+0x0000000100462848
instanceKlass  @bci org/jetbrains/kotlin/fir/analysis/checkers/expression/ExpressionCheckers <init> ()V 374 <appendix> member <vmtarget> ; # org/jetbrains/kotlin/fir/analysis/checkers/expression/ExpressionCheckers$$Lambda+0x00000001004625f0
instanceKlass  @bci org/jetbrains/kotlin/fir/analysis/checkers/expression/ExpressionCheckers <init> ()V 361 <appendix> member <vmtarget> ; # org/jetbrains/kotlin/fir/analysis/checkers/expression/ExpressionCheckers$$Lambda+0x0000000100462398
instanceKlass  @bci org/jetbrains/kotlin/fir/analysis/checkers/expression/ExpressionCheckers <init> ()V 348 <appendix> member <vmtarget> ; # org/jetbrains/kotlin/fir/analysis/checkers/expression/ExpressionCheckers$$Lambda+0x0000000100462140
instanceKlass  @bci org/jetbrains/kotlin/fir/analysis/checkers/expression/ExpressionCheckers <init> ()V 335 <appendix> member <vmtarget> ; # org/jetbrains/kotlin/fir/analysis/checkers/expression/ExpressionCheckers$$Lambda+0x0000000100461ee8
instanceKlass  @bci org/jetbrains/kotlin/fir/analysis/checkers/expression/ExpressionCheckers <init> ()V 322 <appendix> member <vmtarget> ; # org/jetbrains/kotlin/fir/analysis/checkers/expression/ExpressionCheckers$$Lambda+0x0000000100461c90
instanceKlass  @bci org/jetbrains/kotlin/fir/analysis/checkers/expression/ExpressionCheckers <init> ()V 309 <appendix> member <vmtarget> ; # org/jetbrains/kotlin/fir/analysis/checkers/expression/ExpressionCheckers$$Lambda+0x0000000100461a38
instanceKlass  @bci org/jetbrains/kotlin/fir/analysis/checkers/expression/ExpressionCheckers <init> ()V 296 <appendix> member <vmtarget> ; # org/jetbrains/kotlin/fir/analysis/checkers/expression/ExpressionCheckers$$Lambda+0x00000001004617e0
instanceKlass  @bci org/jetbrains/kotlin/fir/analysis/checkers/expression/ExpressionCheckers <init> ()V 283 <appendix> member <vmtarget> ; # org/jetbrains/kotlin/fir/analysis/checkers/expression/ExpressionCheckers$$Lambda+0x0000000100461588
instanceKlass  @bci org/jetbrains/kotlin/fir/analysis/checkers/expression/ExpressionCheckers <init> ()V 270 <appendix> member <vmtarget> ; # org/jetbrains/kotlin/fir/analysis/checkers/expression/ExpressionCheckers$$Lambda+0x0000000100461330
instanceKlass  @bci org/jetbrains/kotlin/fir/analysis/checkers/expression/ExpressionCheckers <init> ()V 257 <appendix> member <vmtarget> ; # org/jetbrains/kotlin/fir/analysis/checkers/expression/ExpressionCheckers$$Lambda+0x00000001004610d8
instanceKlass  @bci org/jetbrains/kotlin/fir/analysis/checkers/expression/ExpressionCheckers <init> ()V 244 <appendix> member <vmtarget> ; # org/jetbrains/kotlin/fir/analysis/checkers/expression/ExpressionCheckers$$Lambda+0x0000000100460e80
instanceKlass org/jetbrains/kotlin/fir/analysis/checkers/expression/ExpressionCheckers$Companion
instanceKlass org/jetbrains/kotlin/fir/analysis/checkers/expression/ExpressionCheckers
instanceKlass  @bci org/jetbrains/kotlin/fir/analysis/checkers/declaration/ComposedDeclarationCheckers <init> (Lorg/jetbrains/kotlin/fir/analysis/checkers/MppCheckerKind;)V 8 <appendix> member <vmtarget> ; # org/jetbrains/kotlin/fir/analysis/checkers/declaration/ComposedDeclarationCheckers$$Lambda+0x0000000100460000
instanceKlass org/jetbrains/kotlin/fir/analysis/checkers/FirCheckerWithMppKind
instanceKlass  @bci org/jetbrains/kotlin/fir/analysis/checkers/declaration/DeclarationCheckers <init> ()V 407 <appendix> member <vmtarget> ; # org/jetbrains/kotlin/fir/analysis/checkers/declaration/DeclarationCheckers$$Lambda+0x000000010045c800
instanceKlass  @bci org/jetbrains/kotlin/fir/analysis/checkers/declaration/DeclarationCheckers <init> ()V 394 <appendix> member <vmtarget> ; # org/jetbrains/kotlin/fir/analysis/checkers/declaration/DeclarationCheckers$$Lambda+0x000000010045dbb8
instanceKlass  @bci org/jetbrains/kotlin/fir/analysis/checkers/declaration/DeclarationCheckers <init> ()V 381 <appendix> member <vmtarget> ; # org/jetbrains/kotlin/fir/analysis/checkers/declaration/DeclarationCheckers$$Lambda+0x000000010045d960
instanceKlass  @bci org/jetbrains/kotlin/fir/analysis/checkers/declaration/DeclarationCheckers <init> ()V 368 <appendix> member <vmtarget> ; # org/jetbrains/kotlin/fir/analysis/checkers/declaration/DeclarationCheckers$$Lambda+0x000000010045d708
instanceKlass  @bci org/jetbrains/kotlin/fir/analysis/checkers/declaration/DeclarationCheckers <init> ()V 355 <appendix> member <vmtarget> ; # org/jetbrains/kotlin/fir/analysis/checkers/declaration/DeclarationCheckers$$Lambda+0x000000010045d4b0
instanceKlass  @bci org/jetbrains/kotlin/fir/analysis/checkers/declaration/DeclarationCheckers <init> ()V 342 <appendix> member <vmtarget> ; # org/jetbrains/kotlin/fir/analysis/checkers/declaration/DeclarationCheckers$$Lambda+0x000000010045d258
instanceKlass  @bci org/jetbrains/kotlin/fir/analysis/checkers/declaration/DeclarationCheckers <init> ()V 329 <appendix> member <vmtarget> ; # org/jetbrains/kotlin/fir/analysis/checkers/declaration/DeclarationCheckers$$Lambda+0x000000010045d000
instanceKlass  @bci org/jetbrains/kotlin/fir/analysis/checkers/declaration/DeclarationCheckers <init> ()V 316 <appendix> member <vmtarget> ; # org/jetbrains/kotlin/fir/analysis/checkers/declaration/DeclarationCheckers$$Lambda+0x000000010045fc20
instanceKlass  @bci org/jetbrains/kotlin/fir/analysis/checkers/declaration/DeclarationCheckers <init> ()V 303 <appendix> member <vmtarget> ; # org/jetbrains/kotlin/fir/analysis/checkers/declaration/DeclarationCheckers$$Lambda+0x000000010045f9c8
instanceKlass  @bci org/jetbrains/kotlin/fir/analysis/checkers/declaration/DeclarationCheckers <init> ()V 290 <appendix> member <vmtarget> ; # org/jetbrains/kotlin/fir/analysis/checkers/declaration/DeclarationCheckers$$Lambda+0x000000010045f770
instanceKlass  @bci org/jetbrains/kotlin/fir/analysis/checkers/declaration/DeclarationCheckers <init> ()V 277 <appendix> member <vmtarget> ; # org/jetbrains/kotlin/fir/analysis/checkers/declaration/DeclarationCheckers$$Lambda+0x000000010045f518
instanceKlass  @bci org/jetbrains/kotlin/fir/analysis/checkers/declaration/DeclarationCheckers <init> ()V 264 <appendix> member <vmtarget> ; # org/jetbrains/kotlin/fir/analysis/checkers/declaration/DeclarationCheckers$$Lambda+0x000000010045f2c0
instanceKlass  @bci org/jetbrains/kotlin/fir/analysis/checkers/declaration/DeclarationCheckers <init> ()V 251 <appendix> member <vmtarget> ; # org/jetbrains/kotlin/fir/analysis/checkers/declaration/DeclarationCheckers$$Lambda+0x000000010045f068
instanceKlass  @bci org/jetbrains/kotlin/fir/analysis/checkers/declaration/DeclarationCheckers <init> ()V 238 <appendix> member <vmtarget> ; # org/jetbrains/kotlin/fir/analysis/checkers/declaration/DeclarationCheckers$$Lambda+0x000000010045ee10
instanceKlass  @bci org/jetbrains/kotlin/fir/analysis/checkers/declaration/DeclarationCheckers <init> ()V 225 <appendix> member <vmtarget> ; # org/jetbrains/kotlin/fir/analysis/checkers/declaration/DeclarationCheckers$$Lambda+0x000000010045ebb8
instanceKlass  @bci org/jetbrains/kotlin/fir/analysis/checkers/declaration/DeclarationCheckers <init> ()V 212 <appendix> member <vmtarget> ; # org/jetbrains/kotlin/fir/analysis/checkers/declaration/DeclarationCheckers$$Lambda+0x000000010045e960
instanceKlass  @bci org/jetbrains/kotlin/fir/analysis/checkers/declaration/DeclarationCheckers <init> ()V 199 <appendix> member <vmtarget> ; # org/jetbrains/kotlin/fir/analysis/checkers/declaration/DeclarationCheckers$$Lambda+0x000000010045e708
instanceKlass  @bci org/jetbrains/kotlin/fir/analysis/checkers/declaration/DeclarationCheckers <init> ()V 186 <appendix> member <vmtarget> ; # org/jetbrains/kotlin/fir/analysis/checkers/declaration/DeclarationCheckers$$Lambda+0x000000010045e4b0
instanceKlass  @bci org/jetbrains/kotlin/fir/analysis/checkers/declaration/DeclarationCheckers <init> ()V 173 <appendix> member <vmtarget> ; # org/jetbrains/kotlin/fir/analysis/checkers/declaration/DeclarationCheckers$$Lambda+0x000000010045e258
instanceKlass  @bci org/jetbrains/kotlin/fir/analysis/checkers/declaration/DeclarationCheckers <init> ()V 160 <appendix> member <vmtarget> ; # org/jetbrains/kotlin/fir/analysis/checkers/declaration/DeclarationCheckers$$Lambda+0x000000010045e000
instanceKlass org/jetbrains/kotlin/fir/analysis/checkers/declaration/DeclarationCheckers$Companion
instanceKlass org/jetbrains/kotlin/fir/analysis/checkers/declaration/DeclarationCheckers
instanceKlass org/jetbrains/kotlin/fir/analysis/CheckersComponent
instanceKlass org/jetbrains/kotlin/fir/resolve/FirTypeResolver
instanceKlass org/jetbrains/kotlin/fir/resolve/FirQualifierResolver
instanceKlass  @bci org/jetbrains/kotlin/fir/session/FirJvmSessionFactory createModuleBasedSession (Lorg/jetbrains/kotlin/fir/FirModuleData;Lorg/jetbrains/kotlin/fir/java/FirProjectSessionProvider;Lorg/jetbrains/kotlin/fir/session/environment/AbstractProjectFileSearchScope;Lorg/jetbrains/kotlin/fir/session/environment/AbstractProjectEnvironment;Lkotlin/jvm/functions/Function1;Ljava/util/List;Lorg/jetbrains/kotlin/config/LanguageVersionSettings;Lorg/jetbrains/kotlin/config/JvmTarget;Lorg/jetbrains/kotlin/incremental/components/LookupTracker;Lorg/jetbrains/kotlin/incremental/components/EnumWhenTracker;Lorg/jetbrains/kotlin/incremental/components/ImportTracker;Lorg/jetbrains/kotlin/fir/session/FirSharableJavaComponents;ZLkotlin/jvm/functions/Function1;Lkotlin/jvm/functions/Function1;)Lorg/jetbrains/kotlin/fir/FirSession; 114 <appendix> member <vmtarget> ; # org/jetbrains/kotlin/fir/session/FirJvmSessionFactory$$Lambda+0x000000010045a6d0
instanceKlass  @bci org/jetbrains/kotlin/fir/session/FirJvmSessionFactory createModuleBasedSession (Lorg/jetbrains/kotlin/fir/FirModuleData;Lorg/jetbrains/kotlin/fir/java/FirProjectSessionProvider;Lorg/jetbrains/kotlin/fir/session/environment/AbstractProjectFileSearchScope;Lorg/jetbrains/kotlin/fir/session/environment/AbstractProjectEnvironment;Lkotlin/jvm/functions/Function1;Ljava/util/List;Lorg/jetbrains/kotlin/config/LanguageVersionSettings;Lorg/jetbrains/kotlin/config/JvmTarget;Lorg/jetbrains/kotlin/incremental/components/LookupTracker;Lorg/jetbrains/kotlin/incremental/components/EnumWhenTracker;Lorg/jetbrains/kotlin/incremental/components/ImportTracker;Lorg/jetbrains/kotlin/fir/session/FirSharableJavaComponents;ZLkotlin/jvm/functions/Function1;Lkotlin/jvm/functions/Function1;)Lorg/jetbrains/kotlin/fir/FirSession; 103 <appendix> member <vmtarget> ; # org/jetbrains/kotlin/fir/session/FirJvmSessionFactory$$Lambda+0x000000010045a1e8
instanceKlass  @bci org/jetbrains/kotlin/fir/session/FirJvmSessionFactory createModuleBasedSession (Lorg/jetbrains/kotlin/fir/FirModuleData;Lorg/jetbrains/kotlin/fir/java/FirProjectSessionProvider;Lorg/jetbrains/kotlin/fir/session/environment/AbstractProjectFileSearchScope;Lorg/jetbrains/kotlin/fir/session/environment/AbstractProjectEnvironment;Lkotlin/jvm/functions/Function1;Ljava/util/List;Lorg/jetbrains/kotlin/config/LanguageVersionSettings;Lorg/jetbrains/kotlin/config/JvmTarget;Lorg/jetbrains/kotlin/incremental/components/LookupTracker;Lorg/jetbrains/kotlin/incremental/components/EnumWhenTracker;Lorg/jetbrains/kotlin/incremental/components/ImportTracker;Lorg/jetbrains/kotlin/fir/session/FirSharableJavaComponents;ZLkotlin/jvm/functions/Function1;Lkotlin/jvm/functions/Function1;)Lorg/jetbrains/kotlin/fir/FirSession; 95 <appendix> argL0 ; # org/jetbrains/kotlin/fir/session/FirJvmSessionFactory$$Lambda+0x0000000100459f98
instanceKlass  @bci org/jetbrains/kotlin/fir/session/FirJvmSessionFactory createModuleBasedSession (Lorg/jetbrains/kotlin/fir/FirModuleData;Lorg/jetbrains/kotlin/fir/java/FirProjectSessionProvider;Lorg/jetbrains/kotlin/fir/session/environment/AbstractProjectFileSearchScope;Lorg/jetbrains/kotlin/fir/session/environment/AbstractProjectEnvironment;Lkotlin/jvm/functions/Function1;Ljava/util/List;Lorg/jetbrains/kotlin/config/LanguageVersionSettings;Lorg/jetbrains/kotlin/config/JvmTarget;Lorg/jetbrains/kotlin/incremental/components/LookupTracker;Lorg/jetbrains/kotlin/incremental/components/EnumWhenTracker;Lorg/jetbrains/kotlin/incremental/components/ImportTracker;Lorg/jetbrains/kotlin/fir/session/FirSharableJavaComponents;ZLkotlin/jvm/functions/Function1;Lkotlin/jvm/functions/Function1;)Lorg/jetbrains/kotlin/fir/FirSession; 90 <appendix> member <vmtarget> ; # org/jetbrains/kotlin/fir/session/FirJvmSessionFactory$$Lambda+0x0000000100459d40
instanceKlass  @bci org/jetbrains/kotlin/cli/common/FirSessionConstructionUtilsKt prepareJvmSessions (Ljava/util/List;Lorg/jetbrains/kotlin/config/CompilerConfiguration;Lorg/jetbrains/kotlin/fir/session/environment/AbstractProjectEnvironment;Lorg/jetbrains/kotlin/name/Name;Ljava/util/List;Lorg/jetbrains/kotlin/fir/session/environment/AbstractProjectFileSearchScope;Lorg/jetbrains/kotlin/fir/DependencyListForCliModule;Lkotlin/jvm/functions/Function1;Lkotlin/jvm/functions/Function1;Lkotlin/jvm/functions/Function2;Lkotlin/jvm/functions/Function1;)Ljava/util/List; 521 <appendix> argL0 ; # org/jetbrains/kotlin/cli/common/FirSessionConstructionUtilsKt$$Lambda+0x0000000100459af0
instanceKlass  @bci org/jetbrains/kotlin/fir/resolve/calls/ConstructorProcessingKt getFirstClassifierOrNull (Lorg/jetbrains/kotlin/fir/scopes/FirScope;Lorg/jetbrains/kotlin/fir/resolve/calls/candidate/CallInfo;Lorg/jetbrains/kotlin/fir/resolve/calls/ConstructorFilter;Lorg/jetbrains/kotlin/fir/FirSession;Lorg/jetbrains/kotlin/fir/resolve/BodyResolveComponents;)Lorg/jetbrains/kotlin/fir/resolve/calls/SymbolWithSubstitutor; 52 <appendix> form vmentry <vmtarget> ; # java/lang/invoke/LambdaForm$DMH+0x000000010045c000
instanceKlass  @bci org/jetbrains/kotlin/cli/common/FirSessionConstructionUtilsKt prepareJvmSessions (Ljava/util/List;Lorg/jetbrains/kotlin/config/CompilerConfiguration;Lorg/jetbrains/kotlin/fir/session/environment/AbstractProjectEnvironment;Lorg/jetbrains/kotlin/name/Name;Ljava/util/List;Lorg/jetbrains/kotlin/fir/session/environment/AbstractProjectFileSearchScope;Lorg/jetbrains/kotlin/fir/DependencyListForCliModule;Lkotlin/jvm/functions/Function1;Lkotlin/jvm/functions/Function1;Lkotlin/jvm/functions/Function2;Lkotlin/jvm/functions/Function1;)Ljava/util/List; 457 <appendix> member <vmtarget> ; # org/jetbrains/kotlin/cli/common/FirSessionConstructionUtilsKt$$Lambda+0x0000000100459898
instanceKlass org/jetbrains/kotlin/fir/session/FirJvmIncrementalCompilationSymbolProviders
instanceKlass org/jetbrains/kotlin/cli/common/FirSessionConstructionUtilsKt$createSingleSession$session$1
instanceKlass org/jetbrains/kotlin/cli/common/FirSessionConstructionUtilsKt$prepareSessions$sessionConfigurator$1
instanceKlass org/jetbrains/kotlin/fir/resolve/providers/FirProvider
instanceKlass org/jetbrains/kotlin/fir/resolve/providers/FirCompositeCachedSymbolNamesProvider$Companion
instanceKlass org/jetbrains/kotlin/fir/resolve/providers/impl/FirCachingCompositeSymbolProvider$special$$inlined$createCache$5
instanceKlass org/jetbrains/kotlin/fir/resolve/providers/impl/FirCachingCompositeSymbolProvider$special$$inlined$createCache$4
instanceKlass org/jetbrains/kotlin/fir/resolve/providers/impl/FirCachingCompositeSymbolProvider$special$$inlined$createCache$3
instanceKlass org/jetbrains/kotlin/fir/resolve/providers/impl/FirCachingCompositeSymbolProvider$special$$inlined$createCache$2
instanceKlass org/jetbrains/kotlin/fir/resolve/providers/impl/FirCachingCompositeSymbolProvider$special$$inlined$createCache$1
instanceKlass  @bci org/jetbrains/kotlin/fir/java/deserialization/OptionalAnnotationClassesProvider <init> (Lorg/jetbrains/kotlin/fir/FirSession;Lorg/jetbrains/kotlin/fir/deserialization/ModuleDataProvider;Lorg/jetbrains/kotlin/fir/scopes/FirKotlinScopeProvider;Lorg/jetbrains/kotlin/load/kotlin/PackagePartProvider;Lorg/jetbrains/kotlin/fir/declarations/FirDeclarationOrigin;)V 86 <appendix> member <vmtarget> ; # org/jetbrains/kotlin/fir/java/deserialization/OptionalAnnotationClassesProvider$$Lambda+0x0000000100457268
instanceKlass  @bci org/jetbrains/kotlin/fir/java/deserialization/OptionalAnnotationClassesProvider <init> (Lorg/jetbrains/kotlin/fir/FirSession;Lorg/jetbrains/kotlin/fir/deserialization/ModuleDataProvider;Lorg/jetbrains/kotlin/fir/scopes/FirKotlinScopeProvider;Lorg/jetbrains/kotlin/load/kotlin/PackagePartProvider;Lorg/jetbrains/kotlin/fir/declarations/FirDeclarationOrigin;)V 70 <appendix> member <vmtarget> ; # org/jetbrains/kotlin/fir/java/deserialization/OptionalAnnotationClassesProvider$$Lambda+0x0000000100457010
instanceKlass org/jetbrains/kotlin/fir/deserialization/AbstractAnnotationDeserializer
instanceKlass org/jetbrains/kotlin/fir/java/deserialization/OptionalAnnotationClassesProvider$Companion
instanceKlass org/jetbrains/kotlin/fir/declarations/FirResolvedToPhaseState$Companion
instanceKlass org/jetbrains/kotlin/fir/declarations/FirResolveState
instanceKlass org/jetbrains/kotlin/fir/declarations/FirResolveStateKt
instanceKlass org/jetbrains/kotlin/fir/FirTargetElement
instanceKlass org/jetbrains/kotlin/fir/declarations/FirTypeParametersOwner
instanceKlass org/jetbrains/kotlin/fir/declarations/FirContractDescriptionOwner
instanceKlass org/jetbrains/kotlin/name/SpecialNames
instanceKlass org/jetbrains/kotlin/name/CallableId$Companion
instanceKlass org/jetbrains/kotlin/name/CallableId
instanceKlass org/jetbrains/kotlin/name/StandardClassIds$Callables
instanceKlass org/jetbrains/kotlin/descriptors/EffectiveVisibilityKt
instanceKlass org/jetbrains/kotlin/fir/EffectiveVisibilityUtilsKt
instanceKlass org/jetbrains/kotlin/fir/declarations/builder/FirSimpleFunctionBuilder
instanceKlass org/jetbrains/kotlin/fir/declarations/builder/FirTypeParametersOwnerBuilder
instanceKlass org/jetbrains/kotlin/fir/declarations/builder/FirFunctionBuilder
instanceKlass org/jetbrains/kotlin/descriptors/EffectiveVisibility
instanceKlass org/jetbrains/kotlin/descriptors/Modality$Companion
instanceKlass org/jetbrains/kotlin/descriptors/Visibility
instanceKlass org/jetbrains/kotlin/fir/declarations/impl/FirResolvedDeclarationStatusImpl$Companion
instanceKlass org/jetbrains/kotlin/fir/declarations/FirResolvedDeclarationStatus
instanceKlass org/jetbrains/kotlin/fir/declarations/FirDeclarationStatus
instanceKlass org/jetbrains/kotlin/fir/declarations/DeprecationsProvider
instanceKlass org/jetbrains/kotlin/fir/declarations/FirResolvePhase$Companion
instanceKlass org/jetbrains/kotlin/fir/declarations/builder/FirRegularClassBuilder
instanceKlass org/jetbrains/kotlin/fir/declarations/builder/FirTypeParameterRefsOwnerBuilder
instanceKlass org/jetbrains/kotlin/fir/declarations/builder/FirClassBuilder
instanceKlass org/jetbrains/kotlin/fir/declarations/builder/FirDeclarationBuilder
instanceKlass org/jetbrains/kotlin/fir/resolve/providers/impl/FirBuiltinSyntheticFunctionInterfaceProvider$Companion
instanceKlass kotlin/UnsafeLazyImpl
instanceKlass org/jetbrains/kotlin/fir/caches/FirLazyValue
instanceKlass  @bci org/jetbrains/kotlin/fir/resolve/providers/impl/FirBuiltinSymbolProvider$BuiltInsPackageFragmentWrapper <init> (Lorg/jetbrains/kotlin/fir/resolve/providers/impl/FirBuiltinSymbolProvider$BuiltInsPackageFragment;Lorg/jetbrains/kotlin/name/FqName;Lorg/jetbrains/kotlin/fir/FirModuleData;Lorg/jetbrains/kotlin/fir/scopes/FirKotlinScopeProvider;)V 139 <appendix> member <vmtarget> ; # org/jetbrains/kotlin/fir/resolve/providers/impl/FirBuiltinSymbolProvider$BuiltInsPackageFragmentWrapper$$Lambda+0x000000010044abb8
instanceKlass org/jetbrains/kotlin/fir/resolve/providers/impl/FirBuiltinSymbolProvider$BuiltInsPackageFragmentWrapper$special$$inlined$createCache$1
instanceKlass  @bci org/jetbrains/kotlin/fir/resolve/providers/impl/FirBuiltinSymbolProvider$BuiltInsPackageFragmentWrapper <init> (Lorg/jetbrains/kotlin/fir/resolve/providers/impl/FirBuiltinSymbolProvider$BuiltInsPackageFragment;Lorg/jetbrains/kotlin/name/FqName;Lorg/jetbrains/kotlin/fir/FirModuleData;Lorg/jetbrains/kotlin/fir/scopes/FirKotlinScopeProvider;)V 80 <appendix> member <vmtarget> ; # org/jetbrains/kotlin/fir/resolve/providers/impl/FirBuiltinSymbolProvider$BuiltInsPackageFragmentWrapper$$Lambda+0x000000010044a708
instanceKlass  @bci org/jetbrains/kotlin/fir/resolve/providers/impl/FirBuiltinSymbolProvider$BuiltInsPackageFragmentWrapper <init> (Lorg/jetbrains/kotlin/fir/resolve/providers/impl/FirBuiltinSymbolProvider$BuiltInsPackageFragment;Lorg/jetbrains/kotlin/name/FqName;Lorg/jetbrains/kotlin/fir/FirModuleData;Lorg/jetbrains/kotlin/fir/scopes/FirKotlinScopeProvider;)V 74 <appendix> argL0 ; # org/jetbrains/kotlin/fir/resolve/providers/impl/FirBuiltinSymbolProvider$BuiltInsPackageFragmentWrapper$$Lambda+0x000000010044a4b8
instanceKlass  @bci org/jetbrains/kotlin/fir/resolve/providers/impl/FirBuiltinSymbolProvider$BuiltInsPackageFragmentWrapper <init> (Lorg/jetbrains/kotlin/fir/resolve/providers/impl/FirBuiltinSymbolProvider$BuiltInsPackageFragment;Lorg/jetbrains/kotlin/name/FqName;Lorg/jetbrains/kotlin/fir/FirModuleData;Lorg/jetbrains/kotlin/fir/scopes/FirKotlinScopeProvider;)V 52 <appendix> member <vmtarget> ; # org/jetbrains/kotlin/fir/resolve/providers/impl/FirBuiltinSymbolProvider$BuiltInsPackageFragmentWrapper$$Lambda+0x000000010044a260
instanceKlass org/jetbrains/kotlin/fir/deserialization/FirMemberDeserializer
instanceKlass org/jetbrains/kotlin/fir/resolve/providers/impl/FirBuiltinSymbolProvider$BuiltInsPackageFragmentWrapper
instanceKlass java/util/LinkedList$ListItr
instanceKlass kotlin/Triple
instanceKlass java/util/LinkedList$Node
instanceKlass org/jetbrains/kotlin/metadata/deserialization/NameResolverImpl$WhenMappings
instanceKlass org/jetbrains/kotlin/serialization/deserialization/NameResolverUtilKt
instanceKlass  @bci org/jetbrains/kotlin/fir/resolve/providers/impl/FirBuiltinSymbolProvider$BuiltInsPackageFragment <init> (Ljava/io/InputStream;)V 81 <appendix> argL0 ; # org/jetbrains/kotlin/fir/resolve/providers/impl/FirBuiltinSymbolProvider$BuiltInsPackageFragment$$Lambda+0x00000001004494e0
instanceKlass org/jetbrains/kotlin/serialization/deserialization/ProtoBasedClassDataFinder
instanceKlass org/jetbrains/kotlin/serialization/deserialization/ClassDataFinder
instanceKlass org/jetbrains/kotlin/metadata/ProtoBuf$Type$Argument$Projection$1
instanceKlass org/jetbrains/kotlin/metadata/ProtoBuf$Type$ArgumentOrBuilder
instanceKlass org/jetbrains/kotlin/metadata/ProtoBuf$PackageFragmentOrBuilder
instanceKlass kotlin/collections/IntIterator
instanceKlass org/jetbrains/kotlin/metadata/builtins/BuiltInsBinaryVersion$Companion
instanceKlass org/jetbrains/kotlin/fir/resolve/providers/impl/BinaryVersionAndPackageFragment$Companion
instanceKlass org/jetbrains/kotlin/fir/resolve/providers/impl/BinaryVersionAndPackageFragment
instanceKlass org/jetbrains/kotlin/fir/resolve/providers/impl/FirBuiltinSymbolProvider$BuiltInsPackageFragment
instanceKlass  @bci org/jetbrains/kotlin/fir/resolve/providers/impl/FirBuiltinSymbolProvider <clinit> ()V 24 <appendix> member <vmtarget> ; # org/jetbrains/kotlin/fir/resolve/providers/impl/FirBuiltinSymbolProvider$$Lambda+0x0000000100445cb8
instanceKlass org/jetbrains/kotlin/fir/resolve/providers/impl/FirBuiltinSymbolProvider$Companion
instanceKlass org/jetbrains/kotlin/fir/java/deserialization/AnnotationsLoader
instanceKlass org/jetbrains/kotlin/fir/deserialization/AbstractFirDeserializedSymbolProvider$special$$inlined$createCache$4
instanceKlass org/jetbrains/kotlin/fir/deserialization/AbstractFirDeserializedSymbolProvider$special$$inlined$createCache$3
instanceKlass  @bci org/jetbrains/kotlin/fir/deserialization/AbstractFirDeserializedSymbolProvider <init> (Lorg/jetbrains/kotlin/fir/FirSession;Lorg/jetbrains/kotlin/fir/deserialization/ModuleDataProvider;Lorg/jetbrains/kotlin/fir/scopes/FirKotlinScopeProvider;Lorg/jetbrains/kotlin/fir/declarations/FirDeclarationOrigin;Lorg/jetbrains/kotlin/serialization/SerializerExtensionProtocol;)V 184 <appendix> argL0 ; # org/jetbrains/kotlin/fir/deserialization/AbstractFirDeserializedSymbolProvider$$Lambda+0x0000000100444eb0
instanceKlass org/jetbrains/kotlin/mpp/RegularClassSymbolMarker
instanceKlass  @bci org/jetbrains/kotlin/fir/deserialization/AbstractFirDeserializedSymbolProvider <init> (Lorg/jetbrains/kotlin/fir/FirSession;Lorg/jetbrains/kotlin/fir/deserialization/ModuleDataProvider;Lorg/jetbrains/kotlin/fir/scopes/FirKotlinScopeProvider;Lorg/jetbrains/kotlin/fir/declarations/FirDeclarationOrigin;Lorg/jetbrains/kotlin/serialization/SerializerExtensionProtocol;)V 179 <appendix> member <vmtarget> ; # org/jetbrains/kotlin/fir/deserialization/AbstractFirDeserializedSymbolProvider$$Lambda+0x00000001004447a8
instanceKlass  @bci org/jetbrains/kotlin/fir/deserialization/AbstractFirDeserializedSymbolProvider <init> (Lorg/jetbrains/kotlin/fir/FirSession;Lorg/jetbrains/kotlin/fir/deserialization/ModuleDataProvider;Lorg/jetbrains/kotlin/fir/scopes/FirKotlinScopeProvider;Lorg/jetbrains/kotlin/fir/declarations/FirDeclarationOrigin;Lorg/jetbrains/kotlin/serialization/SerializerExtensionProtocol;)V 162 <appendix> argL0 ; # org/jetbrains/kotlin/fir/deserialization/AbstractFirDeserializedSymbolProvider$$Lambda+0x0000000100444308
instanceKlass org/jetbrains/kotlin/mpp/TypeAliasSymbolMarker
instanceKlass  @bci org/jetbrains/kotlin/fir/deserialization/AbstractFirDeserializedSymbolProvider <init> (Lorg/jetbrains/kotlin/fir/FirSession;Lorg/jetbrains/kotlin/fir/deserialization/ModuleDataProvider;Lorg/jetbrains/kotlin/fir/scopes/FirKotlinScopeProvider;Lorg/jetbrains/kotlin/fir/declarations/FirDeclarationOrigin;Lorg/jetbrains/kotlin/serialization/SerializerExtensionProtocol;)V 157 <appendix> member <vmtarget> ; # org/jetbrains/kotlin/fir/deserialization/AbstractFirDeserializedSymbolProvider$$Lambda+0x0000000100443c00
instanceKlass org/jetbrains/kotlin/fir/deserialization/FirDeserializationContext
instanceKlass org/jetbrains/kotlin/fir/deserialization/AbstractFirDeserializedSymbolProvider$special$$inlined$createCache$2
instanceKlass org/jetbrains/kotlin/fir/deserialization/AbstractFirDeserializedSymbolProvider$special$$inlined$createCache$1
instanceKlass org/jetbrains/kotlin/fir/resolve/providers/FirCachedSymbolNamesProvider$special$$inlined$createCache$2
instanceKlass  @bci org/jetbrains/kotlin/fir/resolve/providers/FirCachedSymbolNamesProvider <init> (Lorg/jetbrains/kotlin/fir/FirSession;)V 82 <appendix> member <vmtarget> ; # org/jetbrains/kotlin/fir/resolve/providers/FirCachedSymbolNamesProvider$$Lambda+0x0000000100443060
instanceKlass org/jetbrains/kotlin/fir/resolve/providers/FirCachedSymbolNamesProvider$special$$inlined$createCache$1
instanceKlass  @bci org/jetbrains/kotlin/fir/resolve/providers/FirCachedSymbolNamesProvider <init> (Lorg/jetbrains/kotlin/fir/FirSession;)V 36 <appendix> member <vmtarget> ; # org/jetbrains/kotlin/fir/resolve/providers/FirCachedSymbolNamesProvider$$Lambda+0x0000000100442bb0
instanceKlass  @bci org/jetbrains/kotlin/fir/resolve/providers/FirCachedSymbolNamesProvider <init> (Lorg/jetbrains/kotlin/fir/FirSession;)V 20 <appendix> member <vmtarget> ; # org/jetbrains/kotlin/fir/resolve/providers/FirCachedSymbolNamesProvider$$Lambda+0x0000000100442958
instanceKlass  @bci org/jetbrains/kotlin/fir/deserialization/AbstractFirDeserializedSymbolProvider <init> (Lorg/jetbrains/kotlin/fir/FirSession;Lorg/jetbrains/kotlin/fir/deserialization/ModuleDataProvider;Lorg/jetbrains/kotlin/fir/scopes/FirKotlinScopeProvider;Lorg/jetbrains/kotlin/fir/declarations/FirDeclarationOrigin;Lorg/jetbrains/kotlin/serialization/SerializerExtensionProtocol;)V 64 <appendix> member <vmtarget> ; # org/jetbrains/kotlin/fir/deserialization/AbstractFirDeserializedSymbolProvider$$Lambda+0x0000000100442180
instanceKlass org/jetbrains/kotlin/serialization/SerializerExtensionProtocol
instanceKlass org/jetbrains/kotlin/fir/declarations/FirDeclarationOrigin
instanceKlass org/jetbrains/kotlin/fir/extensions/FirStatusTransformerExtensionKt
instanceKlass org/jetbrains/kotlin/fir/java/FirJavaFacade$special$$inlined$createCache$2
instanceKlass org/jetbrains/kotlin/fir/java/FirJavaFacade$special$$inlined$createCache$1
instanceKlass org/jetbrains/kotlin/resolve/jvm/TopPackageNamesProvider
instanceKlass org/jetbrains/kotlin/load/java/AbstractJavaClassFinder
instanceKlass org/jetbrains/kotlin/load/java/JavaClassFinder
instanceKlass org/jetbrains/kotlin/load/java/JavaClassFinderImplKt
instanceKlass org/jetbrains/kotlin/fir/java/FirJavaFacade$Companion
instanceKlass org/jetbrains/kotlin/fir/java/FirJavaFacade
instanceKlass org/jetbrains/kotlin/load/kotlin/VirtualFileFinder$SERVICE
instanceKlass org/jetbrains/kotlin/load/kotlin/VirtualFileFinderFactory$SERVICE
instanceKlass org/jetbrains/kotlin/fir/resolve/providers/FirSymbolNamesProvider
instanceKlass org/jetbrains/kotlin/builtins/functions/FunctionTypeKindKt
instanceKlass org/jetbrains/kotlin/fir/types/FirFunctionTypeKindServiceKt
instanceKlass org/jetbrains/kotlin/fir/resolve/providers/impl/FirExtensionSyntheticFunctionInterfaceProvider$Companion
instanceKlass org/jetbrains/kotlin/fir/resolve/providers/impl/FirSyntheticFunctionInterfaceProviderBase$Companion
instanceKlass org/jetbrains/kotlin/fir/serialization/FirProvidedDeclarationsForMetadataService$Companion
instanceKlass org/jetbrains/kotlin/fir/serialization/FirProvidedDeclarationsForMetadataService
instanceKlass org/jetbrains/kotlin/builtins/functions/FunctionTypeKindExtractor$Companion
instanceKlass org/jetbrains/kotlin/builtins/functions/FunctionTypeKindExtractor
instanceKlass kotlin/collections/builders/ListBuilder$Itr
instanceKlass kotlin/jvm/internal/markers/KMutableListIterator
instanceKlass androidx/compose/compiler/plugins/kotlin/ComposeFqNamesKt
instanceKlass androidx/compose/compiler/plugins/kotlin/ComposeClassIds
instanceKlass org/jetbrains/kotlin/fir/extensions/FirFunctionTypeKindExtensionKt
instanceKlass org/jetbrains/kotlin/fir/types/FirFunctionTypeKindServiceImpl$extractor$1$kinds$1$registrar$1
instanceKlass org/jetbrains/kotlin/fir/extensions/FirFunctionTypeKindExtension$FunctionTypeKindRegistrar
instanceKlass org/jetbrains/kotlin/builtins/StandardNames
instanceKlass org/jetbrains/kotlin/builtins/functions/FunctionTypeKind
instanceKlass kotlin/collections/builders/ListBuilder$Companion
instanceKlass kotlin/jvm/internal/markers/KMutableList
instanceKlass org/jetbrains/kotlin/fir/types/FirFunctionTypeKindService
instanceKlass org/jetbrains/kotlin/fir/extensions/FirDeclarationPredicateRegistrar
instanceKlass org/jetbrains/kotlin/fir/extensions/FirExtensionSessionComponentKt
instanceKlass org/jetbrains/kotlin/fir/extensions/FirExtensionPointName
instanceKlass org/jetbrains/kotlin/fir/extensions/FirFunctionTypeKindExtension$Companion
instanceKlass org/jetbrains/kotlin/fir/extensions/FirExtensionRegistrarKt
instanceKlass org/jetbrains/kotlin/fir/extensions/FirExtensionServiceKt
instanceKlass  @bci org/jetbrains/kotlin/fir/extensions/FirExtensionRegistrar$ExtensionRegistrarContext plusAdditionalCheckersExtension (Lkotlin/jvm/functions/Function1;)V 8 <appendix> member <vmtarget> ; # org/jetbrains/kotlin/fir/extensions/FirExtensionRegistrar$ExtensionRegistrarContext$$Lambda+0x00000001004365d8
instanceKlass org/jetbrains/kotlin/fir/analysis/extensions/FirAdditionalCheckersExtension$Factory
instanceKlass  @bci org/jetbrains/kotlin/fir/extensions/FirExtensionRegistrar$ExtensionRegistrarContext plusFunctionTypeKindExtension (Lkotlin/jvm/functions/Function1;)V 8 <appendix> member <vmtarget> ; # org/jetbrains/kotlin/fir/extensions/FirExtensionRegistrar$ExtensionRegistrarContext$$Lambda+0x0000000100436140
instanceKlass org/jetbrains/kotlin/fir/extensions/FirFunctionTypeKindExtension$Factory
instanceKlass org/jetbrains/kotlin/fir/extensions/FirExtension$Factory
instanceKlass org/jetbrains/kotlin/fir/extensions/FirExtensionRegistrar$ExtensionRegistrarContext
instanceKlass org/jetbrains/kotlin/fir/extensions/BunchOfRegisteredExtensions$Companion
instanceKlass org/jetbrains/kotlin/fir/extensions/BunchOfRegisteredExtensions
instanceKlass org/jetbrains/kotlin/fir/session/FirSessionConfigurator
instanceKlass org/jetbrains/kotlin/resolve/ImportPath$Companion
instanceKlass org/jetbrains/kotlin/resolve/ImportPath
instanceKlass org/jetbrains/kotlin/fir/resolve/substitution/AbstractConeSubstitutor$Companion
instanceKlass org/jetbrains/kotlin/fir/resolve/substitution/ConeSubstitutor
instanceKlass org/jetbrains/kotlin/types/model/TypeSubstitutorMarker
instanceKlass org/jetbrains/kotlin/fir/analysis/jvm/checkers/FirJavaNullabilityWarningUpperBoundsProvider
instanceKlass org/jetbrains/kotlin/fir/analysis/checkers/FirPlatformUpperBoundsProvider
instanceKlass org/jetbrains/kotlin/fir/scopes/jvm/FirJvmDelegatedMembersFilter$Companion
instanceKlass org/jetbrains/kotlin/fir/analysis/checkers/expression/FirGenericArrayClassLiteralSupport$Enabled
instanceKlass org/jetbrains/kotlin/fir/analysis/checkers/FirInlineCheckerPlatformSpecificComponent
instanceKlass org/jetbrains/kotlin/fir/resolve/calls/FirSyntheticNamesProvider
instanceKlass org/jetbrains/kotlin/resolve/jvm/JvmTypeSpecificityComparator
instanceKlass org/jetbrains/kotlin/fir/declarations/FirTypeSpecificityComparatorProvider
instanceKlass org/jetbrains/kotlin/name/JvmStandardClassIds
instanceKlass org/jetbrains/kotlin/name/JvmStandardClassIds$Annotations
instanceKlass org/jetbrains/kotlin/name/JvmStandardClassIds$Annotations$Java
instanceKlass org/jetbrains/kotlin/fir/resolve/transformers/plugin/CompilerRequiredAnnotationEnhancementProvider
instanceKlass org/jetbrains/kotlin/fir/java/deserialization/FirJvmDeserializationExtension$Companion
instanceKlass org/jetbrains/kotlin/fir/deserialization/FirDeserializationExtension
instanceKlass org/jetbrains/kotlin/fir/scopes/FirOverrideCheckerKt
instanceKlass org/jetbrains/kotlin/fir/java/JavaTypeParameterStack$Companion
instanceKlass org/jetbrains/kotlin/fir/java/JavaTypeParameterStack
instanceKlass org/jetbrains/kotlin/fir/java/scopes/JavaOverridabilityRules
instanceKlass org/jetbrains/kotlin/fir/scopes/PlatformSpecificOverridabilityRules
instanceKlass org/jetbrains/kotlin/name/JvmStandardClassIdsKt
instanceKlass org/jetbrains/kotlin/name/JvmStandardClassIds$Java
instanceKlass org/jetbrains/kotlin/fir/java/JvmSupertypeUpdater$DelegatedConstructorCallTransformer$Companion
instanceKlass org/jetbrains/kotlin/fir/visitors/FirVisitor
instanceKlass org/jetbrains/kotlin/fir/resolve/transformers/PlatformSupertypeUpdater
instanceKlass org/jetbrains/kotlin/fir/java/FirJvmDefaultModeComponent
instanceKlass org/jetbrains/kotlin/fir/java/FirSyntheticPropertiesStorage$special$$inlined$createCache$1
instanceKlass org/jetbrains/kotlin/fir/java/FirSyntheticPropertiesStorage
instanceKlass org/jetbrains/kotlin/load/java/AbstractAnnotationTypeQualifierResolver$Companion
instanceKlass org/jetbrains/kotlin/load/java/AbstractAnnotationTypeQualifierResolver
instanceKlass org/jetbrains/kotlin/fir/modules/FirJavaModuleResolverProvider
instanceKlass org/jetbrains/kotlin/resolve/jvm/modules/JavaModuleResolver$SERVICE
instanceKlass org/jetbrains/kotlin/resolve/checkers/ClassifierUsageCheckerContext
instanceKlass org/jetbrains/kotlin/resolve/calls/context/ResolutionContext
instanceKlass java/lang/annotation/Documented
instanceKlass kotlin/annotation/MustBeDocumented
instanceKlass kotlin/jvm/JvmStatic
instanceKlass org/jetbrains/kotlin/descriptors/ModuleDescriptor
instanceKlass org/jetbrains/kotlin/resolve/BindingTrace
instanceKlass org/jetbrains/kotlin/descriptors/SourceElement
instanceKlass org/jetbrains/kotlin/descriptors/ClassifierDescriptor
instanceKlass org/jetbrains/kotlin/resolve/calls/checkers/CallCheckerContext
instanceKlass org/jetbrains/kotlin/resolve/calls/model/ResolvedCall
instanceKlass org/jetbrains/kotlin/resolve/scopes/receivers/ReceiverValue
instanceKlass org/jetbrains/kotlin/resolve/scopes/receivers/Receiver
instanceKlass org/jetbrains/kotlin/descriptors/annotations/AnnotationDescriptor
instanceKlass org/jetbrains/kotlin/diagnostics/DiagnosticSink
instanceKlass org/jetbrains/kotlin/descriptors/VariableDescriptor
instanceKlass org/jetbrains/kotlin/descriptors/ValueDescriptor
instanceKlass org/jetbrains/kotlin/container/ConstructorInfo
instanceKlass org/jetbrains/kotlin/com/intellij/util/ObjectUtilsRt
instanceKlass org/jetbrains/kotlin/container/DefaultImplementation
instanceKlass  @bci org/jetbrains/kotlin/container/CacheKt getRegistrations (Ljava/lang/Class;)Ljava/util/List; 9 <appendix> argL0 ; # org/jetbrains/kotlin/container/CacheKt$$Lambda+0x0000000100426fb0
instanceKlass jdk/internal/vm/annotation/IntrinsicCandidate
instanceKlass org/jetbrains/kotlin/resolve/checkers/DeclarationCheckerContext
instanceKlass org/jetbrains/kotlin/resolve/checkers/CheckerContext
instanceKlass org/jetbrains/kotlin/container/ClassInfo
instanceKlass org/jetbrains/kotlin/container/ClassTraversalCache
instanceKlass org/jetbrains/kotlin/container/CacheKt
instanceKlass org/jetbrains/kotlin/container/DynamicComponentDescriptor
instanceKlass org/jetbrains/kotlin/container/InstanceComponentDescriptor
instanceKlass org/jetbrains/kotlin/container/ComponentDescriptor
instanceKlass org/jetbrains/kotlin/container/ValueDescriptor
instanceKlass org/jetbrains/kotlin/container/ContainerKt
instanceKlass org/jetbrains/kotlin/resolve/checkers/PlatformDiagnosticSuppressor
instanceKlass org/jetbrains/kotlin/resolve/lazy/AbsentDescriptorHandler
instanceKlass org/jetbrains/kotlin/types/DynamicTypesSettings
instanceKlass org/jetbrains/kotlin/resolve/calls/results/TypeSpecificityComparator$NONE
instanceKlass org/jetbrains/kotlin/resolve/calls/results/TypeSpecificityComparator
instanceKlass org/jetbrains/kotlin/resolve/IdentifierChecker
instanceKlass org/jetbrains/kotlin/container/PlatformSpecificExtension
instanceKlass org/jetbrains/kotlin/container/PlatformExtensionsClashResolver
instanceKlass org/jetbrains/kotlin/resolve/checkers/OptionalExpectationUsageChecker
instanceKlass org/jetbrains/kotlin/resolve/checkers/MissingDependencyClassChecker$ClassifierUsage
instanceKlass org/jetbrains/kotlin/resolve/checkers/ApiVersionClassifierUsageChecker
instanceKlass org/jetbrains/kotlin/resolve/checkers/DeprecatedClassifierUsageChecker
instanceKlass org/jetbrains/kotlin/resolve/checkers/ClassifierUsageChecker
instanceKlass org/jetbrains/kotlin/resolve/calls/checkers/EnumEntriesUnsupportedChecker
instanceKlass org/jetbrains/kotlin/resolve/calls/checkers/CustomEnumEntriesMigrationCallChecker
instanceKlass org/jetbrains/kotlin/resolve/calls/checkers/CompanionIncorrectlyUnboundedWhenUsedAsLHSCallChecker
instanceKlass org/jetbrains/kotlin/resolve/calls/checkers/IncorrectCapturedApproximationCallChecker
instanceKlass org/jetbrains/kotlin/resolve/calls/checkers/BuilderInferenceAssignmentChecker
instanceKlass org/jetbrains/kotlin/resolve/calls/checkers/UnsupportedUntilOperatorChecker
instanceKlass org/jetbrains/kotlin/resolve/calls/checkers/EqualityCallChecker
instanceKlass org/jetbrains/kotlin/resolve/calls/checkers/ResolutionToPrivateConstructorOfSealedClassChecker
instanceKlass org/jetbrains/kotlin/resolve/calls/checkers/CompanionInParenthesesLHSCallChecker
instanceKlass org/jetbrains/kotlin/resolve/calls/checkers/EnumEntryVsCompanionPriorityCallChecker
instanceKlass org/jetbrains/kotlin/utils/StringsKt
instanceKlass org/jetbrains/kotlin/resolve/calls/checkers/NewSchemeOfIntegerOperatorResolutionChecker
instanceKlass org/jetbrains/kotlin/resolve/calls/checkers/SelfCallInNestedObjectConstructorChecker
instanceKlass org/jetbrains/kotlin/resolve/calls/checkers/VarargWrongExecutionOrderChecker
instanceKlass org/jetbrains/kotlin/resolve/calls/checkers/ReferencingToUnderscoreNamedParameterOfCatchBlockChecker
instanceKlass org/jetbrains/kotlin/resolve/checkers/NullableExtensionOperatorWithSafeCallChecker
instanceKlass org/jetbrains/kotlin/resolve/calls/checkers/FunInterfaceConstructorReferenceChecker
instanceKlass org/jetbrains/kotlin/resolve/calls/checkers/UnitConversionCallChecker
instanceKlass org/jetbrains/kotlin/resolve/calls/checkers/SuspendConversionCallChecker
instanceKlass org/jetbrains/kotlin/resolve/calls/checkers/AbstractClassInstantiationChecker
instanceKlass org/jetbrains/kotlin/resolve/checkers/MissingDependencySupertypeChecker$ForCalls
instanceKlass org/jetbrains/kotlin/diagnostics/Diagnostic
instanceKlass org/jetbrains/kotlin/diagnostics/UnboundDiagnostic
instanceKlass org/jetbrains/kotlin/diagnostics/DiagnosticMarker
instanceKlass org/jetbrains/kotlin/resolve/calls/checkers/ReifiedTypeParameterSubstitutionChecker
instanceKlass org/jetbrains/kotlin/resolve/calls/checkers/ContractNotAllowedCallChecker
instanceKlass org/jetbrains/kotlin/resolve/calls/checkers/NamedFunAsExpressionChecker
instanceKlass org/jetbrains/kotlin/resolve/calls/checkers/NullableVarargArgumentCallChecker
instanceKlass org/jetbrains/kotlin/resolve/calls/checkers/ResultTypeWithNullableOperatorsChecker
instanceKlass org/jetbrains/kotlin/resolve/calls/checkers/UselessElvisCallChecker
instanceKlass org/jetbrains/kotlin/resolve/calls/checkers/LambdaWithSuspendModifierCallChecker
instanceKlass org/jetbrains/kotlin/resolve/checkers/PrimitiveNumericComparisonCallChecker
instanceKlass org/jetbrains/kotlin/resolve/calls/checkers/ImplicitNothingAsTypeParameterCallChecker
instanceKlass org/jetbrains/kotlin/resolve/calls/checkers/AssigningNamedArgumentToVarargChecker
instanceKlass org/jetbrains/kotlin/resolve/calls/checkers/UnderscoreUsageChecker
instanceKlass org/jetbrains/kotlin/resolve/calls/checkers/CallableReferenceCompatibilityChecker
instanceKlass org/jetbrains/kotlin/resolve/checkers/MissingDependencyClassChecker
instanceKlass org/jetbrains/kotlin/resolve/calls/checkers/DslScopeViolationCallChecker
instanceKlass org/jetbrains/kotlin/resolve/calls/checkers/BuilderFunctionsCallChecker
instanceKlass org/jetbrains/kotlin/resolve/calls/checkers/CoroutineSuspendCallChecker
instanceKlass org/jetbrains/kotlin/resolve/calls/checkers/ApiVersionCallChecker
instanceKlass org/jetbrains/kotlin/descriptors/ConstructorDescriptor
instanceKlass org/jetbrains/kotlin/descriptors/FunctionDescriptor
instanceKlass org/jetbrains/kotlin/descriptors/CallableMemberDescriptor
instanceKlass org/jetbrains/kotlin/descriptors/MemberDescriptor
instanceKlass org/jetbrains/kotlin/descriptors/CallableDescriptor
instanceKlass org/jetbrains/kotlin/descriptors/Substitutable
instanceKlass org/jetbrains/kotlin/descriptors/DeclarationDescriptorWithVisibility
instanceKlass org/jetbrains/kotlin/descriptors/DeclarationDescriptorNonRoot
instanceKlass org/jetbrains/kotlin/descriptors/DeclarationDescriptorWithSource
instanceKlass org/jetbrains/kotlin/descriptors/DeclarationDescriptor
instanceKlass org/jetbrains/kotlin/descriptors/ValidateableDescriptor
instanceKlass org/jetbrains/kotlin/descriptors/Named
instanceKlass org/jetbrains/kotlin/resolve/calls/checkers/ProtectedConstructorCallChecker
instanceKlass org/jetbrains/kotlin/resolve/calls/checkers/ConstructorHeaderCallChecker
instanceKlass org/jetbrains/kotlin/resolve/calls/checkers/OperatorCallChecker$Companion
instanceKlass org/jetbrains/kotlin/resolve/calls/checkers/OperatorCallChecker
instanceKlass org/jetbrains/kotlin/resolve/calls/checkers/InfixCallChecker
instanceKlass org/jetbrains/kotlin/resolve/calls/checkers/CallReturnsArrayOfNothingChecker
instanceKlass org/jetbrains/kotlin/psi/KtOperationExpression
instanceKlass org/jetbrains/kotlin/BlockExpressionElementType$Companion
instanceKlass org/jetbrains/kotlin/psi/stubs/KotlinScriptStub
instanceKlass org/jetbrains/kotlin/psi/stubs/KotlinPlaceHolderWithTextStub
instanceKlass org/jetbrains/kotlin/com/intellij/psi/LiteralTextEscaper
instanceKlass org/jetbrains/kotlin/com/intellij/psi/ContributedReferenceHost
instanceKlass org/jetbrains/kotlin/psi/stubs/KotlinCollectionLiteralExpressionStub
instanceKlass org/jetbrains/kotlin/psi/stubs/KotlinClassLiteralExpressionStub
instanceKlass org/jetbrains/kotlin/psi/KtDoubleColonExpression
instanceKlass org/jetbrains/kotlin/psi/stubs/KotlinConstantExpressionStub
instanceKlass org/jetbrains/kotlin/psi/stubs/elements/KtConstantExpressionElementType$Companion
instanceKlass org/jetbrains/kotlin/psi/stubs/KotlinContextReceiverStub
instanceKlass org/jetbrains/kotlin/psi/LambdaArgument
instanceKlass org/jetbrains/kotlin/psi/stubs/KotlinContractEffectStub
instanceKlass org/jetbrains/kotlin/psi/ValueArgumentName
instanceKlass org/jetbrains/kotlin/psi/stubs/KotlinValueArgumentStub
instanceKlass org/jetbrains/kotlin/psi/ValueArgument
instanceKlass org/jetbrains/kotlin/psi/stubs/KotlinEnumEntrySuperclassReferenceExpressionStub
instanceKlass org/jetbrains/kotlin/psi/KtQualifiedExpression
instanceKlass org/jetbrains/kotlin/psi/stubs/KotlinNameReferenceExpressionStub
instanceKlass org/jetbrains/kotlin/psi/stubs/KotlinTypeProjectionStub
instanceKlass org/jetbrains/kotlin/psi/KtSimpleNameExpression
instanceKlass org/jetbrains/kotlin/psi/KtReferenceExpression
instanceKlass org/jetbrains/kotlin/psi/stubs/KotlinUserTypeStub
instanceKlass org/jetbrains/kotlin/psi/stubs/impl/KotlinTypeBean
instanceKlass org/jetbrains/kotlin/psi/KtTypeElement
instanceKlass org/jetbrains/kotlin/psi/stubs/KotlinModifierListStub
instanceKlass org/jetbrains/kotlin/psi/stubs/KotlinImportAliasStub
instanceKlass org/jetbrains/kotlin/psi/KtImportInfo$ImportContent
instanceKlass org/jetbrains/kotlin/psi/KtImportInfo
instanceKlass org/jetbrains/kotlin/psi/stubs/KotlinImportDirectiveStub
instanceKlass org/jetbrains/kotlin/psi/stubs/KotlinAnnotationUseSiteTargetStub
instanceKlass org/jetbrains/kotlin/psi/KtCallElement
instanceKlass org/jetbrains/kotlin/psi/stubs/KotlinAnnotationEntryStub
instanceKlass org/jetbrains/kotlin/psi/stubs/KotlinTypeParameterStub
instanceKlass org/jetbrains/kotlin/psi/stubs/KotlinParameterStub
instanceKlass org/jetbrains/kotlin/psi/stubs/KotlinConstructorStub
instanceKlass org/jetbrains/kotlin/psi/KtAnonymousInitializer
instanceKlass org/jetbrains/kotlin/psi/stubs/KotlinPlaceHolderStub
instanceKlass org/jetbrains/kotlin/psi/stubs/KotlinObjectStub
instanceKlass org/jetbrains/kotlin/psi/stubs/KotlinTypeAliasStub
instanceKlass org/jetbrains/kotlin/psi/stubs/KotlinBackingFieldStub
instanceKlass org/jetbrains/kotlin/psi/stubs/KotlinPropertyAccessorStub
instanceKlass org/jetbrains/kotlin/psi/KtVariableDeclaration
instanceKlass org/jetbrains/kotlin/psi/KtValVarKeywordOwner
instanceKlass org/jetbrains/kotlin/psi/stubs/KotlinPropertyStub
instanceKlass org/jetbrains/kotlin/psi/stubs/KotlinFunctionStub
instanceKlass org/jetbrains/kotlin/psi/stubs/KotlinCallableStubBase
instanceKlass  @bci org/jetbrains/kotlin/psi/stubs/elements/KtStubElementType <init> (Ljava/lang/String;Ljava/lang/Class;Ljava/lang/Class;)V 125 <appendix> member <vmtarget> ; # org/jetbrains/kotlin/psi/stubs/elements/KtStubElementType$$Lambda+0x000000010038b810
instanceKlass org/jetbrains/kotlin/com/intellij/psi/impl/source/SubstrateRef
instanceKlass org/jetbrains/kotlin/psi/stubs/KotlinClassStub
instanceKlass org/jetbrains/kotlin/psi/stubs/KotlinClassOrObjectStub
instanceKlass org/jetbrains/kotlin/psi/stubs/KotlinStubWithFqName
instanceKlass org/jetbrains/kotlin/com/intellij/psi/stubs/NamedStub
instanceKlass org/jetbrains/kotlin/psi/stubs/KotlinClassifierStub
instanceKlass org/jetbrains/kotlin/psi/stubs/elements/KtStubElementTypes
instanceKlass org/jetbrains/kotlin/com/intellij/psi/tree/IReparseableElementTypeBase
instanceKlass org/jetbrains/kotlin/com/intellij/psi/tree/ICompositeElementType
instanceKlass org/jetbrains/kotlin/KtNodeTypes
instanceKlass org/jetbrains/kotlin/com/intellij/psi/tree/IReparseableLeafElementType
instanceKlass org/jetbrains/kotlin/com/intellij/psi/TokenType
instanceKlass org/jetbrains/kotlin/com/intellij/psi/tree/TokenSet
instanceKlass org/jetbrains/kotlin/com/intellij/lang/PsiParser
instanceKlass org/jetbrains/kotlin/kdoc/lexer/KDocTokens
instanceKlass org/jetbrains/kotlin/lexer/KtTokens
instanceKlass org/jetbrains/kotlin/resolve/calls/checkers/DeprecatedCallChecker
instanceKlass org/jetbrains/kotlin/resolve/checkers/TrailingCommaCallChecker
instanceKlass org/jetbrains/kotlin/resolve/calls/checkers/SafeCallChecker
instanceKlass org/jetbrains/kotlin/resolve/calls/checkers/SynchronizedByValueChecker
instanceKlass org/jetbrains/kotlin/resolve/calls/checkers/InlineCheckerWrapper
instanceKlass org/jetbrains/kotlin/resolve/calls/checkers/CapturingInClosureChecker
instanceKlass org/jetbrains/kotlin/resolve/checkers/StubForBuilderInferenceParameterTypeChecker
instanceKlass org/jetbrains/kotlin/resolve/checkers/ActualTypealiasToSpecialAnnotationChecker
instanceKlass org/jetbrains/kotlin/resolve/checkers/VolatileAnnotationChecker
instanceKlass org/jetbrains/kotlin/resolve/checkers/EnumEntriesRedeclarationChecker
instanceKlass org/jetbrains/kotlin/resolve/checkers/DataObjectContentChecker
instanceKlass org/jetbrains/kotlin/resolve/calls/checkers/UnsupportedUntilRangeDeclarationChecker
instanceKlass org/jetbrains/kotlin/resolve/checkers/CyclicAnnotationsChecker
instanceKlass org/jetbrains/kotlin/resolve/checkers/ValueParameterUsageInDefaultArgumentChecker
instanceKlass org/jetbrains/kotlin/resolve/checkers/SubtypingBetweenContextReceiversChecker
instanceKlass org/jetbrains/kotlin/resolve/checkers/ContextualDeclarationChecker
instanceKlass org/jetbrains/kotlin/resolve/checkers/EnumCompanionInEnumConstructorCallChecker
instanceKlass org/jetbrains/kotlin/psi/KtPureClassOrObject
instanceKlass org/jetbrains/kotlin/psi/KtClassLikeDeclaration
instanceKlass org/jetbrains/kotlin/resolve/checkers/SuspendFunctionAsSupertypeChecker
instanceKlass org/jetbrains/kotlin/resolve/checkers/SealedInterfaceAllowedChecker
instanceKlass org/jetbrains/kotlin/resolve/checkers/SealedInheritorInSameModuleChecker
instanceKlass org/jetbrains/kotlin/types/KotlinType
instanceKlass org/jetbrains/kotlin/resolve/checkers/SealedInheritorInSamePackageChecker
instanceKlass org/jetbrains/kotlin/resolve/checkers/PrivateInlineFunctionsReturningAnonymousObjectsChecker
instanceKlass org/jetbrains/kotlin/resolve/checkers/ContractDescriptionBlockChecker
instanceKlass org/jetbrains/kotlin/resolve/checkers/DeprecatedSinceKotlinAnnotationChecker
instanceKlass org/jetbrains/kotlin/resolve/checkers/DeprecationInheritanceChecker
instanceKlass org/jetbrains/kotlin/resolve/checkers/FunInterfaceDeclarationChecker
instanceKlass org/jetbrains/kotlin/resolve/checkers/MissingDependencySupertypeChecker$ForDeclarations
instanceKlass org/jetbrains/kotlin/psi/KtDeclarationWithInitializer
instanceKlass org/jetbrains/kotlin/resolve/checkers/TrailingCommaDeclarationChecker
instanceKlass org/jetbrains/kotlin/resolve/checkers/TailrecFunctionChecker
instanceKlass org/jetbrains/kotlin/resolve/checkers/ExplicitApiDeclarationChecker$Companion
instanceKlass org/jetbrains/kotlin/resolve/checkers/ExplicitApiDeclarationChecker
instanceKlass org/jetbrains/kotlin/resolve/checkers/LocalVariableTypeParametersChecker
instanceKlass org/jetbrains/kotlin/resolve/checkers/ResultClassInReturnTypeChecker
instanceKlass org/jetbrains/kotlin/resolve/checkers/ReservedMembersAndConstructsForValueClass$Companion
instanceKlass org/jetbrains/kotlin/resolve/checkers/ReservedMembersAndConstructsForValueClass
instanceKlass org/jetbrains/kotlin/resolve/checkers/AnnotationClassTargetAndRetentionChecker
instanceKlass org/jetbrains/kotlin/resolve/checkers/InnerClassInsideValueClass
instanceKlass org/jetbrains/kotlin/resolve/checkers/PropertiesWithBackingFieldsInsideValueClass
instanceKlass org/jetbrains/kotlin/resolve/checkers/MultiFieldValueClassAnnotationsChecker
instanceKlass org/jetbrains/kotlin/resolve/checkers/ValueClassDeclarationChecker
instanceKlass org/jetbrains/kotlin/util/OperatorNameConventions
instanceKlass org/jetbrains/kotlin/resolve/checkers/SuspendLimitationsChecker
instanceKlass org/jetbrains/kotlin/resolve/checkers/KClassWithIncorrectTypeArgumentChecker
instanceKlass org/jetbrains/kotlin/resolve/checkers/DelegationChecker
instanceKlass org/jetbrains/kotlin/resolve/checkers/DynamicReceiverChecker
instanceKlass org/jetbrains/kotlin/resolve/checkers/ReifiedTypeParameterAnnotationChecker
instanceKlass org/jetbrains/kotlin/resolve/RequireKotlinConstants
instanceKlass org/jetbrains/kotlin/resolve/AnnotationsKt
instanceKlass org/jetbrains/kotlin/resolve/checkers/KotlinVersionStringAnnotationValueChecker
instanceKlass org/jetbrains/kotlin/resolve/checkers/InfixModifierChecker
instanceKlass org/jetbrains/kotlin/psi/KtAnnotationsContainer
instanceKlass org/jetbrains/kotlin/descriptors/annotations/Annotated
instanceKlass org/jetbrains/kotlin/resolve/checkers/InlineParameterChecker
instanceKlass org/jetbrains/kotlin/resolve/checkers/UnderscoreChecker
instanceKlass org/jetbrains/kotlin/resolve/checkers/ConstModifierChecker
instanceKlass org/jetbrains/kotlin/psi/KtFunction
instanceKlass org/jetbrains/kotlin/psi/KtDeclarationWithBody
instanceKlass org/jetbrains/kotlin/psi/KtCallableDeclaration
instanceKlass org/jetbrains/kotlin/psi/KtTypeParameterListOwner
instanceKlass org/jetbrains/kotlin/psi/KtNamedDeclaration
instanceKlass org/jetbrains/kotlin/psi/KtStatementExpression
instanceKlass org/jetbrains/kotlin/psi/KtNamed
instanceKlass org/jetbrains/kotlin/psi/KtDeclaration
instanceKlass org/jetbrains/kotlin/psi/KtModifierListOwner
instanceKlass org/jetbrains/kotlin/psi/KtExpression
instanceKlass org/jetbrains/kotlin/com/intellij/psi/StubBasedPsiElement
instanceKlass org/jetbrains/kotlin/resolve/checkers/DataClassDeclarationChecker
instanceKlass org/jetbrains/kotlin/resolve/checkers/ExpectActualClassifiersAreInBetaChecker
instanceKlass org/jetbrains/kotlin/resolve/checkers/ActualClassifierMustHasTheSameMembersAsNonFinalExpectClassifierChecker
instanceKlass org/jetbrains/kotlin/resolve/checkers/ExpectActualInTheSameModuleChecker
instanceKlass org/jetbrains/kotlin/resolve/PlatformConfiguratorBaseKt
instanceKlass org/jetbrains/kotlin/container/ComponentRegistry
instanceKlass org/jetbrains/kotlin/container/ComponentStorage
instanceKlass org/jetbrains/kotlin/container/ValueResolver
instanceKlass  @bci org/jetbrains/kotlin/container/StorageComponentContainer <init> (Ljava/lang/String;Lorg/jetbrains/kotlin/container/StorageComponentContainer;)V 18 <appendix> member <vmtarget> ; # org/jetbrains/kotlin/container/StorageComponentContainer$$Lambda+0x0000000100350488
instanceKlass org/jetbrains/kotlin/container/ComponentResolveContext
instanceKlass org/jetbrains/kotlin/container/ValueResolveContext
instanceKlass org/jetbrains/kotlin/container/DslKt
instanceKlass  @bci org/jetbrains/kotlin/resolve/PlatformConfiguratorBase <init> (Lorg/jetbrains/kotlin/types/DynamicTypesSettings;Ljava/util/List;Ljava/util/List;Ljava/util/List;Ljava/util/List;Ljava/util/List;Ljava/util/List;Ljava/util/List;Lorg/jetbrains/kotlin/resolve/IdentifierChecker;Lorg/jetbrains/kotlin/resolve/OverloadFilter;Lorg/jetbrains/kotlin/builtins/PlatformToKotlinClassMapper;Lorg/jetbrains/kotlin/builtins/PlatformSpecificCastChecker;Lorg/jetbrains/kotlin/resolve/lazy/DelegationFilter;Lorg/jetbrains/kotlin/resolve/OverridesBackwardCompatibilityHelper;Lorg/jetbrains/kotlin/resolve/DeclarationReturnTypeSanitizer;)V 154 <appendix> member <vmtarget> ; # org/jetbrains/kotlin/resolve/PlatformConfiguratorBase$$Lambda+0x000000010034f8d0
instanceKlass org/jetbrains/kotlin/container/StorageComponentContainer
instanceKlass org/jetbrains/kotlin/container/ComponentProvider
instanceKlass org/jetbrains/kotlin/container/ComponentContainer
instanceKlass org/jetbrains/kotlin/resolve/PlatformConfiguratorBase
instanceKlass org/jetbrains/kotlin/resolve/PlatformConfigurator
instanceKlass  @bci org/jetbrains/kotlin/resolve/DefaultImportProvider <init> ()V 21 <appendix> member <vmtarget> ; # org/jetbrains/kotlin/resolve/DefaultImportProvider$$Lambda+0x000000010034e590
instanceKlass org/jetbrains/kotlin/resolve/DefaultImportProvider$DefaultImportsKey
instanceKlass org/jetbrains/kotlin/resolve/DefaultImportProvider
instanceKlass org/jetbrains/kotlin/fir/scopes/FirDefaultImportProviderHolder
instanceKlass org/jetbrains/kotlin/fir/scopes/impl/FirDelegatedMembersFilter
instanceKlass org/jetbrains/kotlin/fir/analysis/FirOverridesBackwardCompatibilityHelper
instanceKlass org/jetbrains/kotlin/fir/scopes/FirPlatformClassMapper
instanceKlass org/jetbrains/kotlin/fir/resolve/calls/overloads/ConeCallConflictResolverFactory
instanceKlass org/jetbrains/kotlin/fir/FirVisibilityChecker
instanceKlass org/jetbrains/kotlin/fir/session/FirSessionFactoryHelper
instanceKlass org/jetbrains/kotlin/fir/FirPlatformSpecificCastChecker
instanceKlass org/jetbrains/kotlin/fir/types/FirMissingDependencyStorage$cache$1
instanceKlass org/jetbrains/kotlin/fir/types/FirMissingDependencyStorage
instanceKlass org/jetbrains/kotlin/fir/analysis/checkers/expression/FirGenericArrayClassLiteralSupport$Disabled
instanceKlass org/jetbrains/kotlin/fir/analysis/checkers/expression/FirGenericArrayClassLiteralSupport
instanceKlass org/jetbrains/kotlin/fir/analysis/checkers/FirPrimaryConstructorSuperTypeCheckerPlatformComponent
instanceKlass  @bci org/jetbrains/kotlin/fir/declarations/FirAnnotationsPlatformSpecificSupportComponent <init> ()V 32 <appendix> member <vmtarget> ; # org/jetbrains/kotlin/fir/declarations/FirAnnotationsPlatformSpecificSupportComponent$$Lambda+0x000000010034ac68
instanceKlass  @bci org/jetbrains/kotlin/fir/declarations/FirAnnotationsPlatformSpecificSupportComponent <init> ()V 19 <appendix> member <vmtarget> ; # org/jetbrains/kotlin/fir/declarations/FirAnnotationsPlatformSpecificSupportComponent$$Lambda+0x000000010034aa10
instanceKlass  @bci org/jetbrains/kotlin/fir/declarations/FirAnnotationsPlatformSpecificSupportComponent <init> ()V 6 <appendix> member <vmtarget> ; # org/jetbrains/kotlin/fir/declarations/FirAnnotationsPlatformSpecificSupportComponent$$Lambda+0x000000010034a7b8
instanceKlass org/jetbrains/kotlin/fir/declarations/FirAnnotationsPlatformSpecificSupportComponent
instanceKlass org/jetbrains/kotlin/fir/resolve/calls/overloads/FirDeclarationOverloadabilityHelperImpl
instanceKlass org/jetbrains/kotlin/fir/declarations/FirDeclarationOverloadabilityHelper
instanceKlass org/jetbrains/kotlin/fir/scopes/impl/FirAbstractOverrideChecker
instanceKlass org/jetbrains/kotlin/fir/scopes/FirOverrideChecker
instanceKlass  @bci org/jetbrains/kotlin/fir/scopes/impl/FirEnumEntriesSupport <init> (Lorg/jetbrains/kotlin/fir/FirSession;)V 17 <appendix> member <vmtarget> ; # org/jetbrains/kotlin/fir/scopes/impl/FirEnumEntriesSupport$$Lambda+0x00000001003494c0
instanceKlass org/jetbrains/kotlin/fir/scopes/impl/FirEnumEntriesSupport
instanceKlass org/jetbrains/kotlin/fir/types/FirTypeUtilsKt
instanceKlass kotlin/jvm/internal/TypeIntrinsics
instanceKlass org/jetbrains/kotlin/fir/MutableOrEmptyList$Companion
instanceKlass org/jetbrains/kotlin/fir/MutableOrEmptyList
instanceKlass org/jetbrains/kotlin/fir/builder/FirBuilderDslKt
instanceKlass org/jetbrains/kotlin/fir/types/TypeUtilsKt
instanceKlass org/jetbrains/kotlin/fir/types/ConeDynamicType$Companion
instanceKlass org/jetbrains/kotlin/types/model/DynamicTypeMarker
instanceKlass org/jetbrains/kotlin/types/model/FlexibleTypeMarker
instanceKlass org/jetbrains/kotlin/fir/types/builder/FirResolvedTypeRefBuilder
instanceKlass org/jetbrains/kotlin/fir/builder/FirAnnotationContainerBuilder
instanceKlass org/jetbrains/kotlin/fir/scopes/impl/FirDynamicMembersStorage$special$$inlined$createCache$3
instanceKlass org/jetbrains/kotlin/fir/scopes/impl/FirDynamicMembersStorage$special$$inlined$createCache$2
instanceKlass org/jetbrains/kotlin/fir/scopes/impl/FirDynamicMembersStorage$special$$inlined$createCache$1
instanceKlass org/jetbrains/kotlin/fir/scopes/impl/FirDynamicMembersStorage
instanceKlass org/jetbrains/kotlin/fir/scopes/FirOverrideService
instanceKlass  @bci org/jetbrains/kotlin/fir/resolve/FirSamConstructorStorage <init> (Lorg/jetbrains/kotlin/fir/FirSession;)V 15 <appendix> argL0 ; # org/jetbrains/kotlin/fir/resolve/FirSamConstructorStorage$$Lambda+0x00000001003457a8
instanceKlass org/jetbrains/kotlin/mpp/SimpleFunctionSymbolMarker
instanceKlass org/jetbrains/kotlin/mpp/FunctionSymbolMarker
instanceKlass org/jetbrains/kotlin/mpp/CallableSymbolMarker
instanceKlass org/jetbrains/kotlin/fir/resolve/FirSamResolver
instanceKlass org/jetbrains/kotlin/fir/resolve/FirSamConstructorStorage
instanceKlass  @bci org/jetbrains/kotlin/fir/scopes/impl/FirGeneratedMemberDeclarationsStorage <init> (Lorg/jetbrains/kotlin/fir/FirSession;)V 49 <appendix> member <vmtarget> ; # org/jetbrains/kotlin/fir/scopes/impl/FirGeneratedMemberDeclarationsStorage$$Lambda+0x0000000100344308
instanceKlass org/jetbrains/kotlin/fir/scopes/impl/FirGeneratedMemberDeclarationsStorage$ClassifierStorage
instanceKlass  @bci org/jetbrains/kotlin/fir/scopes/impl/FirGeneratedMemberDeclarationsStorage <init> (Lorg/jetbrains/kotlin/fir/FirSession;)V 32 <appendix> member <vmtarget> ; # org/jetbrains/kotlin/fir/scopes/impl/FirGeneratedMemberDeclarationsStorage$$Lambda+0x0000000100343e70
instanceKlass org/jetbrains/kotlin/fir/scopes/impl/FirGeneratedMemberDeclarationsStorage$CallableStorage
instanceKlass org/jetbrains/kotlin/fir/scopes/impl/FirGeneratedMemberDeclarationsStorage$StorageContext
instanceKlass org/jetbrains/kotlin/fir/symbols/FirBasedSymbol
instanceKlass org/jetbrains/kotlin/mpp/ClassLikeSymbolMarker
instanceKlass org/jetbrains/kotlin/mpp/ClassifierSymbolMarker
instanceKlass org/jetbrains/kotlin/mpp/DeclarationSymbolMarker
instanceKlass org/jetbrains/kotlin/fir/scopes/impl/FirGeneratedMemberDeclarationsStorage
instanceKlass org/jetbrains/kotlin/fir/scopes/impl/FirSynthesizedStorage$special$$inlined$createCache$1
instanceKlass org/jetbrains/kotlin/fir/scopes/impl/FirSynthesizedStorage
instanceKlass org/jetbrains/kotlin/fir/scopes/impl/FirIntersectionOverrideStorage$special$$inlined$createCache$1
instanceKlass org/jetbrains/kotlin/fir/scopes/impl/FirIntersectionOverrideStorage
instanceKlass org/jetbrains/kotlin/fir/scopes/impl/FirSubstitutionOverrideStorage$special$$inlined$createCache$1
instanceKlass org/jetbrains/kotlin/fir/scopes/impl/FirSubstitutionOverrideStorage
instanceKlass org/jetbrains/kotlin/fir/resolve/FirDefaultParametersResolver
instanceKlass  @bci org/jetbrains/kotlin/fir/types/FirCorrespondingSupertypesCache <init> (Lorg/jetbrains/kotlin/fir/FirSession;)V 29 <appendix> member <vmtarget> ; # org/jetbrains/kotlin/fir/types/FirCorrespondingSupertypesCache$$Lambda+0x0000000100341070
instanceKlass org/jetbrains/kotlin/types/TypeCheckerState
instanceKlass org/jetbrains/kotlin/fir/types/FirCorrespondingSupertypesCache
instanceKlass org/jetbrains/kotlin/fir/scopes/impl/FirDeclaredMemberScopeProvider$nestedClassifierCache$1
instanceKlass  @bci org/jetbrains/kotlin/fir/scopes/impl/FirDeclaredMemberScopeProvider <init> (Lorg/jetbrains/kotlin/fir/FirSession;)V 24 <appendix> member <vmtarget> ; # org/jetbrains/kotlin/fir/scopes/impl/FirDeclaredMemberScopeProvider$$Lambda+0x0000000100340720
instanceKlass org/jetbrains/kotlin/fir/scopes/FirScope
instanceKlass org/jetbrains/kotlin/fir/scopes/impl/FirDeclaredMemberScopeProvider$DeclaredMemberScopeContext
instanceKlass org/jetbrains/kotlin/fir/expressions/FirStatement
instanceKlass org/jetbrains/kotlin/fir/declarations/FirTypeParameterRefsOwner
instanceKlass org/jetbrains/kotlin/fir/declarations/FirControlFlowGraphOwner
instanceKlass org/jetbrains/kotlin/fir/scopes/impl/FirDeclaredMemberScopeProvider
instanceKlass org/jetbrains/kotlin/fir/resolve/inference/InferenceComponents$ConstraintSystemFactory
instanceKlass org/jetbrains/kotlin/resolve/calls/inference/components/PostponedArgumentInputTypesResolver$Companion
instanceKlass org/jetbrains/kotlin/resolve/calls/inference/components/PostponedArgumentInputTypesResolver
instanceKlass org/jetbrains/kotlin/resolve/calls/inference/components/VariableFixationFinder
instanceKlass org/jetbrains/kotlin/resolve/calls/inference/components/ResultTypeResolver
instanceKlass org/jetbrains/kotlin/resolve/calls/inference/components/ConstraintInjector
instanceKlass org/jetbrains/kotlin/fir/resolve/inference/ConeConstraintSystemUtilContext
instanceKlass org/jetbrains/kotlin/resolve/calls/inference/components/ConstraintSystemUtilContext
instanceKlass org/jetbrains/kotlin/resolve/calls/inference/components/ConstraintIncorporator
instanceKlass org/jetbrains/kotlin/resolve/calls/inference/components/TrivialConstraintTypeInferenceOracle$Companion
instanceKlass org/jetbrains/kotlin/resolve/calls/inference/components/TrivialConstraintTypeInferenceOracle
instanceKlass org/jetbrains/kotlin/fir/types/TypeComponentsKt
instanceKlass org/jetbrains/kotlin/fir/resolve/inference/InferenceComponents
instanceKlass org/jetbrains/kotlin/fir/FirLanguageSettingsComponentKt
instanceKlass org/jetbrains/kotlin/types/AbstractTypeApproximator$Companion
instanceKlass org/jetbrains/kotlin/types/AbstractTypeApproximator
instanceKlass org/jetbrains/kotlin/fir/types/TypeComponents$typeContext$1
instanceKlass org/jetbrains/kotlin/fir/types/ConeInferenceContext
instanceKlass org/jetbrains/kotlin/types/model/TypeSystemInferenceExtensionContext
instanceKlass org/jetbrains/kotlin/types/model/TypeSystemCommonSuperTypesContext
instanceKlass org/jetbrains/kotlin/types/model/TypeSystemTypeFactoryContext
instanceKlass org/jetbrains/kotlin/types/model/TypeSystemBuiltInsContext
instanceKlass org/jetbrains/kotlin/fir/types/ConeTypeContext
instanceKlass org/jetbrains/kotlin/types/model/TypeCheckerProviderContext
instanceKlass org/jetbrains/kotlin/types/TypeSystemCommonBackendContext
instanceKlass org/jetbrains/kotlin/types/model/TypeSystemContext
instanceKlass org/jetbrains/kotlin/types/model/TypeSystemOptimizationContext
instanceKlass org/jetbrains/kotlin/fir/types/TypeComponents
instanceKlass org/jetbrains/kotlin/fir/FirLanguageSettingsComponent
instanceKlass org/jetbrains/kotlin/fir/extensions/predicate/PredicateVisitor
instanceKlass org/jetbrains/kotlin/fir/extensions/FirPredicateBasedProviderImpl$Cache
instanceKlass org/jetbrains/kotlin/fir/extensions/FirRegisteredPluginAnnotationsKt
instanceKlass org/jetbrains/kotlin/fir/extensions/FirPredicateBasedProvider
instanceKlass org/jetbrains/kotlin/fir/extensions/AbstractFirRegisteredPluginAnnotations$special$$inlined$createCache$1
instanceKlass org/jetbrains/kotlin/util/AbstractArrayMapOwner$AbstractArrayMapAccessor
instanceKlass org/jetbrains/kotlin/fir/caches/FirCachesFactoryKt
instanceKlass org/jetbrains/kotlin/fir/extensions/FirRegisteredPluginAnnotations
instanceKlass org/jetbrains/kotlin/fir/FirExceptionHandler
instanceKlass org/jetbrains/kotlin/fir/symbols/FirLazyDeclarationResolver
instanceKlass org/jetbrains/kotlin/fir/declarations/SealedClassInheritorsProvider
instanceKlass org/jetbrains/kotlin/fir/types/ConeNullability$Companion
instanceKlass org/jetbrains/kotlin/name/StandardClassIds$Annotations
instanceKlass  @bci org/jetbrains/kotlin/fir/util/ConeTypeRegistry customComputeIfAbsent (Ljava/util/concurrent/ConcurrentHashMap;Ljava/lang/String;Lkotlin/jvm/functions/Function1;)I 21 <appendix> member <vmtarget> ; # org/jetbrains/kotlin/fir/util/ConeTypeRegistry$$Lambda+0x000000010032cd50
instanceKlass  @bci org/jetbrains/kotlin/util/TypeRegistry getId (Ljava/lang/String;)I 13 <appendix> member <vmtarget> ; # org/jetbrains/kotlin/util/TypeRegistry$$Lambda+0x000000010032caf8
instanceKlass org/jetbrains/kotlin/fir/types/CompilerConeAttributes
instanceKlass org/jetbrains/kotlin/fir/types/ConeAttribute
instanceKlass org/jetbrains/kotlin/types/model/AnnotationMarker
instanceKlass org/jetbrains/kotlin/fir/symbols/ConeClassifierLookupTag
instanceKlass org/jetbrains/kotlin/types/model/TypeConstructorMarker
instanceKlass org/jetbrains/kotlin/fir/types/TypeConstructionUtilsKt
instanceKlass org/jetbrains/kotlin/fir/types/ConeTypeProjection$Companion
instanceKlass org/jetbrains/kotlin/types/model/TypeArgumentListMarker
instanceKlass org/jetbrains/kotlin/types/model/SimpleTypeMarker
instanceKlass org/jetbrains/kotlin/types/model/KotlinTypeMarker
instanceKlass org/jetbrains/kotlin/fir/types/ConeTypeProjection
instanceKlass org/jetbrains/kotlin/types/model/TypeArgumentMarker
instanceKlass org/jetbrains/kotlin/name/StandardClassIdsKt
instanceKlass org/jetbrains/kotlin/name/StandardClassIds
instanceKlass org/jetbrains/kotlin/fir/FirPureAbstractElement
instanceKlass org/jetbrains/kotlin/fir/FirAnnotationContainer
instanceKlass org/jetbrains/kotlin/fir/FirElement
instanceKlass org/jetbrains/kotlin/mpp/TypeRefMarker
instanceKlass org/jetbrains/kotlin/fir/BuiltinTypes
instanceKlass org/jetbrains/kotlin/util/ArrayMapImpl$Companion
instanceKlass  @bci org/jetbrains/kotlin/fir/resolve/calls/tower/ScopeTowerLevel processPropertiesByName (Lorg/jetbrains/kotlin/fir/resolve/calls/candidate/CallInfo;Lorg/jetbrains/kotlin/fir/resolve/calls/tower/TowerScopeLevel$TowerScopeLevelProcessor;)Lorg/jetbrains/kotlin/fir/resolve/calls/tower/ProcessResult; 77 <appendix> form vmentry <vmtarget> ; # java/lang/invoke/LambdaForm$DMH+0x0000000100324800
instanceKlass  @bci org/jetbrains/kotlin/fir/session/FirJvmSessionFactory createLibrarySession (Lorg/jetbrains/kotlin/name/Name;Lorg/jetbrains/kotlin/fir/java/FirProjectSessionProvider;Lorg/jetbrains/kotlin/fir/deserialization/ModuleDataProvider;Lorg/jetbrains/kotlin/fir/session/environment/AbstractProjectEnvironment;Ljava/util/List;Lorg/jetbrains/kotlin/fir/session/environment/AbstractProjectFileSearchScope;Lorg/jetbrains/kotlin/load/kotlin/PackagePartProvider;Lorg/jetbrains/kotlin/config/LanguageVersionSettings;Lorg/jetbrains/kotlin/fir/session/FirSharableJavaComponents;Lkotlin/jvm/functions/Function1;)Lorg/jetbrains/kotlin/fir/FirSession; 93 <appendix> member <vmtarget> ; # org/jetbrains/kotlin/fir/session/FirJvmSessionFactory$$Lambda+0x0000000100327378
instanceKlass org/jetbrains/kotlin/fir/resolve/providers/FirSymbolProvider
instanceKlass  @bci org/jetbrains/kotlin/fir/session/FirJvmSessionFactory createLibrarySession (Lorg/jetbrains/kotlin/name/Name;Lorg/jetbrains/kotlin/fir/java/FirProjectSessionProvider;Lorg/jetbrains/kotlin/fir/deserialization/ModuleDataProvider;Lorg/jetbrains/kotlin/fir/session/environment/AbstractProjectEnvironment;Ljava/util/List;Lorg/jetbrains/kotlin/fir/session/environment/AbstractProjectFileSearchScope;Lorg/jetbrains/kotlin/load/kotlin/PackagePartProvider;Lorg/jetbrains/kotlin/config/LanguageVersionSettings;Lorg/jetbrains/kotlin/fir/session/FirSharableJavaComponents;Lkotlin/jvm/functions/Function1;)Lorg/jetbrains/kotlin/fir/FirSession; 79 <appendix> argL0 ; # org/jetbrains/kotlin/fir/session/FirJvmSessionFactory$$Lambda+0x0000000100326960
instanceKlass org/jetbrains/kotlin/fir/scopes/FirScopeProvider
instanceKlass  @bci org/jetbrains/kotlin/fir/session/FirJvmSessionFactory createLibrarySession (Lorg/jetbrains/kotlin/name/Name;Lorg/jetbrains/kotlin/fir/java/FirProjectSessionProvider;Lorg/jetbrains/kotlin/fir/deserialization/ModuleDataProvider;Lorg/jetbrains/kotlin/fir/session/environment/AbstractProjectEnvironment;Ljava/util/List;Lorg/jetbrains/kotlin/fir/session/environment/AbstractProjectFileSearchScope;Lorg/jetbrains/kotlin/load/kotlin/PackagePartProvider;Lorg/jetbrains/kotlin/config/LanguageVersionSettings;Lorg/jetbrains/kotlin/fir/session/FirSharableJavaComponents;Lkotlin/jvm/functions/Function1;)Lorg/jetbrains/kotlin/fir/FirSession; 74 <appendix> member <vmtarget> ; # org/jetbrains/kotlin/fir/session/FirJvmSessionFactory$$Lambda+0x0000000100326250
instanceKlass  @bci org/jetbrains/kotlin/cli/common/FirSessionConstructionUtilsKt prepareJvmSessions (Ljava/util/List;Lorg/jetbrains/kotlin/config/CompilerConfiguration;Lorg/jetbrains/kotlin/fir/session/environment/AbstractProjectEnvironment;Lorg/jetbrains/kotlin/name/Name;Ljava/util/List;Lorg/jetbrains/kotlin/fir/session/environment/AbstractProjectFileSearchScope;Lorg/jetbrains/kotlin/fir/DependencyListForCliModule;Lkotlin/jvm/functions/Function1;Lkotlin/jvm/functions/Function1;Lkotlin/jvm/functions/Function2;Lkotlin/jvm/functions/Function1;)Ljava/util/List; 330 <appendix> argL0 ; # org/jetbrains/kotlin/cli/common/FirSessionConstructionUtilsKt$$Lambda+0x0000000100326000
# instanceKlass java/lang/invoke/LambdaForm$MH+0x0000000100324400
instanceKlass org/jetbrains/kotlin/protobuf/SmallSortedMap$Entry
instanceKlass org/jetbrains/kotlin/protobuf/FieldSet$1
instanceKlass org/jetbrains/kotlin/metadata/ProtoBuf$Annotation$ArgumentOrBuilder
instanceKlass org/jetbrains/kotlin/protobuf/AbstractMessageLite$Builder
instanceKlass org/jetbrains/kotlin/protobuf/GeneratedMessageLite$1
instanceKlass org/jetbrains/kotlin/metadata/ProtoBuf$QualifiedNameTable$QualifiedName$Kind$1
instanceKlass org/jetbrains/kotlin/metadata/ProtoBuf$QualifiedNameTable$QualifiedNameOrBuilder
# instanceKlass java/lang/invoke/LambdaForm$MH+0x0000000100324000
instanceKlass org/jetbrains/kotlin/load/kotlin/JvmPackagePartProviderBase$ModuleMappingInfo
instanceKlass org/jetbrains/kotlin/metadata/jvm/deserialization/ModuleMappingKt
instanceKlass org/jetbrains/kotlin/protobuf/UnmodifiableLazyStringList$2
instanceKlass org/jetbrains/kotlin/metadata/jvm/deserialization/PackageParts
instanceKlass org/jetbrains/kotlin/protobuf/Utf8
instanceKlass org/jetbrains/kotlin/metadata/jvm/JvmModuleProtoBuf$PackagePartsOrBuilder
instanceKlass org/jetbrains/kotlin/protobuf/WireFormat
instanceKlass org/jetbrains/kotlin/protobuf/CodedOutputStream
instanceKlass org/jetbrains/kotlin/protobuf/CodedInputStream
instanceKlass org/jetbrains/kotlin/metadata/jvm/JvmModuleProtoBuf$ModuleOrBuilder
instanceKlass org/jetbrains/kotlin/protobuf/ExtensionRegistryLite$ObjectIntPair
instanceKlass org/jetbrains/kotlin/metadata/ProtoBuf$TypeParameter$Variance$1
instanceKlass org/jetbrains/kotlin/metadata/ProtoBuf$TypeParameterOrBuilder
instanceKlass org/jetbrains/kotlin/metadata/ProtoBuf$EnumEntryOrBuilder
instanceKlass org/jetbrains/kotlin/metadata/ProtoBuf$Annotation$Argument$Value$Type$1
instanceKlass org/jetbrains/kotlin/metadata/ProtoBuf$Annotation$Argument$ValueOrBuilder
instanceKlass org/jetbrains/kotlin/metadata/ProtoBuf$ValueParameterOrBuilder
instanceKlass org/jetbrains/kotlin/metadata/ProtoBuf$PropertyOrBuilder
instanceKlass org/jetbrains/kotlin/metadata/ProtoBuf$ContractOrBuilder
instanceKlass org/jetbrains/kotlin/metadata/ProtoBuf$FunctionOrBuilder
instanceKlass org/jetbrains/kotlin/metadata/ProtoBuf$ConstructorOrBuilder
instanceKlass org/jetbrains/kotlin/metadata/ProtoBuf$AnnotationOrBuilder
instanceKlass org/jetbrains/kotlin/metadata/ProtoBuf$TypeOrBuilder
instanceKlass org/jetbrains/kotlin/metadata/ProtoBuf$ClassOrBuilder
instanceKlass org/jetbrains/kotlin/protobuf/GeneratedMessageLite$ExtensionDescriptor
instanceKlass org/jetbrains/kotlin/protobuf/GeneratedMessageLite$GeneratedExtension
instanceKlass java/lang/Long$LongCache
instanceKlass org/jetbrains/kotlin/metadata/ProtoBuf$VersionRequirementTableOrBuilder
instanceKlass org/jetbrains/kotlin/metadata/ProtoBuf$TypeTableOrBuilder
instanceKlass org/jetbrains/kotlin/protobuf/SmallSortedMap$EmptySet$2
instanceKlass org/jetbrains/kotlin/protobuf/SmallSortedMap$EmptySet$1
instanceKlass org/jetbrains/kotlin/protobuf/SmallSortedMap$EmptySet
instanceKlass org/jetbrains/kotlin/protobuf/LazyFieldLite
instanceKlass org/jetbrains/kotlin/protobuf/FieldSet
instanceKlass org/jetbrains/kotlin/metadata/ProtoBuf$PackageOrBuilder
instanceKlass org/jetbrains/kotlin/protobuf/GeneratedMessageLite$ExtendableMessageOrBuilder
instanceKlass org/jetbrains/kotlin/metadata/builtins/BuiltInsProtoBuf
instanceKlass org/jetbrains/kotlin/metadata/deserialization/VersionSpecificBehaviorKt
instanceKlass jdk/internal/util/ByteArray
instanceKlass org/jetbrains/kotlin/utils/MetadataHelpersKt
instanceKlass org/jetbrains/kotlin/utils/DeserializationHelpersKt
instanceKlass org/jetbrains/kotlin/load/kotlin/ModuleMappingUtilKt
instanceKlass  @bci org/jetbrains/kotlin/cli/jvm/compiler/JvmPackagePartProviderKt tryLoadModuleMapping (Lkotlin/jvm/functions/Function0;Ljava/lang/String;Ljava/lang/String;Lorg/jetbrains/kotlin/resolve/CompilerDeserializationConfiguration;Lorg/jetbrains/kotlin/cli/common/messages/MessageCollector;)Lorg/jetbrains/kotlin/metadata/jvm/deserialization/ModuleMapping; 52 <appendix> member <vmtarget> ; # org/jetbrains/kotlin/cli/jvm/compiler/JvmPackagePartProviderKt$$Lambda+0x000000010030e908
instanceKlass org/jetbrains/kotlin/com/intellij/util/containers/ShareableKey
instanceKlass org/jetbrains/kotlin/com/intellij/util/io/ResourceHandle
instanceKlass org/jetbrains/kotlin/metadata/ProtoBuf$QualifiedNameTableOrBuilder
instanceKlass org/jetbrains/kotlin/protobuf/ByteString$ByteIterator
instanceKlass org/jetbrains/kotlin/protobuf/ByteString
instanceKlass org/jetbrains/kotlin/protobuf/ExtensionRegistryLite
instanceKlass org/jetbrains/kotlin/protobuf/AbstractParser
instanceKlass org/jetbrains/kotlin/protobuf/MessageLite$Builder
instanceKlass org/jetbrains/kotlin/protobuf/Parser
instanceKlass org/jetbrains/kotlin/protobuf/LazyStringList
instanceKlass org/jetbrains/kotlin/protobuf/ProtocolStringList
instanceKlass org/jetbrains/kotlin/protobuf/FieldSet$FieldDescriptorLite
instanceKlass org/jetbrains/kotlin/protobuf/AbstractMessageLite
instanceKlass org/jetbrains/kotlin/protobuf/MessageLite
instanceKlass org/jetbrains/kotlin/metadata/ProtoBuf$StringTableOrBuilder
instanceKlass org/jetbrains/kotlin/protobuf/MessageLiteOrBuilder
instanceKlass org/jetbrains/kotlin/metadata/deserialization/NameResolverImpl
instanceKlass org/jetbrains/kotlin/metadata/deserialization/NameResolver
instanceKlass org/jetbrains/kotlin/metadata/jvm/deserialization/BinaryModuleData
instanceKlass org/jetbrains/kotlin/metadata/jvm/deserialization/JvmMetadataVersion$Companion
instanceKlass org/jetbrains/kotlin/metadata/deserialization/BinaryVersion$Companion
instanceKlass org/jetbrains/kotlin/metadata/deserialization/BinaryVersion
instanceKlass org/jetbrains/kotlin/metadata/jvm/deserialization/ModuleMapping$Companion
instanceKlass org/jetbrains/kotlin/metadata/jvm/deserialization/ModuleMapping
instanceKlass org/jetbrains/kotlin/cli/jvm/compiler/JvmPackagePartProviderKt
instanceKlass  @bci org/jetbrains/kotlin/cli/jvm/compiler/JvmPackagePartProvider addRoots (Ljava/util/List;Lorg/jetbrains/kotlin/cli/common/messages/MessageCollector;)V 146 <appendix> member <vmtarget> ; # org/jetbrains/kotlin/cli/jvm/compiler/JvmPackagePartProvider$$Lambda+0x00000001003071c8
instanceKlass  @bci org/jetbrains/kotlin/com/intellij/openapi/vfs/VfsUtilCore <clinit> ()V 8 <appendix> argL0 ; # org/jetbrains/kotlin/com/intellij/openapi/vfs/VfsUtilCore$$Lambda+0x0000000100306f78
instanceKlass org/jetbrains/kotlin/com/intellij/openapi/vfs/VirtualFileVisitor
instanceKlass org/jetbrains/kotlin/com/intellij/openapi/vfs/VfsUtilCore
instanceKlass sun/net/www/protocol/jar/JarFileFactory
instanceKlass sun/net/www/protocol/jar/URLJarFile$URLJarFileCloseController
instanceKlass org/jetbrains/kotlin/config/KotlinCompilerVersion
instanceKlass org/jetbrains/kotlin/resolve/CompilerDeserializationConfiguration
instanceKlass org/jetbrains/kotlin/serialization/deserialization/DeserializationConfiguration
instanceKlass  @bci org/jetbrains/kotlin/load/kotlin/JvmPackagePartProviderBase <init> ()V 6 <appendix> member <vmtarget> ; # org/jetbrains/kotlin/load/kotlin/JvmPackagePartProviderBase$$Lambda+0x0000000100305450
instanceKlass org/jetbrains/kotlin/load/kotlin/JvmPackagePartProviderBase$Companion
instanceKlass org/jetbrains/kotlin/load/kotlin/JvmPackagePartProviderBase
instanceKlass org/jetbrains/kotlin/load/kotlin/PackageAndMetadataPartProvider
instanceKlass org/jetbrains/kotlin/serialization/deserialization/MetadataPartProvider
instanceKlass org/jetbrains/kotlin/fir/session/environment/AbstractProjectFileSearchScope$ANY
instanceKlass org/jetbrains/kotlin/fir/session/environment/AbstractProjectFileSearchScope$EMPTY
instanceKlass org/jetbrains/kotlin/cli/jvm/compiler/VfsBasedProjectEnvironmentKt
instanceKlass org/jetbrains/kotlin/fir/session/FirAbstractSessionFactory
instanceKlass org/jetbrains/kotlin/fir/FirSessionProvider
instanceKlass org/jetbrains/kotlin/config/LanguageFeature$Companion
instanceKlass kotlin/jvm/internal/Ref$ObjectRef
instanceKlass org/jetbrains/kotlin/fir/scopes/jvm/JvmMappedScope$FirMappedSymbolStorage$special$$inlined$createCache$1
instanceKlass org/jetbrains/kotlin/fir/scopes/jvm/JvmMappedScope$FirMappedSymbolStorage
instanceKlass org/jetbrains/kotlin/fir/caches/NullableMap
instanceKlass org/jetbrains/kotlin/fir/caches/FirCache
instanceKlass org/jetbrains/kotlin/fir/java/enhancement/FirEnhancedSymbolsStorage$special$$inlined$createCache$1
instanceKlass org/jetbrains/kotlin/fir/java/enhancement/FirEnhancedSymbolsStorage
instanceKlass org/jetbrains/kotlin/fir/caches/FirCachesFactory
instanceKlass org/jetbrains/kotlin/fir/session/ComponentsContainersKt
instanceKlass org/jetbrains/kotlin/fir/session/FirSharableJavaComponents
instanceKlass  @bci org/jetbrains/kotlin/cli/jvm/compiler/pipeline/JvmCompilerPipelineKt compileModuleToAnalyzedFir (Lorg/jetbrains/kotlin/cli/jvm/compiler/pipeline/ModuleCompilerInput;Lorg/jetbrains/kotlin/cli/jvm/compiler/VfsBasedProjectEnvironment;Ljava/util/List;Lorg/jetbrains/kotlin/fir/session/environment/AbstractProjectFileSearchScope;Lorg/jetbrains/kotlin/diagnostics/impl/BaseDiagnosticsCollector;)Lorg/jetbrains/kotlin/fir/pipeline/FirResult; 277 <appendix> member <vmtarget> ; # org/jetbrains/kotlin/cli/jvm/compiler/pipeline/JvmCompilerPipelineKt$$Lambda+0x00000001003006e8
instanceKlass org/jetbrains/kotlin/fir/session/IncrementalCompilationContext
instanceKlass  @bci org/jetbrains/kotlin/cli/common/FirSessionConstructionUtilsKt getFileBelongsToModuleForLt (Lorg/jetbrains/kotlin/cli/common/GroupedKtSources;)Lkotlin/jvm/functions/Function2; 7 <appendix> member <vmtarget> ; # org/jetbrains/kotlin/cli/common/FirSessionConstructionUtilsKt$$Lambda+0x0000000100300250
instanceKlass  @bci org/jetbrains/kotlin/cli/jvm/compiler/pipeline/JvmCompilerPipelineKt compileModuleToAnalyzedFir (Lorg/jetbrains/kotlin/cli/jvm/compiler/pipeline/ModuleCompilerInput;Lorg/jetbrains/kotlin/cli/jvm/compiler/VfsBasedProjectEnvironment;Ljava/util/List;Lorg/jetbrains/kotlin/fir/session/environment/AbstractProjectFileSearchScope;Lorg/jetbrains/kotlin/diagnostics/impl/BaseDiagnosticsCollector;)Lorg/jetbrains/kotlin/fir/pipeline/FirResult; 259 <appendix> argL0 ; # org/jetbrains/kotlin/cli/jvm/compiler/pipeline/JvmCompilerPipelineKt$$Lambda+0x0000000100300000
instanceKlass  @bci org/jetbrains/kotlin/cli/common/FirSessionConstructionUtilsKt isCommonSourceForLt (Lorg/jetbrains/kotlin/cli/common/GroupedKtSources;)Lkotlin/jvm/functions/Function1; 7 <appendix> member <vmtarget> ; # org/jetbrains/kotlin/cli/common/FirSessionConstructionUtilsKt$$Lambda+0x00000001002ffbf0
instanceKlass  @bci org/jetbrains/kotlin/cli/common/FirSessionConstructionUtilsKt <clinit> ()V 8 <appendix> argL0 ; # org/jetbrains/kotlin/cli/common/FirSessionConstructionUtilsKt$$Lambda+0x00000001002ff9a0
instanceKlass  @bci org/jetbrains/kotlin/cli/common/FirSessionConstructionUtilsKt <clinit> ()V 0 <appendix> argL0 ; # org/jetbrains/kotlin/cli/common/FirSessionConstructionUtilsKt$$Lambda+0x00000001002ff750
instanceKlass org/jetbrains/kotlin/psi/KtDeclarationContainer
instanceKlass org/jetbrains/kotlin/psi/KtAnnotated
instanceKlass org/jetbrains/kotlin/psi/KtElement
instanceKlass org/jetbrains/kotlin/psi/KtPureElement
instanceKlass org/jetbrains/kotlin/com/intellij/psi/PsiClassOwner
instanceKlass org/jetbrains/kotlin/cli/common/FirSessionConstructionUtilsKt
instanceKlass org/jetbrains/kotlin/fir/deserialization/ModuleDataProvider
instanceKlass org/jetbrains/kotlin/fir/deserialization/LibraryPathFilter
instanceKlass org/jetbrains/kotlin/cli/jvm/config/JvmModulePathRoot
instanceKlass kotlin/collections/MapWithDefault
instanceKlass org/jetbrains/kotlin/fir/DependencyListForCliModule$Builder
instanceKlass org/jetbrains/kotlin/fir/DependencyListForCliModule$Companion
instanceKlass org/jetbrains/kotlin/fir/DependencyListForCliModule
instanceKlass org/jetbrains/kotlin/container/DataStructuresKt
instanceKlass  @bci org/jetbrains/kotlin/fir/FirModuleDataImpl <init> (Lorg/jetbrains/kotlin/name/Name;Ljava/util/List;Ljava/util/List;Ljava/util/List;Lorg/jetbrains/kotlin/platform/TargetPlatform;Lorg/jetbrains/kotlin/fir/FirModuleCapabilities;Z)V 91 <appendix> argL0 ; # org/jetbrains/kotlin/fir/FirModuleDataImpl$$Lambda+0x00000001002f4d18
instanceKlass org/jetbrains/kotlin/fir/FirModuleData
instanceKlass org/jetbrains/kotlin/util/ArrayMap
instanceKlass org/jetbrains/kotlin/util/TypeRegistry
instanceKlass org/jetbrains/kotlin/util/AbstractArrayMapOwner
instanceKlass org/jetbrains/kotlin/fir/BinaryModuleData$Companion
instanceKlass org/jetbrains/kotlin/fir/BinaryModuleData
instanceKlass org/jetbrains/kotlin/com/intellij/diagnostic/Activity
instanceKlass org/jetbrains/kotlin/com/intellij/diagnostic/StartUpMeasurer
instanceKlass org/jetbrains/kotlin/com/intellij/util/keyFMap/PairElementsFMap
instanceKlass org/jetbrains/kotlin/cli/jvm/compiler/PsiBasedProjectFileSearchScope
instanceKlass org/jetbrains/kotlin/fir/session/environment/AbstractProjectFileSearchScope
instanceKlass org/jetbrains/kotlin/diagnostics/DiagnosticReporter
instanceKlass  @bci org/jetbrains/kotlin/cli/jvm/compiler/FirKotlinToJvmBytecodeCompiler createPendingReporter (Lorg/jetbrains/kotlin/cli/common/messages/MessageCollector;)Lorg/jetbrains/kotlin/diagnostics/impl/PendingDiagnosticsCollectorWithSuppress; 10 <appendix> member <vmtarget> ; # org/jetbrains/kotlin/cli/jvm/compiler/FirKotlinToJvmBytecodeCompiler$$Lambda+0x00000001002f33e0
instanceKlass  @cpi org/jetbrains/kotlin/cli/jvm/compiler/FirKotlinToJvmBytecodeCompiler 552 form vmentry <vmtarget> ; # java/lang/invoke/LambdaForm$DMH+0x00000001002f4000
instanceKlass org/jetbrains/kotlin/diagnostics/DiagnosticReporterFactory
instanceKlass org/jetbrains/kotlin/resolve/konan/platform/KonanPlatform
instanceKlass org/jetbrains/kotlin/konan/target/KonanTarget$Companion
instanceKlass org/jetbrains/kotlin/konan/target/KonanTarget
instanceKlass org/jetbrains/kotlin/konan/util/Named
instanceKlass org/jetbrains/kotlin/platform/konan/NativePlatforms
instanceKlass org/jetbrains/kotlin/platform/wasm/WasmTarget$Companion
instanceKlass org/jetbrains/kotlin/platform/wasm/WasmPlatforms
instanceKlass org/jetbrains/kotlin/js/resolve/JsPlatform
instanceKlass org/jetbrains/kotlin/platform/js/JsPlatforms
instanceKlass org/jetbrains/kotlin/resolve/jvm/platform/JvmPlatform
instanceKlass org/jetbrains/kotlin/platform/TargetPlatformKt
instanceKlass org/jetbrains/kotlin/platform/TargetPlatformVersion$NoVersion
instanceKlass org/jetbrains/kotlin/platform/jvm/JvmPlatforms
instanceKlass org/jetbrains/kotlin/platform/SimplePlatform
instanceKlass org/jetbrains/kotlin/platform/TargetPlatform
instanceKlass org/jetbrains/kotlin/analyzer/common/CommonPlatform
instanceKlass org/jetbrains/kotlin/resolve/TargetPlatform
instanceKlass org/jetbrains/kotlin/platform/CommonPlatforms
instanceKlass org/jetbrains/kotlin/modules/TargetId
instanceKlass org/jetbrains/kotlin/modules/TargetIdKt
instanceKlass org/jetbrains/kotlin/cli/jvm/compiler/pipeline/ModuleCompilerInput
instanceKlass org/jetbrains/kotlin/cli/common/GroupedKtSources
instanceKlass org/jetbrains/kotlin/com/intellij/openapi/util/io/FileUtil$2
instanceKlass org/jetbrains/kotlin/com/intellij/openapi/util/io/FileUtil$1
instanceKlass org/jetbrains/kotlin/com/intellij/openapi/util/io/FileUtilRt$SymlinkResolver
instanceKlass gnu/trove/TObjectHashingStrategy
instanceKlass gnu/trove/Equality
instanceKlass org/jetbrains/kotlin/KtVirtualFileSourceFile
instanceKlass kotlin/io/FileTreeWalk$WalkState
instanceKlass kotlin/collections/AbstractIterator
instanceKlass kotlin/io/FileTreeWalk
instanceKlass org/jetbrains/kotlin/com/intellij/openapi/util/io/NioFiles$1
instanceKlass org/jetbrains/kotlin/com/intellij/openapi/util/io/NioFiles
instanceKlass kotlin/io/FilePathComponents
instanceKlass  @bci org/jetbrains/kotlin/extensions/PreprocessedFileCreator <init> (Lorg/jetbrains/kotlin/com/intellij/openapi/project/Project;)V 17 <appendix> member <vmtarget> ; # org/jetbrains/kotlin/extensions/PreprocessedFileCreator$$Lambda+0x00000001002e4940
instanceKlass org/jetbrains/kotlin/extensions/PreprocessedFileCreator
instanceKlass  @bci org/jetbrains/kotlin/cli/common/GroupedKtSourcesKt collectSources (Lorg/jetbrains/kotlin/config/CompilerConfiguration;Lorg/jetbrains/kotlin/com/intellij/openapi/project/Project;Lorg/jetbrains/kotlin/cli/common/messages/MessageCollector;)Lorg/jetbrains/kotlin/cli/common/GroupedKtSources; 106 <adapter> ; # java/lang/invoke/LambdaForm$MH+0x00000001002e8c00
# instanceKlass java/lang/invoke/LambdaForm$DMH+0x00000001002e8800
instanceKlass  @bci org/jetbrains/kotlin/cli/common/GroupedKtSourcesKt collectSources (Lorg/jetbrains/kotlin/config/CompilerConfiguration;Lorg/jetbrains/kotlin/com/intellij/openapi/project/Project;Lorg/jetbrains/kotlin/cli/common/messages/MessageCollector;)Lorg/jetbrains/kotlin/cli/common/GroupedKtSources; 106 <appendix> form vmentry <vmtarget> ; # java/lang/invoke/LambdaForm$DMH+0x00000001002e8400
instanceKlass  @bci org/jetbrains/kotlin/cli/common/GroupedKtSourcesKt collectSources (Lorg/jetbrains/kotlin/config/CompilerConfiguration;Lorg/jetbrains/kotlin/com/intellij/openapi/project/Project;Lorg/jetbrains/kotlin/cli/common/messages/MessageCollector;)Lorg/jetbrains/kotlin/cli/common/GroupedKtSources; 106 <appendix> member <vmtarget> ; # org/jetbrains/kotlin/cli/common/GroupedKtSourcesKt$$Lambda+0x00000001002e4280
instanceKlass  @cpi org/jetbrains/kotlin/cli/common/GroupedKtSourcesKt 106 form vmentry <vmtarget> ; # java/lang/invoke/LambdaForm$DMH+0x00000001002e8000
instanceKlass kotlin/jvm/internal/Ref$BooleanRef
instanceKlass  @bci org/jetbrains/kotlin/cli/common/GroupedKtSourcesKt <clinit> ()V 0 <appendix> argL0 ; # org/jetbrains/kotlin/cli/common/GroupedKtSourcesKt$$Lambda+0x00000001002e3d80
instanceKlass org/jetbrains/kotlin/KtSourceFile
instanceKlass org/jetbrains/kotlin/cli/common/GroupedKtSourcesKt
instanceKlass org/jetbrains/kotlin/cli/jvm/compiler/CoreEnvironmentUtilsKt
instanceKlass org/jetbrains/kotlin/cli/jvm/compiler/FirKotlinToJvmBytecodeCompiler
instanceKlass org/jetbrains/kotlin/cli/jvm/index/SingleJavaFileRootsIndex
instanceKlass  @bci org/jetbrains/kotlin/cli/jvm/compiler/pipeline/JvmCompilerPipelineKt createProjectEnvironment (Lorg/jetbrains/kotlin/config/CompilerConfiguration;Lorg/jetbrains/kotlin/com/intellij/openapi/Disposable;Lorg/jetbrains/kotlin/cli/jvm/compiler/EnvironmentConfigFiles;Lorg/jetbrains/kotlin/cli/common/messages/MessageCollector;)Lorg/jetbrains/kotlin/cli/jvm/compiler/VfsBasedProjectEnvironment; 903 <appendix> member <vmtarget> ; # org/jetbrains/kotlin/cli/jvm/compiler/pipeline/JvmCompilerPipelineKt$$Lambda+0x00000001002e25f8
instanceKlass org/jetbrains/kotlin/load/kotlin/PackagePartProvider
instanceKlass org/jetbrains/kotlin/cli/jvm/compiler/VfsBasedProjectEnvironment
instanceKlass org/jetbrains/kotlin/fir/session/environment/AbstractProjectEnvironment
instanceKlass org/jetbrains/kotlin/cli/jvm/compiler/JavaLanguageLevelKt$EntriesMappings
instanceKlass org/jetbrains/kotlin/cli/jvm/compiler/JavaLanguageLevelKt
instanceKlass org/jetbrains/kotlin/cli/jvm/compiler/CliVirtualFileFinderFactory
instanceKlass org/jetbrains/kotlin/load/kotlin/VirtualFileFinderFactory
instanceKlass org/jetbrains/kotlin/load/kotlin/MetadataFinderFactory
instanceKlass  @bci org/jetbrains/kotlin/cli/jvm/modules/CliJavaModuleResolver <init> (Lorg/jetbrains/kotlin/cli/jvm/modules/JavaModuleGraph;Ljava/util/List;Ljava/util/List;Lorg/jetbrains/kotlin/com/intellij/openapi/project/Project;)V 217 <appendix> member <vmtarget> ; # org/jetbrains/kotlin/cli/jvm/modules/CliJavaModuleResolver$$Lambda+0x00000001002e0e00
instanceKlass org/jetbrains/kotlin/load/kotlin/VirtualFileFinder
instanceKlass org/jetbrains/kotlin/load/kotlin/KotlinClassFinder
instanceKlass org/jetbrains/kotlin/serialization/deserialization/KotlinMetadataFinder
instanceKlass org/jetbrains/kotlin/cli/jvm/modules/CliJavaModuleResolver$Companion
instanceKlass org/jetbrains/kotlin/cli/jvm/modules/CliJavaModuleResolver
instanceKlass org/jetbrains/kotlin/resolve/jvm/modules/JavaModuleResolver
instanceKlass org/jetbrains/kotlin/load/java/JavaModuleAnnotationsProvider
instanceKlass  @bci org/jetbrains/kotlin/cli/jvm/index/JvmDependenciesDynamicCompoundIndex getIndexedRoots ()Lkotlin/sequences/Sequence; 10 <appendix> argL0 ; # org/jetbrains/kotlin/cli/jvm/index/JvmDependenciesDynamicCompoundIndex$$Lambda+0x00000001002db258
instanceKlass  @bci org/jetbrains/kotlin/cli/jvm/index/JvmDependenciesIndexImpl <init> (Ljava/util/List;)V 62 <appendix> member <vmtarget> ; # org/jetbrains/kotlin/cli/jvm/index/JvmDependenciesIndexImpl$$Lambda+0x00000001002db000
instanceKlass  @bci org/jetbrains/kotlin/cli/jvm/index/JvmDependenciesIndexImpl <init> (Ljava/util/List;)V 49 <appendix> member <vmtarget> ; # org/jetbrains/kotlin/cli/jvm/index/JvmDependenciesIndexImpl$$Lambda+0x00000001002dedd8
instanceKlass  @bci org/jetbrains/kotlin/cli/jvm/index/JvmDependenciesIndexImpl <init> (Ljava/util/List;)V 36 <appendix> member <vmtarget> ; # org/jetbrains/kotlin/cli/jvm/index/JvmDependenciesIndexImpl$$Lambda+0x00000001002deb80
instanceKlass org/jetbrains/kotlin/cli/jvm/index/JvmDependenciesIndexImpl$Cache
instanceKlass  @bci org/jetbrains/kotlin/cli/jvm/index/JvmDependenciesIndexImpl <init> (Ljava/util/List;)V 23 <appendix> member <vmtarget> ; # org/jetbrains/kotlin/cli/jvm/index/JvmDependenciesIndexImpl$$Lambda+0x00000001002de6e8
instanceKlass org/jetbrains/kotlin/cli/jvm/index/JvmDependenciesIndexImpl
instanceKlass java/util/concurrent/locks/ReentrantReadWriteLock$WriteLock
instanceKlass java/util/concurrent/locks/ReentrantReadWriteLock$ReadLock
instanceKlass java/util/concurrent/locks/ReentrantReadWriteLock
instanceKlass java/util/concurrent/locks/ReadWriteLock
instanceKlass org/jetbrains/kotlin/cli/jvm/index/JvmDependenciesDynamicCompoundIndex
instanceKlass org/jetbrains/kotlin/cli/jvm/index/JvmDependenciesIndex
instanceKlass org/jetbrains/kotlin/cli/jvm/compiler/ClasspathRootsResolver$RootsAndModules
instanceKlass kotlin/sequences/FlatteningSequence$iterator$1
instanceKlass kotlin/sequences/FlatteningSequence
instanceKlass kotlin/collections/ArraysKt___ArraysKt$asSequence$$inlined$Sequence$1
instanceKlass kotlin/collections/CollectionsKt___CollectionsKt$asSequence$$inlined$Sequence$1
instanceKlass kotlin/sequences/EmptySequence
instanceKlass kotlin/sequences/DropTakeSequence
instanceKlass org/jetbrains/kotlin/cli/jvm/index/JavaRoot$RootTypes
instanceKlass org/jetbrains/kotlin/cli/jvm/index/JavaRoot
instanceKlass org/jetbrains/kotlin/cli/jvm/compiler/jarfs/ZipImplementationKt$WhenMappings
instanceKlass org/jetbrains/kotlin/cli/jvm/config/JavaSourceRoot
instanceKlass org/jetbrains/kotlin/com/intellij/util/text/CharArrayExternalizable
instanceKlass org/jetbrains/kotlin/com/intellij/util/text/ImmutableCharSequence
instanceKlass org/jetbrains/kotlin/com/intellij/util/text/CharArrayUtil
instanceKlass java/util/concurrent/BlockingQueue
instanceKlass java/util/concurrent/ExecutorService
instanceKlass org/jetbrains/kotlin/com/intellij/util/ConcurrencyUtil
instanceKlass org/jetbrains/kotlin/cli/jvm/compiler/jarfs/ZipEntryDescription
instanceKlass org/jetbrains/kotlin/cli/jvm/compiler/jarfs/ByteArrayCharSequence
instanceKlass org/jetbrains/kotlin/cli/jvm/compiler/jarfs/ZipImplementationKt
# instanceKlass java/lang/invoke/LambdaForm$MH+0x00000001002dac00
instanceKlass java/lang/invoke/MethodHandleImpl$ArrayAccessor
instanceKlass java/lang/invoke/MethodHandleImpl$LoopClauses
instanceKlass java/lang/invoke/MethodHandleImpl$CasesHolder
# instanceKlass java/lang/invoke/LambdaForm$MH+0x00000001002da800
# instanceKlass java/lang/invoke/LambdaForm$MH+0x00000001002da400
# instanceKlass java/lang/invoke/LambdaForm$MH+0x00000001002da000
# instanceKlass java/lang/invoke/LambdaForm$MH+0x00000001002d9c00
# instanceKlass java/lang/invoke/LambdaForm$MH+0x00000001002d9800
# instanceKlass java/lang/invoke/LambdaForm$MH+0x00000001002d9400
# instanceKlass java/lang/invoke/LambdaForm$BMH+0x00000001002d9000
# instanceKlass java/lang/invoke/LambdaForm$DMH+0x00000001002d8c00
# instanceKlass java/lang/invoke/LambdaForm$MH+0x00000001002d8800
# instanceKlass java/lang/invoke/LambdaForm$DMH+0x00000001002d8400
# instanceKlass java/lang/invoke/LambdaForm$DMH+0x00000001002d8000
instanceKlass java/lang/foreign/MemorySegment
instanceKlass sun/nio/ch/Util$4
instanceKlass sun/nio/ch/FileChannelImpl$Unmapper
instanceKlass jdk/internal/access/foreign/UnmapperProxy
instanceKlass java/nio/channels/spi/AbstractInterruptibleChannel$1
instanceKlass sun/nio/ch/Interruptible
instanceKlass  @bci jdk/internal/misc/ExtendedMapMode <clinit> ()V 0 <appendix> argL0 ; # jdk/internal/misc/ExtendedMapMode$$Lambda+0x00000001001609d0
instanceKlass jdk/internal/misc/ExtendedMapMode
instanceKlass java/nio/channels/FileChannel$MapMode
instanceKlass org/jetbrains/kotlin/com/intellij/openapi/util/Pair
instanceKlass org/jetbrains/kotlin/cli/jvm/modules/JavaModuleGraph
instanceKlass org/jetbrains/kotlin/cli/jvm/compiler/ClasspathRootsResolver$Companion
instanceKlass org/jetbrains/kotlin/cli/jvm/compiler/ClasspathRootsResolver
instanceKlass  @bci org/jetbrains/kotlin/cli/jvm/compiler/pipeline/JvmCompilerPipelineKt createProjectEnvironment (Lorg/jetbrains/kotlin/config/CompilerConfiguration;Lorg/jetbrains/kotlin/com/intellij/openapi/Disposable;Lorg/jetbrains/kotlin/cli/jvm/compiler/EnvironmentConfigFiles;Lorg/jetbrains/kotlin/cli/common/messages/MessageCollector;)Lorg/jetbrains/kotlin/cli/jvm/compiler/VfsBasedProjectEnvironment; 261 <appendix> member <vmtarget> ; # org/jetbrains/kotlin/cli/jvm/compiler/pipeline/JvmCompilerPipelineKt$$Lambda+0x00000001002d4500
instanceKlass  @bci org/jetbrains/kotlin/cli/jvm/modules/CliJavaModuleFinder <init> (Ljava/io/File;Lorg/jetbrains/kotlin/cli/common/messages/MessageCollector;Lorg/jetbrains/kotlin/resolve/jvm/KotlinCliJavaFileManager;Lorg/jetbrains/kotlin/com/intellij/openapi/project/Project;Ljava/lang/Integer;)V 241 <appendix> member <vmtarget> ; # org/jetbrains/kotlin/cli/jvm/modules/CliJavaModuleFinder$$Lambda+0x00000001002d42a8
instanceKlass  @bci org/jetbrains/kotlin/cli/jvm/modules/CliJavaModuleFinder <init> (Ljava/io/File;Lorg/jetbrains/kotlin/cli/common/messages/MessageCollector;Lorg/jetbrains/kotlin/resolve/jvm/KotlinCliJavaFileManager;Lorg/jetbrains/kotlin/com/intellij/openapi/project/Project;Ljava/lang/Integer;)V 228 <appendix> member <vmtarget> ; # org/jetbrains/kotlin/cli/jvm/modules/CliJavaModuleFinder$$Lambda+0x00000001002d4050
instanceKlass org/jetbrains/kotlin/resolve/jvm/modules/JavaModule$Root
instanceKlass  @bci org/jetbrains/kotlin/cli/jvm/modules/CliJavaModuleFinder <init> (Ljava/io/File;Lorg/jetbrains/kotlin/cli/common/messages/MessageCollector;Lorg/jetbrains/kotlin/resolve/jvm/KotlinCliJavaFileManager;Lorg/jetbrains/kotlin/com/intellij/openapi/project/Project;Ljava/lang/Integer;)V 201 <appendix> member <vmtarget> ; # org/jetbrains/kotlin/cli/jvm/modules/CliJavaModuleFinder$$Lambda+0x00000001002d3bb8
instanceKlass  @bci org/jetbrains/kotlin/cli/jvm/modules/CliJavaModuleFinder <init> (Ljava/io/File;Lorg/jetbrains/kotlin/cli/common/messages/MessageCollector;Lorg/jetbrains/kotlin/resolve/jvm/KotlinCliJavaFileManager;Lorg/jetbrains/kotlin/com/intellij/openapi/project/Project;Ljava/lang/Integer;)V 188 <appendix> member <vmtarget> ; # org/jetbrains/kotlin/cli/jvm/modules/CliJavaModuleFinder$$Lambda+0x00000001002d3960
instanceKlass  @bci org/jetbrains/kotlin/cli/jvm/modules/CliJavaModuleFinder <init> (Ljava/io/File;Lorg/jetbrains/kotlin/cli/common/messages/MessageCollector;Lorg/jetbrains/kotlin/resolve/jvm/KotlinCliJavaFileManager;Lorg/jetbrains/kotlin/com/intellij/openapi/project/Project;Ljava/lang/Integer;)V 175 <appendix> member <vmtarget> ; # org/jetbrains/kotlin/cli/jvm/modules/CliJavaModuleFinder$$Lambda+0x00000001002d3708
instanceKlass  @bci org/jetbrains/kotlin/cli/jvm/modules/CliJavaModuleFinder <init> (Ljava/io/File;Lorg/jetbrains/kotlin/cli/common/messages/MessageCollector;Lorg/jetbrains/kotlin/resolve/jvm/KotlinCliJavaFileManager;Lorg/jetbrains/kotlin/com/intellij/openapi/project/Project;Ljava/lang/Integer;)V 162 <appendix> member <vmtarget> ; # org/jetbrains/kotlin/cli/jvm/modules/CliJavaModuleFinder$$Lambda+0x00000001002d34b0
instanceKlass org/jetbrains/kotlin/cli/jvm/modules/CliJavaModuleFinder
instanceKlass org/jetbrains/kotlin/resolve/jvm/modules/JavaModuleFinder
instanceKlass  @bci org/jetbrains/kotlin/com/intellij/openapi/util/KeyedExtensionCollector buildExtensions (Ljava/lang/String;Ljava/lang/Object;)Lorg/jetbrains/kotlin/kotlinx/collections/immutable/PersistentList; 48 <appendix> member <vmtarget> ; # org/jetbrains/kotlin/com/intellij/openapi/util/KeyedExtensionCollector$$Lambda+0x00000001002d2da0
instanceKlass org/jetbrains/kotlin/com/intellij/openapi/util/KeyedExtensionCollector$MyExtensionPointListener
instanceKlass org/jetbrains/kotlin/resolve/jvm/KotlinJavaPsiFacade$2
instanceKlass org/jetbrains/kotlin/resolve/jvm/KotlinJavaPsiFacade$1
instanceKlass  @bci org/jetbrains/kotlin/resolve/jvm/KotlinJavaPsiFacade <init> (Lorg/jetbrains/kotlin/com/intellij/openapi/project/Project;)V 47 <appendix> member <vmtarget> ; # org/jetbrains/kotlin/resolve/jvm/KotlinJavaPsiFacade$$Lambda+0x00000001002d1708
instanceKlass org/jetbrains/kotlin/com/intellij/psi/PsiModifierList
instanceKlass org/jetbrains/kotlin/resolve/jvm/NotFoundPackagesCachingStrategy$Default
instanceKlass  @bci org/jetbrains/kotlin/com/intellij/psi/PsiElement <clinit> ()V 7 <appendix> argL0 ; # org/jetbrains/kotlin/com/intellij/psi/PsiElement$$Lambda+0x00000001002cdf08
instanceKlass  @bci org/jetbrains/kotlin/com/intellij/psi/impl/ElementBase <clinit> ()V 16 <appendix> argL0 ; # org/jetbrains/kotlin/com/intellij/psi/impl/ElementBase$$Lambda+0x00000001002cda50
instanceKlass  @bci org/jetbrains/kotlin/com/intellij/psi/impl/ElementBase <clinit> ()V 8 <appendix> argL0 ; # org/jetbrains/kotlin/com/intellij/psi/impl/ElementBase$$Lambda+0x00000001002cd800
instanceKlass org/jetbrains/kotlin/com/intellij/psi/impl/ElementBase$ElementIconRequest
instanceKlass org/jetbrains/kotlin/load/java/structure/JavaClass
instanceKlass org/jetbrains/kotlin/load/java/structure/JavaTypeParameterListOwner
instanceKlass org/jetbrains/kotlin/load/java/structure/JavaModifierListOwner
instanceKlass org/jetbrains/kotlin/load/java/structure/JavaClassifier
instanceKlass org/jetbrains/kotlin/load/java/structure/JavaNamedElement
instanceKlass org/jetbrains/kotlin/load/java/structure/JavaAnnotationOwner
instanceKlass org/jetbrains/kotlin/load/java/structure/JavaElement
instanceKlass org/jetbrains/kotlin/resolve/jvm/KotlinJavaPsiFacade$KotlinPsiElementFinderWrapperImpl
instanceKlass org/jetbrains/kotlin/resolve/jvm/KotlinJavaPsiFacade$KotlinPsiElementFinderWrapper
instanceKlass org/jetbrains/kotlin/resolve/jvm/NotFoundPackagesCachingStrategy
instanceKlass org/jetbrains/kotlin/resolve/jvm/KotlinJavaPsiFacade
instanceKlass org/jetbrains/kotlin/load/java/structure/impl/source/JavaElementSourceFactory
instanceKlass org/jetbrains/kotlin/cli/common/CliModuleVisibilityManagerImpl
instanceKlass org/jetbrains/kotlin/load/kotlin/ModuleVisibilityManager
instanceKlass org/jetbrains/kotlin/compiler/plugin/CompilerPluginRegistrarKt
instanceKlass  @bci org/jetbrains/kotlin/cli/jvm/compiler/KotlinCoreEnvironment$Companion registerExtensionsFromPlugins$cli_base (Lorg/jetbrains/kotlin/com/intellij/mock/MockProject;Lorg/jetbrains/kotlin/config/CompilerConfiguration;)V 292 <appendix> argL0 ; # org/jetbrains/kotlin/cli/jvm/compiler/KotlinCoreEnvironment$Companion$$Lambda+0x00000001002c7d98
instanceKlass org/jetbrains/kotlin/compiler/plugin/CompilerPluginRegistrar$ExtensionStorage
instanceKlass androidx/compose/compiler/plugins/kotlin/EmptyModuleMetrics
instanceKlass androidx/compose/compiler/plugins/kotlin/ModuleMetrics
instanceKlass androidx/compose/compiler/plugins/kotlin/ComposeIrGenerationExtension
instanceKlass androidx/compose/compiler/plugins/kotlin/FeatureFlags
instanceKlass  @bci org/jetbrains/kotlin/fir/extensions/FirExtensionRegistrar <init> ()V 136 <appendix> member <vmtarget> ; # org/jetbrains/kotlin/fir/extensions/FirExtensionRegistrar$$Lambda+0x00000001002c7900
instanceKlass org/jetbrains/kotlin/fir/FirSessionComponent
instanceKlass org/jetbrains/kotlin/fir/extensions/FirExtension
instanceKlass org/jetbrains/kotlin/fir/extensions/FirExtensionRegistrar$Companion
instanceKlass org/jetbrains/kotlin/metadata/ProtoBuf$MemberKind$1
instanceKlass org/jetbrains/kotlin/metadata/ProtoBuf$Class$Kind$1
instanceKlass org/jetbrains/kotlin/metadata/ProtoBuf$Modality$1
instanceKlass org/jetbrains/kotlin/metadata/ProtoBuf$Visibility$1
instanceKlass org/jetbrains/kotlin/protobuf/Internal$EnumLiteMap
instanceKlass org/jetbrains/kotlin/protobuf/Internal$EnumLite
instanceKlass org/jetbrains/kotlin/metadata/deserialization/Flags$FlagField
instanceKlass org/jetbrains/kotlin/metadata/deserialization/Flags
instanceKlass androidx/compose/compiler/plugins/kotlin/lower/ClassStabilityFieldSerializationPlugin
instanceKlass androidx/compose/compiler/plugins/kotlin/k1/ComposeTypeResolutionInterceptorExtension
instanceKlass androidx/compose/compiler/plugins/kotlin/k1/ComposeDiagnosticSuppressor
instanceKlass androidx/compose/compiler/plugins/kotlin/inference/ApplierInferencer
instanceKlass androidx/compose/compiler/plugins/kotlin/k1/ComposableTargetChecker$infer$4
instanceKlass androidx/compose/compiler/plugins/kotlin/inference/LazySchemeStorage
instanceKlass androidx/compose/compiler/plugins/kotlin/k1/ComposableTargetChecker$infer$3
instanceKlass androidx/compose/compiler/plugins/kotlin/inference/ErrorReporter
instanceKlass androidx/compose/compiler/plugins/kotlin/k1/ComposableTargetChecker$infer$2
instanceKlass androidx/compose/compiler/plugins/kotlin/inference/NodeAdapter
instanceKlass androidx/compose/compiler/plugins/kotlin/k1/ComposableTargetChecker$infer$1
instanceKlass androidx/compose/compiler/plugins/kotlin/inference/TypeAdapter
instanceKlass androidx/compose/compiler/plugins/kotlin/k1/ComposableTargetChecker
instanceKlass androidx/compose/compiler/plugins/kotlin/k1/ComposableDeclarationChecker
instanceKlass org/jetbrains/kotlin/resolve/checkers/DeclarationChecker
instanceKlass androidx/compose/compiler/plugins/kotlin/k1/ComposableCallChecker
instanceKlass org/jetbrains/kotlin/resolve/calls/checkers/AdditionalTypeChecker
instanceKlass org/jetbrains/kotlin/resolve/calls/checkers/CallChecker
instanceKlass java/util/Collections$UnmodifiableCollection$1
instanceKlass org/jetbrains/kotlin/resolve/diagnostics/DiagnosticSuppressor
instanceKlass org/jetbrains/kotlin/fir/extensions/FirAnalysisHandlerExtension
instanceKlass org/jetbrains/kotlin/resolve/extensions/AssignResolutionAltererExtension
instanceKlass org/jetbrains/kotlin/extensions/AnnotationBasedExtension
instanceKlass org/jetbrains/kotlin/types/DefaultTypeAttributeTranslator
instanceKlass org/jetbrains/kotlin/types/extensions/TypeAttributeTranslators
instanceKlass org/jetbrains/kotlin/extensions/TypeAttributeTranslatorExtension
instanceKlass org/jetbrains/kotlin/types/TypeAttributeTranslator
instanceKlass org/jetbrains/kotlin/fir/extensions/FirExtensionRegistrarAdapter
instanceKlass org/jetbrains/kotlin/serialization/DescriptorSerializerPlugin
instanceKlass org/jetbrains/kotlin/extensions/internal/CallResolutionInterceptorExtension
instanceKlass org/jetbrains/kotlin/extensions/internal/CandidateInterceptor
instanceKlass org/jetbrains/kotlin/extensions/internal/TypeResolutionInterceptorExtension
instanceKlass org/jetbrains/kotlin/extensions/internal/TypeResolutionInterceptor
instanceKlass org/jetbrains/kotlin/cli/common/extensions/ShellExtension
instanceKlass org/jetbrains/kotlin/cli/common/extensions/ScriptEvaluationExtension
instanceKlass org/jetbrains/kotlin/backend/common/extensions/IrGenerationExtension
instanceKlass org/jetbrains/kotlin/ir/linkage/IrDeserializer$IrLinkerExtension
instanceKlass org/jetbrains/kotlin/resolve/extensions/ExtraImportsProviderExtension
instanceKlass org/jetbrains/kotlin/extensions/ProcessSourcesBeforeCompilingExtension
instanceKlass org/jetbrains/kotlin/extensions/CollectAdditionalSourcesExtension
instanceKlass org/jetbrains/kotlin/extensions/CompilerConfigurationExtension
instanceKlass org/jetbrains/kotlin/js/translate/extensions/JsSyntheticTranslateExtension
instanceKlass org/jetbrains/kotlin/extensions/PreprocessedVirtualFileFactoryExtension
instanceKlass org/jetbrains/kotlin/extensions/DeclarationAttributeAltererExtension
instanceKlass org/jetbrains/kotlin/extensions/StorageComponentContainerContributor
instanceKlass org/jetbrains/kotlin/resolve/jvm/extensions/PackageFragmentProviderExtension
instanceKlass org/jetbrains/kotlin/resolve/jvm/extensions/AnalysisHandlerExtension
instanceKlass org/jetbrains/kotlin/resolve/extensions/AnalysisHandlerExtension
instanceKlass org/jetbrains/kotlin/codegen/extensions/ClassFileFactoryFinalizerExtension
instanceKlass org/jetbrains/kotlin/backend/jvm/extensions/ClassGeneratorExtension
instanceKlass org/jetbrains/kotlin/codegen/extensions/ClassBuilderInterceptorExtension
instanceKlass org/jetbrains/kotlin/resolve/jvm/extensions/SyntheticJavaResolveExtension
instanceKlass org/jetbrains/kotlin/resolve/extensions/SyntheticResolveExtension
instanceKlass org/jetbrains/kotlin/extensions/ProjectExtensionDescriptor
instanceKlass org/jetbrains/kotlin/codegen/extensions/ExpressionCodegenExtension
instanceKlass  @bci jdk/internal/reflect/MethodHandleIntegerFieldAccessorImpl setInt (Ljava/lang/Object;I)V 29 <adapter> ; # java/lang/invoke/LambdaForm$MH+0x00000001002a8800
instanceKlass java/util/Random
instanceKlass java/util/random/RandomGenerator
instanceKlass java/nio/file/DirectoryStream$Filter
instanceKlass java/nio/file/FileVisitor
instanceKlass org/jetbrains/kotlin/com/intellij/openapi/util/io/FileUtilRt
instanceKlass org/jetbrains/kotlin/com/intellij/openapi/vfs/PersistentFSConstants
instanceKlass  @bci org/jetbrains/kotlin/cli/jvm/compiler/KotlinCoreApplicationEnvironment getFastJarFileSystem ()Lorg/jetbrains/kotlin/cli/jvm/compiler/jarfs/FastJarFileSystem; 45 <appendix> member <vmtarget> ; # org/jetbrains/kotlin/cli/jvm/compiler/KotlinCoreApplicationEnvironment$$Lambda+0x00000001002b57c8
instanceKlass  @bci org/jetbrains/kotlin/com/intellij/util/containers/SLRUMap <init> (IILorg/jetbrains/kotlin/com/intellij/util/containers/hash/EqualityPolicy;)V 55 <appendix> member <vmtarget> ; # org/jetbrains/kotlin/com/intellij/util/containers/SLRUMap$$Lambda+0x00000001002b5570
instanceKlass org/jetbrains/kotlin/com/intellij/util/containers/LinkedCustomHashMap$Entry
instanceKlass  @bci org/jetbrains/kotlin/com/intellij/util/containers/SLRUMap <init> (IILorg/jetbrains/kotlin/com/intellij/util/containers/hash/EqualityPolicy;)V 37 <appendix> member <vmtarget> ; # org/jetbrains/kotlin/com/intellij/util/containers/SLRUMap$$Lambda+0x00000001002b4e78
instanceKlass  @cpi org/jetbrains/kotlin/com/intellij/util/containers/SLRUMap 67 form vmentry <vmtarget> ; # java/lang/invoke/LambdaForm$DMH+0x00000001002a8400
instanceKlass org/jetbrains/kotlin/com/intellij/util/containers/LinkedCustomHashMap$RemoveCallback
instanceKlass org/jetbrains/kotlin/com/intellij/util/containers/LinkedCustomHashMap
instanceKlass org/jetbrains/kotlin/com/intellij/util/containers/SLRUMap
instanceKlass org/jetbrains/kotlin/com/intellij/util/io/FileAccessorCache
instanceKlass org/jetbrains/kotlin/com/intellij/util/containers/hash/EqualityPolicy
instanceKlass  @bci org/jetbrains/kotlin/cli/jvm/compiler/jarfs/FastJarFileSystem <init> (Lkotlin/jvm/functions/Function1;)V 16 <appendix> member <vmtarget> ; # org/jetbrains/kotlin/cli/jvm/compiler/jarfs/FastJarFileSystem$$Lambda+0x00000001002b3ae0
instanceKlass  @bci org/jetbrains/kotlin/cli/jvm/compiler/jarfs/FastJarFileSystem <init> (Lkotlin/jvm/functions/Function1;)V 11 <appendix> member <vmtarget> ; # org/jetbrains/kotlin/cli/jvm/compiler/jarfs/FastJarFileSystem$$Lambda+0x00000001002b3888
instanceKlass org/jetbrains/kotlin/cli/jvm/compiler/jarfs/FastJarHandler
instanceKlass  @bci org/jetbrains/kotlin/cli/jvm/compiler/jarfs/FastJarFileSystemKt prepareCleanerCallback ()Lkotlin/jvm/functions/Function1; 119 <appendix> member <vmtarget> ; # org/jetbrains/kotlin/cli/jvm/compiler/jarfs/FastJarFileSystemKt$$Lambda+0x00000001002b33f0
instanceKlass org/jetbrains/kotlin/cli/jvm/compiler/jarfs/FastJarFileSystemKt
instanceKlass org/jetbrains/kotlin/cli/jvm/compiler/jarfs/FastJarFileSystem$Companion
instanceKlass  @bci org/jetbrains/kotlin/com/intellij/lang/jvm/facade/JvmFacadeImpl <init> (Lorg/jetbrains/kotlin/com/intellij/openapi/project/Project;)V 53 <appendix> member <vmtarget> ; # org/jetbrains/kotlin/com/intellij/lang/jvm/facade/JvmFacadeImpl$$Lambda+0x00000001002ab950
instanceKlass org/jetbrains/kotlin/com/intellij/psi/impl/source/DummyHolderFactory$DefaultFactory
instanceKlass org/jetbrains/kotlin/com/intellij/psi/impl/source/DummyHolderFactory
instanceKlass org/jetbrains/kotlin/com/intellij/psi/PsiImportHolder
instanceKlass org/jetbrains/kotlin/com/intellij/psi/impl/source/PsiFileWithStubSupport
instanceKlass org/jetbrains/kotlin/com/intellij/psi/impl/PsiFileEx
instanceKlass org/jetbrains/kotlin/com/intellij/openapi/ui/Queryable
instanceKlass org/jetbrains/kotlin/com/intellij/psi/impl/source/JavaDummyHolderFactory
instanceKlass  @bci org/jetbrains/kotlin/com/intellij/psi/impl/JavaPsiFacadeImpl <init> (Lorg/jetbrains/kotlin/com/intellij/openapi/project/Project;)V 92 <appendix> member <vmtarget> ; # org/jetbrains/kotlin/com/intellij/psi/impl/JavaPsiFacadeImpl$$Lambda+0x00000001002aeec0
instanceKlass  @bci org/jetbrains/kotlin/com/intellij/psi/impl/JavaPsiFacadeImpl <init> (Lorg/jetbrains/kotlin/com/intellij/openapi/project/Project;)V 55 <appendix> member <vmtarget> ; # org/jetbrains/kotlin/com/intellij/psi/impl/JavaPsiFacadeImpl$$Lambda+0x00000001002aec68
instanceKlass org/jetbrains/kotlin/com/intellij/lang/jvm/facade/JvmFacadeImpl
instanceKlass org/jetbrains/kotlin/com/intellij/lang/jvm/facade/JvmFacade
instanceKlass org/jetbrains/kotlin/com/intellij/util/containers/ConcurrentRefValueHashMap$ValueReference
instanceKlass org/jetbrains/kotlin/com/intellij/util/containers/ConcurrentRefValueHashMap
instanceKlass org/jetbrains/kotlin/com/intellij/psi/impl/source/HolderFactory
instanceKlass org/jetbrains/kotlin/com/intellij/psi/PsiConstantEvaluationHelper
instanceKlass org/jetbrains/kotlin/com/intellij/psi/JavaPsiFacade
instanceKlass org/jetbrains/kotlin/cli/jvm/compiler/MockInferredAnnotationsManager$Companion
instanceKlass org/jetbrains/kotlin/com/intellij/codeInsight/InferredAnnotationsManager
instanceKlass org/jetbrains/kotlin/com/intellij/codeInsight/ExternalAnnotationsListener
instanceKlass org/jetbrains/kotlin/com/intellij/codeInsight/ExternalAnnotationsManager
instanceKlass org/jetbrains/kotlin/com/intellij/util/Processor
instanceKlass org/jetbrains/kotlin/asJava/finder/JavaElementFinder$Companion
instanceKlass org/jetbrains/kotlin/resolve/jvm/KotlinFinderMarker
instanceKlass org/jetbrains/kotlin/asJava/KotlinAsJavaSupport$Companion
instanceKlass org/jetbrains/kotlin/asJava/KotlinAsJavaSupport
instanceKlass  @bci org/jetbrains/kotlin/asJava/classes/ImplUtilsKt <clinit> ()V 0 <appendix> argL0 ; # org/jetbrains/kotlin/asJava/classes/ImplUtilsKt$$Lambda+0x00000001002a5910
instanceKlass  @bci org/jetbrains/kotlin/fir/java/scopes/BuiltinMethodsWithSpecialGenericSignature getOverriddenBuiltinFunctionWithErasedValueParametersInJava (Lorg/jetbrains/kotlin/fir/symbols/impl/FirNamedFunctionSymbol;Lorg/jetbrains/kotlin/fir/scopes/FirTypeScope;)Lorg/jetbrains/kotlin/fir/symbols/impl/FirNamedFunctionSymbol; 29 <bsm> form vmentry <vmtarget> ; # java/lang/invoke/LambdaForm$DMH+0x00000001002a8000
instanceKlass org/jetbrains/kotlin/asJava/classes/ImplUtilsKt
instanceKlass  @bci org/jetbrains/kotlin/cli/jvm/compiler/CliLightClassGenerationSupport <init> (Lorg/jetbrains/kotlin/cli/jvm/compiler/CliTraceHolder;Lorg/jetbrains/kotlin/com/intellij/openapi/project/Project;)V 28 <appendix> member <vmtarget> ; # org/jetbrains/kotlin/cli/jvm/compiler/CliLightClassGenerationSupport$$Lambda+0x00000001002a5480
instanceKlass org/jetbrains/kotlin/cli/jvm/compiler/CliLightClassGenerationSupport$CliLightClassSupport
instanceKlass org/jetbrains/kotlin/asJava/classes/KtUltraLightSupport
instanceKlass org/jetbrains/kotlin/asJava/LightClassGenerationSupport$Companion
instanceKlass org/jetbrains/kotlin/asJava/LightClassGenerationSupport
instanceKlass org/jetbrains/kotlin/resolve/jvm/JvmCodeAnalyzerInitializer
instanceKlass org/jetbrains/kotlin/resolve/CodeAnalyzerInitializer
instanceKlass org/jetbrains/kotlin/com/intellij/psi/impl/JvmPsiConversionHelperImpl
instanceKlass org/jetbrains/kotlin/com/intellij/psi/JvmPsiConversionHelper
instanceKlass  @bci java/util/stream/Collectors castingIdentity ()Ljava/util/function/Function; 0 <appendix> argL0 ; # java/util/stream/Collectors$$Lambda+0x000000010015dd58
instanceKlass java/util/stream/Collectors
instanceKlass java/util/stream/Collector
instanceKlass  @bci org/jetbrains/kotlin/it/unimi/dsi/fastutil/objects/ObjectOpenHashSet <clinit> ()V 10 <appendix> argL0 ; # org/jetbrains/kotlin/it/unimi/dsi/fastutil/objects/ObjectOpenHashSet$$Lambda+0x00000001002a3a90
instanceKlass java/util/function/BinaryOperator
instanceKlass  @bci org/jetbrains/kotlin/it/unimi/dsi/fastutil/objects/ObjectOpenHashSet <clinit> ()V 5 <appendix> argL0 ; # org/jetbrains/kotlin/it/unimi/dsi/fastutil/objects/ObjectOpenHashSet$$Lambda+0x00000001002a3830
instanceKlass java/util/function/BiConsumer
instanceKlass  @bci org/jetbrains/kotlin/it/unimi/dsi/fastutil/objects/ObjectOpenHashSet <clinit> ()V 0 <appendix> argL0 ; # org/jetbrains/kotlin/it/unimi/dsi/fastutil/objects/ObjectOpenHashSet$$Lambda+0x00000001002a35e0
instanceKlass org/jetbrains/kotlin/it/unimi/dsi/fastutil/objects/ObjectSpliterator
instanceKlass org/jetbrains/kotlin/it/unimi/dsi/fastutil/objects/ObjectIterator
instanceKlass org/jetbrains/kotlin/com/intellij/util/containers/Interner
instanceKlass org/jetbrains/kotlin/utils/PlatformUtilsKt
instanceKlass org/jetbrains/kotlin/load/java/structure/impl/classFiles/BinaryClassSignatureParser
instanceKlass org/jetbrains/kotlin/com/intellij/openapi/util/RecursionManager$2
instanceKlass org/jetbrains/kotlin/com/intellij/util/containers/SoftKeySoftValueHashMap
instanceKlass  @bci org/jetbrains/kotlin/com/intellij/psi/search/ProjectScope <clinit> ()V 54 <appendix> argL0 ; # org/jetbrains/kotlin/com/intellij/psi/search/ProjectScope$$Lambda+0x00000001002a0270
instanceKlass  @bci org/jetbrains/kotlin/com/intellij/psi/search/ProjectScope <clinit> ()V 41 <appendix> argL0 ; # org/jetbrains/kotlin/com/intellij/psi/search/ProjectScope$$Lambda+0x00000001002a0000
instanceKlass  @bci org/jetbrains/kotlin/com/intellij/psi/search/ProjectScope <clinit> ()V 28 <appendix> argL0 ; # org/jetbrains/kotlin/com/intellij/psi/search/ProjectScope$$Lambda+0x000000010029fcb8
instanceKlass  @bci org/jetbrains/kotlin/com/intellij/psi/search/ProjectScope <clinit> ()V 15 <appendix> argL0 ; # org/jetbrains/kotlin/com/intellij/psi/search/ProjectScope$$Lambda+0x000000010029fa48
instanceKlass  @bci org/jetbrains/kotlin/com/intellij/psi/search/ProjectScope <clinit> ()V 2 <appendix> argL0 ; # org/jetbrains/kotlin/com/intellij/psi/search/ProjectScope$$Lambda+0x000000010029f570
instanceKlass org/jetbrains/kotlin/com/intellij/psi/search/ProjectScope
instanceKlass org/jetbrains/kotlin/cli/jvm/compiler/KotlinCliJavaFileManagerImpl$Companion
instanceKlass org/jetbrains/kotlin/com/intellij/core/CoreJavaFileManager
instanceKlass org/jetbrains/kotlin/resolve/jvm/KotlinCliJavaFileManager
instanceKlass org/jetbrains/kotlin/com/intellij/psi/controlFlow/ControlFlowFactory$1
instanceKlass  @bci org/jetbrains/kotlin/com/intellij/util/containers/ConcurrentWeakKeySoftValueHashMap <clinit> ()V 0 <appendix> argL0 ; # org/jetbrains/kotlin/com/intellij/util/containers/ConcurrentWeakKeySoftValueHashMap$$Lambda+0x000000010029e240
instanceKlass org/jetbrains/kotlin/com/intellij/util/containers/ConcurrentWeakKeySoftValueHashMap$HardKey
instanceKlass org/jetbrains/kotlin/com/intellij/util/containers/ConcurrentWeakKeySoftValueHashMap$KeyReference
instanceKlass org/jetbrains/kotlin/com/intellij/util/containers/ConcurrentWeakKeySoftValueHashMap
instanceKlass org/jetbrains/kotlin/com/intellij/psi/controlFlow/ControlFlow
instanceKlass org/jetbrains/kotlin/com/intellij/psi/controlFlow/ControlFlowFactory
instanceKlass org/jetbrains/kotlin/com/intellij/psi/codeStyle/SuggestedNameInfo
instanceKlass org/jetbrains/kotlin/com/intellij/psi/codeStyle/JavaCodeStyleManager
instanceKlass org/jetbrains/kotlin/com/intellij/core/CoreJavaFileCodeStyleFacade
instanceKlass org/jetbrains/kotlin/com/intellij/psi/codeStyle/JavaFileCodeStyleFacade
instanceKlass org/jetbrains/kotlin/com/intellij/psi/codeStyle/CodeStyleSettingsFacade
instanceKlass org/jetbrains/kotlin/com/intellij/psi/codeStyle/JavaCodeStyleSettingsFacade
instanceKlass org/jetbrains/kotlin/com/intellij/psi/impl/source/resolve/JavaResolveCache$1
instanceKlass org/jetbrains/kotlin/com/intellij/psi/impl/source/resolve/JavaResolveCache
instanceKlass org/jetbrains/kotlin/com/intellij/util/lang/JavaVersion
instanceKlass  @bci org/jetbrains/kotlin/com/intellij/AbstractBundle getLazyMessage (Ljava/lang/String;[Ljava/lang/Object;)Ljava/util/function/Supplier; 34 <appendix> member <vmtarget> ; # org/jetbrains/kotlin/com/intellij/AbstractBundle$$Lambda+0x0000000100299c28
instanceKlass sun/util/locale/LanguageTag
instanceKlass java/util/ResourceBundle$Control
instanceKlass org/jetbrains/kotlin/com/intellij/AbstractBundle
instanceKlass org/jetbrains/kotlin/com/intellij/core/JavaPsiBundle
instanceKlass org/jetbrains/kotlin/com/intellij/openapi/roots/LanguageLevelProjectExtension$LanguageLevelChangeListener
instanceKlass org/jetbrains/kotlin/com/intellij/openapi/roots/LanguageLevelProjectExtension
instanceKlass  @bci org/jetbrains/kotlin/com/intellij/openapi/util/RecursionManager <clinit> ()V 8 <appendix> argL0 ; # org/jetbrains/kotlin/com/intellij/openapi/util/RecursionManager$$Lambda+0x00000001002986f8
instanceKlass org/jetbrains/kotlin/com/intellij/openapi/util/RecursionManager$CalculationStack
instanceKlass org/jetbrains/kotlin/com/intellij/openapi/util/RecursionGuard
instanceKlass org/jetbrains/kotlin/com/intellij/openapi/util/RecursionGuard$StackStamp
instanceKlass org/jetbrains/kotlin/com/intellij/openapi/util/RecursionManager
instanceKlass org/jetbrains/kotlin/com/intellij/psi/PsiInferenceHelper
instanceKlass org/jetbrains/kotlin/com/intellij/psi/scope/processor/FilterScopeProcessor
instanceKlass org/jetbrains/kotlin/com/intellij/psi/scope/PsiScopeProcessor
instanceKlass org/jetbrains/kotlin/com/intellij/psi/scope/NameHint
instanceKlass org/jetbrains/kotlin/com/intellij/psi/scope/ElementClassHint
instanceKlass org/jetbrains/kotlin/com/intellij/psi/impl/source/resolve/PsiResolveHelperImpl
instanceKlass org/jetbrains/kotlin/com/intellij/psi/PsiResolveHelper
instanceKlass org/jetbrains/kotlin/com/intellij/psi/impl/JavaPsiImplementationHelper
instanceKlass org/jetbrains/kotlin/com/intellij/psi/impl/PsiElementFactoryImpl$1
instanceKlass  @bci org/jetbrains/kotlin/com/intellij/psi/impl/PsiElementFactoryImpl <clinit> ()V 25 <appendix> argL0 ; # org/jetbrains/kotlin/com/intellij/psi/impl/PsiElementFactoryImpl$$Lambda+0x00000001002946a0
instanceKlass  @bci org/jetbrains/kotlin/com/intellij/psi/PsiType <clinit> ()V 135 <appendix> argL0 ; # org/jetbrains/kotlin/com/intellij/psi/PsiType$$Lambda+0x0000000100294450
instanceKlass org/jetbrains/kotlin/com/intellij/psi/TypeAnnotationProvider$1
instanceKlass org/jetbrains/kotlin/com/intellij/psi/TypeAnnotationProvider$Static
instanceKlass org/jetbrains/kotlin/com/intellij/psi/TypeAnnotationProvider
instanceKlass  @bci org/jetbrains/kotlin/com/intellij/psi/PsiAnnotation <clinit> ()V 7 <appendix> argL0 ; # org/jetbrains/kotlin/com/intellij/psi/PsiAnnotation$$Lambda+0x00000001002934a8
instanceKlass org/jetbrains/kotlin/com/intellij/psi/PsiAnnotation
instanceKlass org/jetbrains/kotlin/com/intellij/lang/jvm/types/JvmPrimitiveTypeKind
instanceKlass org/jetbrains/kotlin/com/intellij/lang/jvm/JvmAnnotation
instanceKlass org/jetbrains/kotlin/com/intellij/psi/PsiTypes
instanceKlass  @bci org/jetbrains/kotlin/com/intellij/psi/impl/PsiJavaParserFacadeImpl <clinit> ()V 132 <appendix> argL0 ; # org/jetbrains/kotlin/com/intellij/psi/impl/PsiJavaParserFacadeImpl$$Lambda+0x0000000100291c80
instanceKlass  @bci org/jetbrains/kotlin/com/intellij/psi/impl/PsiJavaParserFacadeImpl <clinit> ()V 124 <appendix> argL0 ; # org/jetbrains/kotlin/com/intellij/psi/impl/PsiJavaParserFacadeImpl$$Lambda+0x0000000100291a20
instanceKlass  @bci org/jetbrains/kotlin/com/intellij/psi/impl/PsiJavaParserFacadeImpl <clinit> ()V 116 <appendix> argL0 ; # org/jetbrains/kotlin/com/intellij/psi/impl/PsiJavaParserFacadeImpl$$Lambda+0x00000001002917c0
instanceKlass  @bci org/jetbrains/kotlin/com/intellij/psi/impl/PsiJavaParserFacadeImpl <clinit> ()V 108 <appendix> argL0 ; # org/jetbrains/kotlin/com/intellij/psi/impl/PsiJavaParserFacadeImpl$$Lambda+0x0000000100291560
instanceKlass  @bci org/jetbrains/kotlin/com/intellij/psi/impl/PsiJavaParserFacadeImpl <clinit> ()V 100 <appendix> argL0 ; # org/jetbrains/kotlin/com/intellij/psi/impl/PsiJavaParserFacadeImpl$$Lambda+0x0000000100291300
instanceKlass  @bci org/jetbrains/kotlin/com/intellij/psi/impl/PsiJavaParserFacadeImpl <clinit> ()V 92 <appendix> argL0 ; # org/jetbrains/kotlin/com/intellij/psi/impl/PsiJavaParserFacadeImpl$$Lambda+0x00000001002910a0
instanceKlass  @bci org/jetbrains/kotlin/com/intellij/psi/impl/PsiJavaParserFacadeImpl <clinit> ()V 84 <appendix> argL0 ; # org/jetbrains/kotlin/com/intellij/psi/impl/PsiJavaParserFacadeImpl$$Lambda+0x0000000100290e40
instanceKlass  @bci org/jetbrains/kotlin/com/intellij/psi/impl/PsiJavaParserFacadeImpl <clinit> ()V 76 <appendix> argL0 ; # org/jetbrains/kotlin/com/intellij/psi/impl/PsiJavaParserFacadeImpl$$Lambda+0x0000000100290be0
instanceKlass  @bci org/jetbrains/kotlin/com/intellij/psi/impl/PsiJavaParserFacadeImpl <clinit> ()V 68 <appendix> argL0 ; # org/jetbrains/kotlin/com/intellij/psi/impl/PsiJavaParserFacadeImpl$$Lambda+0x0000000100290980
instanceKlass  @bci org/jetbrains/kotlin/com/intellij/psi/impl/PsiJavaParserFacadeImpl <clinit> ()V 60 <appendix> argL0 ; # org/jetbrains/kotlin/com/intellij/psi/impl/PsiJavaParserFacadeImpl$$Lambda+0x0000000100290720
instanceKlass  @bci org/jetbrains/kotlin/com/intellij/psi/impl/PsiJavaParserFacadeImpl <clinit> ()V 52 <appendix> argL0 ; # org/jetbrains/kotlin/com/intellij/psi/impl/PsiJavaParserFacadeImpl$$Lambda+0x00000001002904c0
instanceKlass  @bci org/jetbrains/kotlin/com/intellij/psi/impl/PsiJavaParserFacadeImpl <clinit> ()V 44 <appendix> argL0 ; # org/jetbrains/kotlin/com/intellij/psi/impl/PsiJavaParserFacadeImpl$$Lambda+0x0000000100290260
instanceKlass  @bci org/jetbrains/kotlin/com/intellij/psi/impl/PsiJavaParserFacadeImpl <clinit> ()V 36 <appendix> argL0 ; # org/jetbrains/kotlin/com/intellij/psi/impl/PsiJavaParserFacadeImpl$$Lambda+0x0000000100290000
instanceKlass  @bci org/jetbrains/kotlin/com/intellij/psi/impl/PsiJavaParserFacadeImpl <clinit> ()V 28 <appendix> argL0 ; # org/jetbrains/kotlin/com/intellij/psi/impl/PsiJavaParserFacadeImpl$$Lambda+0x000000010028fc00
instanceKlass org/jetbrains/kotlin/com/intellij/lang/java/parser/JavaParserUtil$ParserWrapper
instanceKlass org/jetbrains/kotlin/com/intellij/psi/PsiImportStatementBase
instanceKlass org/jetbrains/kotlin/com/intellij/psi/PsiTypeElement
instanceKlass org/jetbrains/kotlin/com/intellij/psi/PsiReferenceExpression
instanceKlass org/jetbrains/kotlin/com/intellij/psi/PsiExpression
instanceKlass org/jetbrains/kotlin/com/intellij/psi/PsiCaseLabelElement
instanceKlass org/jetbrains/kotlin/com/intellij/psi/PsiAnnotationMemberValue
instanceKlass org/jetbrains/kotlin/com/intellij/psi/PsiJavaCodeReferenceElement
instanceKlass org/jetbrains/kotlin/com/intellij/psi/PsiQualifiedReferenceElement
instanceKlass org/jetbrains/kotlin/com/intellij/psi/PsiQualifiedReference
instanceKlass org/jetbrains/kotlin/com/intellij/psi/PsiJavaReference
instanceKlass org/jetbrains/kotlin/com/intellij/psi/PsiPolyVariantReference
instanceKlass org/jetbrains/kotlin/com/intellij/lang/jvm/types/JvmReferenceType
instanceKlass org/jetbrains/kotlin/com/intellij/lang/java/parser/BasicJavaParserUtil$ParserWrapper
instanceKlass org/jetbrains/kotlin/com/intellij/lang/jvm/types/JvmPrimitiveType
instanceKlass org/jetbrains/kotlin/com/intellij/psi/PsiType
instanceKlass org/jetbrains/kotlin/com/intellij/psi/PsiAnnotationOwner
instanceKlass org/jetbrains/kotlin/com/intellij/lang/jvm/types/JvmType
instanceKlass org/jetbrains/kotlin/com/intellij/psi/impl/PsiJavaParserFacadeImpl
instanceKlass org/jetbrains/kotlin/com/intellij/psi/PsiElementFactory
instanceKlass org/jetbrains/kotlin/com/intellij/psi/PsiJavaParserFacade
instanceKlass org/jetbrains/kotlin/com/intellij/psi/JVMElementFactory
instanceKlass org/jetbrains/kotlin/com/intellij/lang/injection/InjectedLanguageManager
instanceKlass org/jetbrains/kotlin/com/intellij/mock/MockDumbUtil
instanceKlass org/jetbrains/kotlin/com/intellij/openapi/project/DumbUtil
instanceKlass org/jetbrains/kotlin/com/intellij/psi/search/impl/VirtualFileEnumeration
instanceKlass org/jetbrains/kotlin/com/intellij/psi/search/impl/VirtualFileEnumerationAware
instanceKlass org/jetbrains/kotlin/com/intellij/psi/search/SearchScope
instanceKlass org/jetbrains/kotlin/com/intellij/psi/search/ProjectAwareFileFilter
instanceKlass org/jetbrains/kotlin/com/intellij/psi/PsiDirectory
instanceKlass org/jetbrains/kotlin/com/intellij/psi/impl/file/PsiDirectoryFactory
instanceKlass org/jetbrains/kotlin/com/intellij/psi/util/CachedValue
instanceKlass org/jetbrains/kotlin/com/intellij/psi/util/ParameterizedCachedValue
instanceKlass org/jetbrains/kotlin/com/intellij/psi/impl/PsiCachedValuesFactory
instanceKlass org/jetbrains/kotlin/com/intellij/psi/util/CachedValueProvider
instanceKlass org/jetbrains/kotlin/com/intellij/psi/util/CachedValuesManager
instanceKlass org/jetbrains/kotlin/com/intellij/psi/impl/source/tree/TreeElementVisitor
instanceKlass org/jetbrains/kotlin/com/intellij/psi/PsiFileFactory
instanceKlass org/jetbrains/kotlin/com/intellij/psi/impl/PsiToDocumentSynchronizer
instanceKlass  @bci org/jetbrains/kotlin/com/intellij/openapi/editor/event/DocumentListener <clinit> ()V 7 <appendix> argL0 ; # org/jetbrains/kotlin/com/intellij/openapi/editor/event/DocumentListener$$Lambda+0x0000000100282328
instanceKlass org/jetbrains/kotlin/com/intellij/psi/PsiRecursiveVisitor
instanceKlass org/jetbrains/kotlin/com/intellij/psi/PsiElementVisitor
instanceKlass org/jetbrains/kotlin/com/intellij/openapi/editor/event/DocumentListener
instanceKlass org/jetbrains/kotlin/com/intellij/psi/PsiDocumentManager
instanceKlass org/jetbrains/kotlin/com/intellij/core/MockDocumentCommitProcessor
instanceKlass org/jetbrains/kotlin/com/intellij/psi/impl/DocumentCommitProcessor
instanceKlass org/jetbrains/kotlin/com/intellij/psi/SmartPointerManager
instanceKlass org/jetbrains/kotlin/com/intellij/psi/impl/file/impl/FileManagerImpl$1
instanceKlass  @bci org/jetbrains/kotlin/com/intellij/psi/impl/file/impl/FileManagerImpl <init> (Lorg/jetbrains/kotlin/com/intellij/psi/impl/PsiManagerImpl;Lorg/jetbrains/kotlin/com/intellij/openapi/util/NotNullLazyValue;)V 93 <appendix> member <vmtarget> ; # org/jetbrains/kotlin/com/intellij/psi/impl/file/impl/FileManagerImpl$$Lambda+0x000000010027f940
instanceKlass  @bci org/jetbrains/kotlin/com/intellij/psi/impl/file/impl/FileManagerImpl <init> (Lorg/jetbrains/kotlin/com/intellij/psi/impl/PsiManagerImpl;Lorg/jetbrains/kotlin/com/intellij/openapi/util/NotNullLazyValue;)V 52 <appendix> argL0 ; # org/jetbrains/kotlin/com/intellij/psi/impl/file/impl/FileManagerImpl$$Lambda+0x000000010027f6f0
instanceKlass org/jetbrains/kotlin/com/intellij/openapi/util/Comparing
instanceKlass org/jetbrains/kotlin/com/intellij/openapi/fileTypes/CharsetUtil
instanceKlass org/jetbrains/kotlin/com/intellij/util/LocalTimeCounter
instanceKlass  @bci org/jetbrains/kotlin/com/intellij/openapi/extensions/impl/ExtensionPointImpl addExtensionPointListener (Lorg/jetbrains/kotlin/com/intellij/openapi/extensions/ExtensionPointListener;ZLorg/jetbrains/kotlin/com/intellij/openapi/Disposable;)V 50 <appendix> member <vmtarget> ; # org/jetbrains/kotlin/com/intellij/openapi/extensions/impl/ExtensionPointImpl$$Lambda+0x000000010027edf0
instanceKlass org/jetbrains/kotlin/com/intellij/openapi/extensions/ExtensionPointPriorityListener
instanceKlass org/jetbrains/kotlin/com/intellij/openapi/extensions/ExtensionPointUtil$1
instanceKlass org/jetbrains/kotlin/com/intellij/openapi/extensions/ExtensionPointUtil
instanceKlass  @bci org/jetbrains/kotlin/com/intellij/openapi/vfs/DeprecatedVirtualFileSystem startEventPropagation ()V 33 <appendix> member <vmtarget> ; # org/jetbrains/kotlin/com/intellij/openapi/vfs/DeprecatedVirtualFileSystem$$Lambda+0x000000010027e490
instanceKlass  @bci org/jetbrains/kotlin/com/intellij/openapi/vfs/VirtualFile <clinit> ()V 7 <appendix> argL0 ; # org/jetbrains/kotlin/com/intellij/openapi/vfs/VirtualFile$$Lambda+0x000000010027e240
instanceKlass org/jetbrains/kotlin/com/intellij/openapi/vfs/NonPhysicalFileSystem
instanceKlass org/jetbrains/kotlin/com/intellij/openapi/vfs/VirtualFileWithAssignedFileType
instanceKlass org/jetbrains/kotlin/com/intellij/psi/impl/file/impl/FileManagerImpl
instanceKlass  @bci org/jetbrains/kotlin/com/intellij/openapi/util/NotNullLazyValue createValue (Lorg/jetbrains/kotlin/com/intellij/openapi/util/NotNullFactory;)Lorg/jetbrains/kotlin/com/intellij/openapi/util/NotNullLazyValue; 14 <appendix> member <vmtarget> ; # org/jetbrains/kotlin/com/intellij/openapi/util/NotNullLazyValue$$Lambda+0x000000010027be88
instanceKlass  @bci org/jetbrains/kotlin/com/intellij/psi/impl/PsiManagerImpl <init> (Lorg/jetbrains/kotlin/com/intellij/openapi/project/Project;)V 56 <appendix> member <vmtarget> ; # org/jetbrains/kotlin/com/intellij/psi/impl/PsiManagerImpl$$Lambda+0x000000010027bbf0
instanceKlass org/jetbrains/kotlin/com/intellij/openapi/util/NotNullFactory
instanceKlass org/jetbrains/kotlin/com/intellij/openapi/util/Factory
instanceKlass org/jetbrains/kotlin/com/intellij/openapi/vfs/VirtualFileFilter$2
instanceKlass org/jetbrains/kotlin/com/intellij/openapi/vfs/VirtualFileFilter$1
instanceKlass org/jetbrains/kotlin/com/intellij/openapi/vfs/VirtualFileFilter
instanceKlass  @bci org/jetbrains/kotlin/com/intellij/openapi/util/LowMemoryWatcher register (Ljava/lang/Runnable;Lorg/jetbrains/kotlin/com/intellij/openapi/util/LowMemoryWatcher$LowMemoryWatcherType;Lorg/jetbrains/kotlin/com/intellij/openapi/Disposable;)V 36 <appendix> member <vmtarget> ; # org/jetbrains/kotlin/com/intellij/openapi/util/LowMemoryWatcher$$Lambda+0x000000010027ae58
instanceKlass org/jetbrains/kotlin/com/intellij/openapi/util/LowMemoryWatcher
instanceKlass  @bci org/jetbrains/kotlin/com/intellij/psi/impl/source/resolve/ResolveCache <init> (Lorg/jetbrains/kotlin/com/intellij/openapi/project/Project;)V 47 <appendix> member <vmtarget> ; # org/jetbrains/kotlin/com/intellij/psi/impl/source/resolve/ResolveCache$$Lambda+0x000000010027a520
instanceKlass org/jetbrains/kotlin/com/intellij/psi/impl/source/resolve/ResolveCache$1
instanceKlass org/jetbrains/kotlin/com/intellij/psi/impl/AnyPsiChangeListener
instanceKlass org/jetbrains/kotlin/com/intellij/psi/impl/file/impl/FileManager
instanceKlass org/jetbrains/kotlin/com/intellij/openapi/wm/ex/ProgressIndicatorEx
instanceKlass org/jetbrains/kotlin/com/intellij/psi/ResolveResult
instanceKlass org/jetbrains/kotlin/com/intellij/psi/impl/source/resolve/ResolveCache$StrongValueReference
instanceKlass org/jetbrains/kotlin/com/intellij/util/containers/ConcurrentWeakKeySoftValueHashMap$ValueReference
instanceKlass org/jetbrains/kotlin/com/intellij/psi/impl/source/resolve/ResolveCache$AbstractResolver
instanceKlass org/jetbrains/kotlin/com/intellij/psi/PsiReference
instanceKlass org/jetbrains/kotlin/com/intellij/psi/impl/source/resolve/ResolveCache
instanceKlass org/jetbrains/kotlin/com/intellij/psi/impl/PsiModificationTrackerImpl$1
instanceKlass org/jetbrains/kotlin/com/intellij/openapi/project/DumbService$DumbModeListener
instanceKlass org/jetbrains/kotlin/com/intellij/openapi/project/DumbService$Companion
instanceKlass org/jetbrains/kotlin/com/intellij/openapi/project/DumbService
instanceKlass org/jetbrains/kotlin/com/intellij/psi/util/PsiModificationTracker$Listener
instanceKlass  @bci org/jetbrains/kotlin/com/intellij/util/containers/ConcurrentFactoryMap createWeakMap (Lorg/jetbrains/kotlin/com/intellij/util/Function;)Ljava/util/concurrent/ConcurrentMap; 10 <appendix> argL0 ; # org/jetbrains/kotlin/com/intellij/util/containers/ConcurrentFactoryMap$$Lambda+0x00000001002717e0
instanceKlass  @bci org/jetbrains/kotlin/com/intellij/psi/impl/PsiModificationTrackerImpl <init> (Lorg/jetbrains/kotlin/com/intellij/openapi/project/Project;)V 35 <appendix> argL0 ; # org/jetbrains/kotlin/com/intellij/psi/impl/PsiModificationTrackerImpl$$Lambda+0x0000000100271548
instanceKlass org/jetbrains/kotlin/com/intellij/psi/impl/PsiModificationTrackerImpl
instanceKlass org/jetbrains/kotlin/com/intellij/psi/util/PsiModificationTracker
instanceKlass org/jetbrains/kotlin/com/intellij/lang/jvm/facade/JvmElementProvider
instanceKlass org/jetbrains/kotlin/com/intellij/psi/PsiElementFinder
instanceKlass org/jetbrains/kotlin/com/intellij/psi/impl/PsiTreeChangePreprocessor
instanceKlass org/jetbrains/kotlin/com/intellij/openapi/roots/PackageIndex
instanceKlass org/jetbrains/kotlin/com/intellij/psi/impl/file/impl/JavaFileManager
instanceKlass org/jetbrains/kotlin/com/intellij/openapi/roots/FileIndexFacade
instanceKlass org/jetbrains/kotlin/com/intellij/psi/search/ProjectScopeBuilder
instanceKlass org/jetbrains/kotlin/com/intellij/psi/impl/ResolveScopeManager
instanceKlass org/jetbrains/kotlin/com/intellij/util/CachedValuesFactory
instanceKlass org/jetbrains/kotlin/com/intellij/openapi/project/Project
instanceKlass org/jetbrains/kotlin/com/intellij/core/CoreProjectEnvironment
instanceKlass org/jetbrains/kotlin/cli/jvm/compiler/KotlinCoreEnvironment$Companion$getOrCreateApplicationEnvironment$1$2
instanceKlass  @bci org/jetbrains/kotlin/cli/jvm/compiler/KotlinCoreEnvironment$Companion getOrCreateApplicationEnvironment (Lorg/jetbrains/kotlin/com/intellij/openapi/Disposable;Lorg/jetbrains/kotlin/config/CompilerConfiguration;Lorg/jetbrains/kotlin/cli/jvm/compiler/KotlinCoreApplicationEnvironmentMode;)Lorg/jetbrains/kotlin/cli/jvm/compiler/KotlinCoreApplicationEnvironment; 82 <appendix> argL0 ; # org/jetbrains/kotlin/cli/jvm/compiler/KotlinCoreEnvironment$Companion$$Lambda+0x00000001002756a0
instanceKlass org/jetbrains/kotlin/com/intellij/pom/java/InternalPersistentJavaLanguageLevelReaderService$DefaultImpl
instanceKlass org/jetbrains/kotlin/com/intellij/pom/java/InternalPersistentJavaLanguageLevelReaderService
instanceKlass org/jetbrains/kotlin/com/intellij/openapi/vfs/VirtualFileSet
instanceKlass org/jetbrains/kotlin/com/intellij/openapi/vfs/CompactVirtualFileSetFactory
instanceKlass org/jetbrains/kotlin/com/intellij/openapi/vfs/VirtualFileSetFactoryKt
instanceKlass org/jetbrains/kotlin/com/intellij/openapi/vfs/VirtualFileSetFactory
instanceKlass org/jetbrains/kotlin/com/intellij/openapi/application/TransactionGuard
instanceKlass org/jetbrains/kotlin/com/intellij/psi/util/JavaClassSupers
instanceKlass org/jetbrains/kotlin/load/kotlin/KotlinBinaryClassCache$Companion
instanceKlass org/jetbrains/kotlin/load/kotlin/KotlinBinaryClassCache
instanceKlass org/jetbrains/kotlin/psi/stubs/KotlinFileStub
instanceKlass org/jetbrains/kotlin/parsing/KotlinParserDefinition$Companion
instanceKlass org/jetbrains/kotlin/parsing/KotlinCommonParserDefinition
instanceKlass  @bci org/jetbrains/kotlin/idea/KotlinFileType <init> ()V 8 <appendix> argL0 ; # org/jetbrains/kotlin/idea/KotlinFileType$$Lambda+0x000000010026e878
instanceKlass sun/invoke/util/VerifyAccess$1
instanceKlass javax/swing/Icon
instanceKlass org/jetbrains/kotlin/com/intellij/util/keyFMap/OneElementFMap
instanceKlass org/jetbrains/kotlin/com/intellij/openapi/extensions/impl/ExtensionProcessingHelper
instanceKlass  @bci org/jetbrains/kotlin/com/intellij/lang/LanguageUtil matchingMetaLanguages (Lorg/jetbrains/kotlin/com/intellij/lang/Language;)Ljava/util/List; 94 <appendix> member <vmtarget> ; # org/jetbrains/kotlin/com/intellij/lang/LanguageUtil$$Lambda+0x000000010026db30
instanceKlass  @cpi org/jetbrains/kotlin/com/intellij/lang/LanguageUtil 261 form vmentry <vmtarget> ; # java/lang/invoke/LambdaForm$DMH+0x0000000100270000
instanceKlass org/jetbrains/kotlin/com/intellij/openapi/extensions/impl/ExtensionsAreaImplKt
instanceKlass kotlinx/coroutines/IncompleteStateBox
instanceKlass kotlinx/coroutines/internal/LockFreeLinkedListNode
instanceKlass kotlin/coroutines/jvm/internal/CompletedContinuation
instanceKlass  @bci org/jetbrains/kotlin/com/intellij/openapi/util/BuildNumber <clinit> ()V 4 <appendix> argL0 ; # org/jetbrains/kotlin/com/intellij/openapi/util/BuildNumber$$Lambda+0x000000010026c4a8
instanceKlass org/jetbrains/kotlin/com/intellij/openapi/util/BuildNumber
instanceKlass org/jetbrains/kotlin/com/intellij/ide/plugins/PluginManagerCore
instanceKlass org/jetbrains/kotlin/com/intellij/ide/plugins/PluginContentDescriptor$Companion
instanceKlass org/jetbrains/kotlin/com/intellij/ide/plugins/PluginContentDescriptor
instanceKlass org/jetbrains/kotlin/com/intellij/ide/plugins/IdeaPluginDescriptorImpl
instanceKlass org/jetbrains/kotlin/com/intellij/ide/plugins/IdeaPluginDescriptor
instanceKlass org/jetbrains/kotlin/org/codehaus/stax2/ri/typed/ValueDecoderFactory
instanceKlass org/jetbrains/kotlin/com/fasterxml/aalto/in/ByteBasedPNameTable$Bucket
instanceKlass org/jetbrains/kotlin/com/intellij/openapi/extensions/ExtensionPointDescriptor
instanceKlass org/jetbrains/kotlin/com/fasterxml/aalto/util/DataUtil
instanceKlass org/jetbrains/kotlin/com/fasterxml/aalto/in/ElementScope
instanceKlass org/jetbrains/kotlin/com/fasterxml/aalto/in/ByteBasedPNameFactory
instanceKlass org/jetbrains/kotlin/com/intellij/ide/plugins/ModuleDependenciesDescriptor$Companion
instanceKlass org/jetbrains/kotlin/com/intellij/ide/plugins/ModuleDependenciesDescriptor
instanceKlass org/jetbrains/kotlin/com/intellij/ide/plugins/ContainerDescriptor
instanceKlass org/jetbrains/kotlin/com/intellij/ide/plugins/RawPluginDescriptor
instanceKlass org/jetbrains/kotlin/com/fasterxml/aalto/util/BufferRecycler
instanceKlass org/jetbrains/kotlin/com/fasterxml/aalto/util/NameTable
instanceKlass org/jetbrains/kotlin/com/fasterxml/aalto/util/XmlCharTypes
instanceKlass org/jetbrains/kotlin/com/fasterxml/aalto/in/AttributeCollector
instanceKlass org/jetbrains/kotlin/com/fasterxml/aalto/util/TextBuilder
instanceKlass org/jetbrains/kotlin/com/fasterxml/aalto/in/FixedNsContext
instanceKlass org/jetbrains/kotlin/com/fasterxml/aalto/in/NsBinding
instanceKlass org/jetbrains/kotlin/com/fasterxml/aalto/in/PName
instanceKlass org/jetbrains/kotlin/org/codehaus/stax2/XMLStreamLocation2
instanceKlass org/jetbrains/kotlin/org/codehaus/stax2/typed/TypedValueDecoder
instanceKlass org/jetbrains/kotlin/com/fasterxml/aalto/stax/StreamReaderImpl
instanceKlass org/jetbrains/kotlin/org/codehaus/stax2/XMLStreamReader2
instanceKlass org/jetbrains/kotlin/org/codehaus/stax2/typed/TypedXMLStreamReader
instanceKlass javax/xml/stream/XMLStreamReader
instanceKlass org/jetbrains/kotlin/org/codehaus/stax2/LocationInfo
instanceKlass org/jetbrains/kotlin/com/fasterxml/aalto/in/XmlScanner
instanceKlass javax/xml/stream/XMLStreamConstants
instanceKlass javax/xml/namespace/NamespaceContext
instanceKlass javax/xml/stream/Location
instanceKlass org/jetbrains/kotlin/com/fasterxml/aalto/in/InputBootstrapper
instanceKlass org/jetbrains/kotlin/com/fasterxml/aalto/util/UriCanonicalizer
instanceKlass org/jetbrains/kotlin/com/fasterxml/aalto/in/ReaderConfig$EncodingContext
instanceKlass org/jetbrains/kotlin/com/fasterxml/aalto/impl/CommonConfig
instanceKlass org/jetbrains/kotlin/com/intellij/util/xml/dom/StaxFactory
instanceKlass kotlin/jvm/internal/SpreadBuilder
instanceKlass org/jetbrains/kotlin/com/intellij/ide/plugins/XmlReader
instanceKlass org/jetbrains/kotlin/com/intellij/ide/plugins/JavaZipFileDataLoader
instanceKlass org/jetbrains/kotlin/com/intellij/ide/plugins/DataLoader
instanceKlass kotlin/ResultKt
instanceKlass kotlinx/coroutines/internal/OpDescriptor
instanceKlass kotlinx/coroutines/DispatchedTaskKt
instanceKlass kotlinx/coroutines/CompletedExceptionally
instanceKlass kotlinx/coroutines/EventLoop_commonKt
instanceKlass kotlinx/coroutines/AbstractTimeSourceKt
instanceKlass kotlin/Result$Failure
instanceKlass kotlinx/coroutines/CompletionStateKt
instanceKlass kotlin/Result$Companion
instanceKlass kotlin/Result
instanceKlass kotlinx/coroutines/internal/ThreadContextKt
instanceKlass kotlinx/coroutines/internal/DispatchedContinuationKt
instanceKlass kotlinx/coroutines/scheduling/Task
instanceKlass kotlin/coroutines/jvm/internal/DebugProbesKt
instanceKlass kotlin/coroutines/intrinsics/IntrinsicsKt__IntrinsicsJvmKt
instanceKlass kotlinx/coroutines/intrinsics/CancellableKt
instanceKlass kotlinx/coroutines/CoroutineStart$WhenMappings
instanceKlass kotlin/coroutines/CombinedContext
instanceKlass kotlinx/coroutines/Job$DefaultImpls
instanceKlass kotlin/coroutines/CoroutineContext$DefaultImpls
instanceKlass kotlinx/coroutines/NonDisposableHandle
instanceKlass kotlinx/coroutines/ChildHandle
instanceKlass kotlinx/coroutines/DisposableHandle
instanceKlass kotlinx/coroutines/Job$Key
instanceKlass kotlinx/coroutines/Empty
instanceKlass kotlinx/coroutines/Incomplete
instanceKlass kotlinx/coroutines/JobSupportKt
instanceKlass kotlinx/coroutines/JobSupport
instanceKlass kotlinx/coroutines/selects/SelectClause0
instanceKlass kotlinx/coroutines/ParentJob
instanceKlass kotlinx/coroutines/ChildJob
instanceKlass kotlinx/coroutines/Job
instanceKlass kotlin/coroutines/ContinuationInterceptor$DefaultImpls
instanceKlass kotlinx/coroutines/DefaultExecutorKt
instanceKlass kotlinx/coroutines/internal/LimitedDispatcherKt
instanceKlass java/util/concurrent/atomic/AtomicReferenceArray
instanceKlass kotlinx/coroutines/internal/LockFreeTaskQueueCore$Companion
instanceKlass kotlinx/coroutines/internal/LockFreeTaskQueueCore
instanceKlass java/util/concurrent/atomic/AtomicIntegerFieldUpdater$AtomicIntegerFieldUpdaterImpl$1
instanceKlass java/util/concurrent/atomic/AtomicIntegerFieldUpdater
instanceKlass kotlinx/coroutines/internal/ResizableAtomicArray
instanceKlass kotlinx/coroutines/internal/LockFreeTaskQueue
instanceKlass kotlinx/coroutines/internal/Symbol
instanceKlass kotlinx/coroutines/scheduling/CoroutineScheduler$Companion
instanceKlass kotlinx/coroutines/scheduling/CoroutineScheduler
instanceKlass java/util/concurrent/Executor
instanceKlass kotlinx/coroutines/scheduling/TaskContextImpl
instanceKlass kotlinx/coroutines/scheduling/TaskContext
instanceKlass kotlinx/coroutines/scheduling/SchedulerTimeSource
instanceKlass kotlinx/coroutines/internal/SystemPropsKt__SystemProps_commonKt
instanceKlass kotlinx/coroutines/scheduling/TasksKt
instanceKlass kotlinx/coroutines/Dispatchers
instanceKlass kotlinx/coroutines/internal/SystemPropsKt__SystemPropsKt
instanceKlass kotlinx/coroutines/internal/SystemPropsKt
instanceKlass kotlinx/coroutines/DebugKt
instanceKlass kotlinx/coroutines/CopyableThreadContextElement
instanceKlass kotlinx/coroutines/ThreadContextElement
instanceKlass kotlin/coroutines/CoroutineContext$Element$DefaultImpls
instanceKlass kotlinx/coroutines/CoroutineContextKt
instanceKlass kotlinx/coroutines/GlobalScope
instanceKlass kotlin/coroutines/AbstractCoroutineContextKey
instanceKlass kotlin/coroutines/AbstractCoroutineContextElement
instanceKlass kotlinx/coroutines/Delay
instanceKlass kotlinx/coroutines/EventLoopKt
instanceKlass kotlinx/coroutines/ThreadLocalEventLoop
instanceKlass kotlin/coroutines/ContinuationInterceptor$Key
instanceKlass kotlin/coroutines/CoroutineContext$Key
instanceKlass kotlin/coroutines/ContinuationInterceptor
instanceKlass kotlin/coroutines/CoroutineContext$Element
instanceKlass kotlin/coroutines/EmptyCoroutineContext
instanceKlass kotlin/coroutines/CoroutineContext
instanceKlass kotlinx/coroutines/BuildersKt__BuildersKt
instanceKlass kotlinx/coroutines/BuildersKt
instanceKlass kotlin/coroutines/jvm/internal/BaseContinuationImpl
instanceKlass kotlin/coroutines/jvm/internal/CoroutineStackFrame
instanceKlass kotlin/coroutines/Continuation
instanceKlass kotlin/coroutines/jvm/internal/SuspendFunction
instanceKlass  @bci org/jetbrains/kotlin/com/intellij/ide/plugins/DescriptorListLoadingContext <init> (Ljava/util/Set;Ljava/util/Set;Ljava/util/Map;Lkotlin/jvm/functions/Function0;ZZZZ)V 128 <appendix> member <vmtarget> ; # org/jetbrains/kotlin/com/intellij/ide/plugins/DescriptorListLoadingContext$$Lambda+0x000000010024f9e8
instanceKlass org/jetbrains/kotlin/com/intellij/ide/plugins/MyXmlInterner
instanceKlass org/jetbrains/kotlin/com/intellij/util/xml/dom/XmlInterner
instanceKlass org/jetbrains/kotlin/com/intellij/ide/plugins/DescriptorListLoadingContext
instanceKlass org/jetbrains/kotlin/com/intellij/ide/plugins/ReadModuleContext
instanceKlass org/jetbrains/kotlin/com/intellij/ide/plugins/PluginXmlPathResolver$Companion
instanceKlass org/jetbrains/kotlin/com/intellij/ide/plugins/PluginXmlPathResolver
instanceKlass org/jetbrains/kotlin/com/intellij/ide/plugins/PathResolver
instanceKlass org/jetbrains/kotlin/com/intellij/ide/plugins/PluginDescriptorLoader
instanceKlass org/jetbrains/kotlin/com/intellij/psi/JavaModuleSystem
instanceKlass org/jetbrains/kotlin/com/intellij/psi/impl/compiled/ClsCustomNavigationPolicy
instanceKlass org/jetbrains/kotlin/cli/jvm/compiler/IdeaExtensionPoints
instanceKlass org/jetbrains/kotlin/com/intellij/psi/impl/smartPointers/SmartPointerAnchorProvider
instanceKlass org/jetbrains/kotlin/com/intellij/codeInsight/runner/JavaMainMethodProvider
instanceKlass org/jetbrains/kotlin/com/intellij/openapi/util/NotNullLazyValue
instanceKlass  @bci org/jetbrains/kotlin/com/intellij/psi/augment/PsiAugmentProvider <clinit> ()V 17 <appendix> argL0 ; # org/jetbrains/kotlin/com/intellij/psi/augment/PsiAugmentProvider$$Lambda+0x000000010024c008
instanceKlass org/jetbrains/kotlin/com/intellij/psi/augment/PsiAugmentProvider
instanceKlass org/jetbrains/kotlin/com/intellij/psi/meta/MetaDataContributor
instanceKlass org/jetbrains/kotlin/com/intellij/psi/FileContextProvider
instanceKlass org/jetbrains/kotlin/cli/jvm/compiler/DummyJavaFileCodeStyleFacadeFactory
instanceKlass org/jetbrains/kotlin/com/intellij/psi/codeStyle/JavaFileCodeStyleFacadeFactory
instanceKlass  @bci org/jetbrains/kotlin/com/intellij/openapi/fileTypes/BinaryFileTypeDecompilers notifyDecompilerSetChange ()V 3 <appendix> argL0 ; # org/jetbrains/kotlin/com/intellij/openapi/fileTypes/BinaryFileTypeDecompilers$$Lambda+0x000000010024a5e0
instanceKlass  @bci org/jetbrains/kotlin/com/intellij/openapi/fileTypes/BinaryFileTypeDecompilers <init> ()V 11 <appendix> member <vmtarget> ; # org/jetbrains/kotlin/com/intellij/openapi/fileTypes/BinaryFileTypeDecompilers$$Lambda+0x000000010024a388
instanceKlass org/jetbrains/kotlin/com/intellij/psi/FileViewProvider
instanceKlass org/jetbrains/kotlin/com/intellij/psi/compiled/ClsStubBuilder
instanceKlass org/jetbrains/kotlin/com/intellij/psi/compiled/ClassFileDecompilers$Full
instanceKlass  @bci org/jetbrains/kotlin/com/intellij/psi/compiled/ClassFileDecompilers <init> ()V 21 <appendix> argL0 ; # org/jetbrains/kotlin/com/intellij/psi/compiled/ClassFileDecompilers$$Lambda+0x00000001002495a0
instanceKlass java/util/TimSort
instanceKlass java/util/Arrays$LegacyMergeSort
instanceKlass  @bci org/jetbrains/kotlin/com/intellij/util/pico/CachingConstructorInjectionComponentAdapter getGreediestSatisfiableConstructor (Lorg/jetbrains/kotlin/org/picocontainer/ComponentAdapter;Lorg/jetbrains/kotlin/com/intellij/util/pico/DefaultPicoContainer;Ljava/lang/Class;)Ljava/lang/reflect/Constructor; 43 <appendix> argL0 ; # org/jetbrains/kotlin/com/intellij/util/pico/CachingConstructorInjectionComponentAdapter$$Lambda+0x00000001002492d8
instanceKlass org/jetbrains/kotlin/com/intellij/openapi/components/Service
instanceKlass org/jetbrains/kotlin/com/intellij/psi/compiled/ClassFileDecompilers
instanceKlass org/jetbrains/kotlin/com/intellij/psi/compiled/ClassFileDecompilers$Decompiler
instanceKlass org/jetbrains/kotlin/com/intellij/psi/util/MethodSignature
instanceKlass org/jetbrains/kotlin/com/intellij/openapi/application/QueryExecutorBase
instanceKlass org/jetbrains/kotlin/com/intellij/util/QueryExecutor
instanceKlass org/jetbrains/kotlin/com/intellij/psi/search/searches/SuperMethodsSearch$1
instanceKlass org/jetbrains/kotlin/com/intellij/openapi/extensions/SmartExtensionPoint$1
instanceKlass org/jetbrains/kotlin/com/intellij/openapi/extensions/ExtensionPointAndAreaListener
instanceKlass org/jetbrains/kotlin/com/intellij/openapi/extensions/SmartExtensionPoint
instanceKlass org/jetbrains/kotlin/com/intellij/util/Query
instanceKlass org/jetbrains/kotlin/com/intellij/util/QueryFactory
instanceKlass  @bci org/jetbrains/kotlin/com/intellij/openapi/util/registry/Registry doGet (Ljava/lang/String;)Lorg/jetbrains/kotlin/com/intellij/openapi/util/registry/RegistryValue; 14 <appendix> member <vmtarget> ; # org/jetbrains/kotlin/com/intellij/openapi/util/registry/Registry$$Lambda+0x0000000100245bb8
instanceKlass org/jetbrains/kotlin/com/intellij/openapi/util/registry/RegistryValue
instanceKlass org/jetbrains/kotlin/com/intellij/openapi/util/registry/Registry$1
instanceKlass org/jetbrains/kotlin/com/intellij/openapi/util/registry/RegistryValueListener
instanceKlass org/jetbrains/kotlin/com/intellij/openapi/util/registry/Registry
instanceKlass org/jetbrains/kotlin/com/intellij/lang/folding/FoldingBuilderEx
instanceKlass org/jetbrains/kotlin/com/intellij/openapi/project/PossiblyDumbAware
instanceKlass org/jetbrains/kotlin/com/intellij/openapi/project/DumbAware
instanceKlass org/jetbrains/kotlin/com/intellij/lang/folding/FoldingBuilder
instanceKlass org/jetbrains/kotlin/com/intellij/codeInsight/folding/JavaCodeFoldingSettings
instanceKlass org/jetbrains/kotlin/com/intellij/psi/PsiParameter
instanceKlass org/jetbrains/kotlin/com/intellij/lang/jvm/JvmParameter
instanceKlass org/jetbrains/kotlin/com/intellij/psi/presentation/java/VariablePresentationProvider
instanceKlass org/jetbrains/kotlin/com/intellij/psi/PsiLocalVariable
instanceKlass org/jetbrains/kotlin/com/intellij/psi/presentation/java/FieldPresentationProvider
instanceKlass org/jetbrains/kotlin/com/intellij/psi/PsiField
instanceKlass org/jetbrains/kotlin/com/intellij/psi/PsiVariable
instanceKlass org/jetbrains/kotlin/com/intellij/lang/jvm/JvmField
instanceKlass org/jetbrains/kotlin/com/intellij/psi/presentation/java/MethodPresentationProvider
instanceKlass org/jetbrains/kotlin/com/intellij/psi/PsiMethod
instanceKlass org/jetbrains/kotlin/com/intellij/psi/PsiParameterListOwner
instanceKlass org/jetbrains/kotlin/com/intellij/lang/jvm/JvmMethod
instanceKlass org/jetbrains/kotlin/com/intellij/psi/presentation/java/ClassPresentationProvider
instanceKlass org/jetbrains/kotlin/com/intellij/psi/PsiClass
instanceKlass org/jetbrains/kotlin/com/intellij/psi/PsiTypeParameterListOwner
instanceKlass org/jetbrains/kotlin/com/intellij/psi/PsiJvmMember
instanceKlass org/jetbrains/kotlin/com/intellij/psi/PsiTarget
instanceKlass org/jetbrains/kotlin/com/intellij/psi/PsiNameIdentifierOwner
instanceKlass org/jetbrains/kotlin/com/intellij/psi/PsiDocCommentOwner
instanceKlass org/jetbrains/kotlin/com/intellij/psi/PsiMember
instanceKlass org/jetbrains/kotlin/com/intellij/psi/PsiJavaDocumentedElement
instanceKlass org/jetbrains/kotlin/com/intellij/pom/PomRenameableTarget
instanceKlass org/jetbrains/kotlin/com/intellij/pom/PomNamedTarget
instanceKlass org/jetbrains/kotlin/com/intellij/pom/PomTarget
instanceKlass org/jetbrains/kotlin/com/intellij/lang/jvm/JvmClass
instanceKlass org/jetbrains/kotlin/com/intellij/lang/jvm/JvmTypeParametersOwner
instanceKlass org/jetbrains/kotlin/com/intellij/lang/jvm/JvmMember
instanceKlass org/jetbrains/kotlin/com/intellij/lang/jvm/JvmTypeDeclaration
instanceKlass org/jetbrains/kotlin/com/intellij/navigation/ItemPresentation
instanceKlass org/jetbrains/kotlin/com/intellij/psi/presentation/java/PackagePresentationProvider
instanceKlass org/jetbrains/kotlin/com/intellij/navigation/ItemPresentationProvider
instanceKlass org/jetbrains/kotlin/com/intellij/psi/PsiPackage
instanceKlass org/jetbrains/kotlin/com/intellij/psi/PsiQualifiedNamedElement
instanceKlass org/jetbrains/kotlin/com/intellij/psi/PsiJvmModifiersOwner
instanceKlass org/jetbrains/kotlin/com/intellij/psi/PsiModifierListOwner
instanceKlass org/jetbrains/kotlin/com/intellij/lang/jvm/JvmModifiersOwner
instanceKlass org/jetbrains/kotlin/com/intellij/psi/PsiDirectoryContainer
instanceKlass org/jetbrains/kotlin/com/intellij/lang/jvm/JvmPackage
instanceKlass org/jetbrains/kotlin/com/intellij/lang/jvm/JvmNamedElement
instanceKlass org/jetbrains/kotlin/com/intellij/lang/jvm/JvmAnnotatedElement
instanceKlass org/jetbrains/kotlin/com/intellij/lang/jvm/JvmElement
instanceKlass org/jetbrains/kotlin/com/intellij/openapi/projectRoots/JavaVersionService
instanceKlass org/jetbrains/kotlin/com/intellij/psi/JavaDirectoryService
instanceKlass org/jetbrains/kotlin/com/intellij/psi/PsiSubstitutor
instanceKlass org/jetbrains/kotlin/com/intellij/psi/PsiSubstitutorFactory
instanceKlass  @bci org/jetbrains/kotlin/com/intellij/openapi/util/ModificationTracker <clinit> ()V 10 <appendix> argL0 ; # org/jetbrains/kotlin/com/intellij/openapi/util/ModificationTracker$$Lambda+0x000000010023a6e8
instanceKlass org/jetbrains/kotlin/com/intellij/openapi/util/ModificationTracker$1
instanceKlass org/jetbrains/kotlin/com/intellij/psi/impl/file/PsiPackageImplementationHelper
instanceKlass  @bci org/jetbrains/kotlin/com/intellij/openapi/extensions/impl/ExtensionPointImpl doRegisterExtension (Ljava/lang/Object;Lorg/jetbrains/kotlin/com/intellij/openapi/extensions/LoadingOrder;Lorg/jetbrains/kotlin/com/intellij/openapi/extensions/PluginDescriptor;Lorg/jetbrains/kotlin/com/intellij/openapi/Disposable;)V 166 <appendix> member <vmtarget> ; # org/jetbrains/kotlin/com/intellij/openapi/extensions/impl/ExtensionPointImpl$$Lambda+0x000000010023fb18
instanceKlass  @bci org/jetbrains/kotlin/com/intellij/openapi/extensions/impl/ExtensionPointImpl$ObjectComponentAdapter <init> (Ljava/lang/Object;Lorg/jetbrains/kotlin/com/intellij/openapi/extensions/PluginDescriptor;Lorg/jetbrains/kotlin/com/intellij/openapi/extensions/LoadingOrder;)V 36 <appendix> member <vmtarget> ; # org/jetbrains/kotlin/com/intellij/openapi/extensions/impl/ExtensionPointImpl$ObjectComponentAdapter$$Lambda+0x000000010023f8c0
instanceKlass kotlin/internal/ProgressionUtilKt
instanceKlass kotlin/ranges/IntRange$Companion
instanceKlass kotlin/ranges/IntProgression$Companion
instanceKlass kotlin/ranges/IntProgression
instanceKlass kotlin/ranges/OpenEndRange
instanceKlass kotlin/ranges/ClosedRange
instanceKlass kotlin/text/DelimitedRangesSequence$iterator$1
instanceKlass kotlin/sequences/TransformingSequence$iterator$1
instanceKlass kotlin/sequences/FilteringSequence$iterator$1
instanceKlass kotlin/sequences/FilteringSequence
instanceKlass kotlin/sequences/TransformingSequence
instanceKlass kotlin/text/DelimitedRangesSequence
instanceKlass org/jetbrains/kotlin/com/intellij/openapi/extensions/LoadingOrder$Companion
instanceKlass org/jetbrains/kotlin/com/intellij/openapi/extensions/LoadingOrder
instanceKlass org/jetbrains/kotlin/com/intellij/codeInsight/JavaContainerProvider
instanceKlass org/jetbrains/kotlin/com/intellij/codeInsight/ContainerProvider
instanceKlass org/jetbrains/kotlin/com/intellij/psi/impl/PsiExpressionEvaluator
instanceKlass org/jetbrains/kotlin/com/intellij/psi/impl/ConstantExpressionEvaluator
instanceKlass org/jetbrains/kotlin/com/intellij/util/diff/FlyweightCapableTreeStructure
instanceKlass org/jetbrains/kotlin/com/intellij/psi/stubs/IndexSink
instanceKlass  @bci org/jetbrains/kotlin/com/intellij/psi/tree/IStubFileElementType <clinit> ()V 4 <appendix> argL0 ; # org/jetbrains/kotlin/com/intellij/psi/tree/IStubFileElementType$$Lambda+0x0000000100236d68
instanceKlass  @cpi org/jetbrains/kotlin/com/intellij/psi/tree/IStubFileElementType 233 form vmentry <vmtarget> ; # java/lang/invoke/LambdaForm$DMH+0x0000000100238400
# instanceKlass java/lang/invoke/LambdaForm$DMH+0x0000000100238000
instanceKlass org/jetbrains/kotlin/com/intellij/psi/impl/java/stubs/PsiJavaFileStub
instanceKlass org/jetbrains/kotlin/com/intellij/psi/stubs/PsiClassHolderFileStub
instanceKlass org/jetbrains/kotlin/com/intellij/psi/stubs/LightStubBuilder
instanceKlass org/jetbrains/kotlin/com/intellij/psi/stubs/PsiFileStub
instanceKlass org/jetbrains/kotlin/com/intellij/psi/stubs/StubElement
instanceKlass org/jetbrains/kotlin/com/intellij/psi/stubs/Stub
instanceKlass org/jetbrains/kotlin/com/intellij/psi/StubBuilder
instanceKlass org/jetbrains/kotlin/com/intellij/psi/stubs/StubSerializer
instanceKlass org/jetbrains/kotlin/com/intellij/psi/stubs/ObjectStubSerializer
instanceKlass org/jetbrains/kotlin/com/intellij/lang/java/JavaParserDefinition
instanceKlass org/jetbrains/kotlin/com/intellij/psi/javadoc/PsiDocTagValue
instanceKlass org/jetbrains/kotlin/com/intellij/psi/javadoc/PsiDocToken
instanceKlass org/jetbrains/kotlin/com/intellij/psi/javadoc/PsiSnippetAttributeValue
instanceKlass org/jetbrains/kotlin/com/intellij/psi/PsiFragment
instanceKlass org/jetbrains/kotlin/com/intellij/psi/PsiLiteralValue
instanceKlass org/jetbrains/kotlin/com/intellij/psi/PsiKeyword
instanceKlass org/jetbrains/kotlin/com/intellij/psi/PsiIdentifier
instanceKlass org/jetbrains/kotlin/com/intellij/psi/PsiJavaToken
instanceKlass org/jetbrains/kotlin/com/intellij/psi/impl/compiled/ClassFileStubBuilder
instanceKlass org/jetbrains/kotlin/com/intellij/psi/stubs/BinaryFileStubBuilder$CompositeBinaryFileStubBuilder
instanceKlass org/jetbrains/kotlin/com/intellij/psi/stubs/BinaryFileStubBuilder
instanceKlass org/jetbrains/kotlin/com/intellij/psi/ClassFileViewProviderFactory
instanceKlass org/jetbrains/kotlin/com/intellij/psi/FileViewProviderFactory
instanceKlass org/jetbrains/kotlin/com/intellij/openapi/util/Condition$3
instanceKlass org/jetbrains/kotlin/com/intellij/openapi/util/Condition$2
instanceKlass org/jetbrains/kotlin/com/intellij/openapi/util/Condition$1
instanceKlass org/jetbrains/kotlin/com/intellij/openapi/util/Condition
instanceKlass org/jetbrains/kotlin/com/intellij/openapi/util/Conditions
instanceKlass  @bci org/jetbrains/kotlin/com/intellij/psi/tree/IElementType <clinit> ()V 15 <appendix> argL0 ; # org/jetbrains/kotlin/com/intellij/psi/tree/IElementType$$Lambda+0x0000000100229950
instanceKlass org/jetbrains/kotlin/com/intellij/psi/tree/IElementType$Predicate
instanceKlass  @bci org/jetbrains/kotlin/com/intellij/psi/tree/IElementType <clinit> ()V 7 <appendix> argL0 ; # org/jetbrains/kotlin/com/intellij/psi/tree/IElementType$$Lambda+0x00000001002294d0
instanceKlass org/jetbrains/kotlin/com/intellij/lexer/Lexer
instanceKlass org/jetbrains/kotlin/com/intellij/openapi/fileTypes/PlainTextParserDefinition
instanceKlass  @bci org/jetbrains/kotlin/com/intellij/openapi/util/KeyedExtensionCollector addExplicitExtension (Ljava/lang/Object;Ljava/lang/Object;Lorg/jetbrains/kotlin/com/intellij/openapi/Disposable;)V 36 <appendix> member <vmtarget> ; # org/jetbrains/kotlin/com/intellij/openapi/util/KeyedExtensionCollector$$Lambda+0x0000000100227c60
instanceKlass org/jetbrains/kotlin/kotlinx/collections/immutable/implementations/immutableList/AbstractListIterator
instanceKlass org/jetbrains/kotlin/kotlinx/collections/immutable/internal/ListImplementation
instanceKlass  @bci org/jetbrains/kotlin/com/intellij/lang/LanguageUtil <clinit> ()V 0 <appendix> argL0 ; # org/jetbrains/kotlin/com/intellij/lang/LanguageUtil$$Lambda+0x0000000100226ec8
instanceKlass org/jetbrains/kotlin/com/intellij/lang/LanguageUtil
instanceKlass org/jetbrains/kotlin/kotlinx/collections/immutable/implementations/immutableSet/TrieNodeIterator
instanceKlass org/jetbrains/kotlin/kotlinx/collections/immutable/implementations/immutableSet/PersistentHashSetIterator
instanceKlass org/jetbrains/kotlin/com/intellij/util/containers/ContainerUtil$9$1
instanceKlass org/jetbrains/kotlin/com/intellij/util/containers/ContainerUtil$9
instanceKlass org/jetbrains/kotlin/com/intellij/psi/PsiPlainText
instanceKlass org/jetbrains/kotlin/com/intellij/lang/ASTFactory$DefaultFactoryHolder
instanceKlass org/jetbrains/kotlin/com/intellij/ide/highlighter/ArchiveFileType
instanceKlass org/jetbrains/kotlin/kotlinx/collections/immutable/implementations/immutableSet/TrieNode$Companion
instanceKlass org/jetbrains/kotlin/kotlinx/collections/immutable/implementations/immutableSet/TrieNode
instanceKlass org/jetbrains/kotlin/kotlinx/collections/immutable/implementations/immutableSet/PersistentHashSet$Companion
instanceKlass kotlin/collections/AbstractSet$Companion
instanceKlass org/jetbrains/kotlin/kotlinx/collections/immutable/PersistentSet
instanceKlass org/jetbrains/kotlin/kotlinx/collections/immutable/ImmutableSet
instanceKlass org/jetbrains/kotlin/com/intellij/openapi/fileTypes/LanguageFileType
instanceKlass org/jetbrains/kotlin/com/intellij/ide/highlighter/JavaClassFileType
instanceKlass org/jetbrains/kotlin/com/intellij/DynamicBundle$LanguageBundleEP
instanceKlass org/jetbrains/kotlin/com/intellij/util/pico/CachingConstructorInjectionComponentAdapter
instanceKlass org/jetbrains/kotlin/com/intellij/openapi/application/ApplicationInfo
instanceKlass org/jetbrains/kotlin/com/intellij/util/graph/GraphAlgorithms
instanceKlass org/jetbrains/kotlin/com/intellij/util/messages/impl/MessagePublisher
instanceKlass org/jetbrains/kotlin/com/intellij/util/messages/impl/CompositeMessageBus$WhenMappings
instanceKlass  @bci org/jetbrains/kotlin/com/intellij/util/messages/impl/MessageBusImpl syncPublisher (Lorg/jetbrains/kotlin/com/intellij/util/messages/Topic;)Ljava/lang/Object; 60 <appendix> member <vmtarget> ; # org/jetbrains/kotlin/com/intellij/util/messages/impl/MessageBusImpl$$Lambda+0x000000010021e9b0
instanceKlass org/jetbrains/kotlin/com/intellij/openapi/command/impl/CoreCommandProcessor$1
instanceKlass org/jetbrains/kotlin/com/intellij/openapi/command/CommandListener
instanceKlass org/jetbrains/kotlin/com/intellij/openapi/command/CommandToken
instanceKlass org/jetbrains/kotlin/com/intellij/openapi/command/CommandProcessor
instanceKlass org/jetbrains/kotlin/com/intellij/codeInsight/folding/CodeFoldingSettings
instanceKlass  @bci org/jetbrains/kotlin/com/intellij/util/containers/Unsafe arrayBaseOffset (Ljava/lang/Class;)I 4 <adapter> ; # java/lang/invoke/LambdaForm$MH+0x000000010021dc00
instanceKlass  @bci org/jetbrains/kotlin/com/intellij/util/containers/Unsafe objectFieldOffset (Ljava/lang/reflect/Field;)J 4 <adapter> ; # java/lang/invoke/LambdaForm$MH+0x000000010021d800
# instanceKlass java/lang/invoke/LambdaForm$MH+0x000000010021d400
# instanceKlass java/lang/invoke/LambdaForm$BMH+0x000000010021d000
# instanceKlass java/lang/invoke/LambdaForm$DMH+0x000000010021cc00
# instanceKlass java/lang/invoke/LambdaForm$DMH+0x000000010021c800
# instanceKlass java/lang/invoke/LambdaForm$MH+0x000000010021c400
# instanceKlass java/lang/invoke/LambdaForm$DMH+0x000000010021c000
# instanceKlass java/lang/invoke/LambdaForm$MH+0x000000010021bc00
# instanceKlass java/lang/invoke/LambdaForm$MH+0x000000010021b800
# instanceKlass java/lang/invoke/LambdaForm$BMH+0x000000010021b400
# instanceKlass java/lang/invoke/LambdaForm$DMH+0x000000010021b000
# instanceKlass java/lang/invoke/LambdaForm$DMH+0x000000010021ac00
# instanceKlass java/lang/invoke/LambdaForm$MH+0x000000010021a800
# instanceKlass java/lang/invoke/LambdaForm$BMH+0x000000010021a400
# instanceKlass java/lang/invoke/LambdaForm$DMH+0x000000010021a000
# instanceKlass java/lang/invoke/LambdaForm$DMH+0x0000000100219c00
# instanceKlass java/lang/invoke/LambdaForm$MH+0x0000000100219800
# instanceKlass java/lang/invoke/LambdaForm$BMH+0x0000000100219400
# instanceKlass java/lang/invoke/LambdaForm$DMH+0x0000000100219000
# instanceKlass java/lang/invoke/LambdaForm$DMH+0x0000000100218c00
# instanceKlass java/lang/invoke/LambdaForm$MH+0x0000000100218800
# instanceKlass java/lang/invoke/LambdaForm$BMH+0x0000000100218400
# instanceKlass java/lang/invoke/LambdaForm$DMH+0x0000000100218000
# instanceKlass java/lang/invoke/LambdaForm$DMH+0x0000000100215c00
# instanceKlass java/lang/invoke/LambdaForm$MH+0x0000000100215800
# instanceKlass java/lang/invoke/LambdaForm$DMH+0x0000000100215400
# instanceKlass java/lang/invoke/LambdaForm$MH+0x0000000100215000
# instanceKlass java/lang/invoke/LambdaForm$BMH+0x0000000100214c00
# instanceKlass java/lang/invoke/LambdaForm$DMH+0x0000000100214800
# instanceKlass java/lang/invoke/LambdaForm$DMH+0x0000000100214400
instanceKlass org/jetbrains/kotlin/com/intellij/util/containers/Unsafe
instanceKlass org/jetbrains/kotlin/com/intellij/util/ConcurrentLongObjectHashMap$CounterCell
instanceKlass org/jetbrains/kotlin/com/intellij/util/ConcurrentLongObjectHashMap$Node
instanceKlass org/jetbrains/kotlin/com/intellij/util/containers/ConcurrentLongObjectMap$LongEntry
instanceKlass org/jetbrains/kotlin/com/intellij/util/ConcurrentLongObjectHashMap
instanceKlass org/jetbrains/kotlin/com/intellij/util/containers/ConcurrentLongObjectMap
instanceKlass org/jetbrains/kotlin/com/intellij/util/Java11Shim$Companion$INSTANCE$1
instanceKlass org/jetbrains/kotlin/com/intellij/util/Java11Shim$Companion
instanceKlass org/jetbrains/kotlin/com/intellij/util/Java11Shim
instanceKlass  @bci org/jetbrains/kotlin/com/intellij/openapi/progress/ProgressManager <clinit> ()V 0 <appendix> argL0 ; # org/jetbrains/kotlin/com/intellij/openapi/progress/ProgressManager$$Lambda+0x0000000100212008
instanceKlass  @cpi org/jetbrains/kotlin/com/intellij/openapi/progress/ProgressManager 238 form vmentry <vmtarget> ; # java/lang/invoke/LambdaForm$DMH+0x0000000100214000
instanceKlass java/util/concurrent/Future
instanceKlass org/jetbrains/kotlin/com/intellij/openapi/progress/PerformInBackgroundOption
instanceKlass org/jetbrains/kotlin/com/intellij/openapi/progress/ProgressIndicator
instanceKlass org/jetbrains/kotlin/com/intellij/openapi/progress/Task
instanceKlass org/jetbrains/kotlin/com/intellij/openapi/progress/TaskInfo
instanceKlass org/jetbrains/kotlin/com/intellij/openapi/progress/Progressive
instanceKlass org/jetbrains/kotlin/com/intellij/psi/PsiReferenceService
instanceKlass org/jetbrains/kotlin/com/intellij/psi/stubs/ObjectStubTree
instanceKlass org/jetbrains/kotlin/com/intellij/psi/PsiFile
instanceKlass org/jetbrains/kotlin/com/intellij/psi/PsiFileSystemItem
instanceKlass org/jetbrains/kotlin/com/intellij/psi/PsiCheckedRenameElement
instanceKlass org/jetbrains/kotlin/com/intellij/psi/PsiNamedElement
instanceKlass org/jetbrains/kotlin/com/intellij/psi/NavigatablePsiElement
instanceKlass org/jetbrains/kotlin/com/intellij/psi/stubs/StubTreeLoader
instanceKlass org/jetbrains/kotlin/com/intellij/psi/PsiReferenceProviderBean
instanceKlass org/jetbrains/kotlin/com/intellij/psi/PsiReferenceContributor
instanceKlass org/jetbrains/kotlin/com/intellij/codeInsight/highlighting/PassRunningAssert
instanceKlass org/jetbrains/kotlin/it/unimi/dsi/fastutil/doubles/Double2ObjectMap
instanceKlass org/jetbrains/kotlin/it/unimi/dsi/fastutil/doubles/Double2ObjectFunction
instanceKlass java/util/function/DoubleFunction
instanceKlass org/jetbrains/kotlin/com/intellij/psi/PsiReferenceRegistrar
instanceKlass org/jetbrains/kotlin/com/intellij/psi/PsiReferenceProvider
instanceKlass org/jetbrains/kotlin/com/intellij/psi/impl/source/resolve/reference/ReferenceProvidersRegistry
instanceKlass org/jetbrains/kotlin/com/intellij/lang/PsiBuilder
instanceKlass org/jetbrains/kotlin/com/intellij/openapi/util/UserDataHolderUnprotected
instanceKlass org/jetbrains/kotlin/com/intellij/lang/SyntaxTreeBuilder
instanceKlass org/jetbrains/kotlin/com/intellij/lang/PsiBuilderFactory
instanceKlass  @bci java/util/regex/Pattern Range (II)Ljava/util/regex/Pattern$CharPredicate; 23 <appendix> member <vmtarget> ; # java/util/regex/Pattern$$Lambda+0x0000000100156438
instanceKlass  @bci org/jetbrains/kotlin/com/intellij/openapi/util/text/StringUtil <clinit> ()V 24 <appendix> argL0 ; # org/jetbrains/kotlin/com/intellij/openapi/util/text/StringUtil$$Lambda+0x000000010020ad38
instanceKlass  @bci org/jetbrains/kotlin/com/intellij/openapi/util/text/StringUtil <clinit> ()V 16 <appendix> argL0 ; # org/jetbrains/kotlin/com/intellij/openapi/util/text/StringUtil$$Lambda+0x000000010020aac8
instanceKlass org/jetbrains/kotlin/com/intellij/openapi/util/text/StringUtilRt
instanceKlass org/jetbrains/kotlin/com/intellij/psi/impl/source/CharTableImpl
instanceKlass org/jetbrains/kotlin/com/intellij/psi/PsiLanguageInjectionHost
instanceKlass org/jetbrains/kotlin/com/intellij/psi/PsiComment
instanceKlass org/jetbrains/kotlin/com/intellij/model/psi/UrlReferenceHost
instanceKlass org/jetbrains/kotlin/com/intellij/model/psi/PsiExternalReferenceHost
instanceKlass org/jetbrains/kotlin/com/intellij/navigation/NavigationItem
instanceKlass org/jetbrains/kotlin/com/intellij/pom/Navigatable
instanceKlass org/jetbrains/kotlin/com/intellij/psi/PsiWhiteSpace
instanceKlass org/jetbrains/kotlin/com/intellij/psi/PsiElement
instanceKlass org/jetbrains/kotlin/com/intellij/psi/tree/ILazyParseableElementTypeBase
instanceKlass org/jetbrains/kotlin/com/intellij/psi/tree/IElementType
instanceKlass org/jetbrains/kotlin/com/intellij/lang/FileASTNode
instanceKlass org/jetbrains/kotlin/com/intellij/openapi/util/Iconable
instanceKlass org/jetbrains/kotlin/com/intellij/psi/impl/ReparseableASTNode
instanceKlass org/jetbrains/kotlin/com/intellij/lang/ASTNode
instanceKlass org/jetbrains/kotlin/com/intellij/util/CharTable
instanceKlass org/jetbrains/kotlin/com/intellij/lang/ASTFactory
instanceKlass org/jetbrains/kotlin/com/intellij/lang/DefaultASTFactory
instanceKlass org/jetbrains/kotlin/com/intellij/openapi/vfs/encoding/EncodingRegistry
instanceKlass java/util/Collections$UnmodifiableMap$UnmodifiableEntrySet$UnmodifiableEntry
instanceKlass java/util/Collections$UnmodifiableMap$UnmodifiableEntrySet$1
instanceKlass java/util/Collections$UnmodifiableCollection
instanceKlass org/jetbrains/kotlin/com/intellij/openapi/extensions/impl/ImplementationClassResolver
instanceKlass org/jetbrains/kotlin/com/intellij/serviceContainer/LazyExtensionInstance
instanceKlass org/jetbrains/kotlin/com/intellij/openapi/extensions/PluginAware
instanceKlass org/jetbrains/kotlin/com/intellij/util/KeyedLazyInstance
instanceKlass org/jetbrains/kotlin/com/intellij/openapi/vfs/impl/BulkVirtualFileListenerAdapter
instanceKlass org/jetbrains/kotlin/com/intellij/util/messages/impl/BaseBusConnection
instanceKlass org/jetbrains/kotlin/com/intellij/util/messages/impl/MessageBusImpl$MessageHandlerHolder
instanceKlass org/jetbrains/kotlin/com/intellij/util/messages/MessageBusConnection
instanceKlass org/jetbrains/kotlin/com/intellij/util/messages/SimpleMessageBusConnection
instanceKlass org/jetbrains/kotlin/com/intellij/openapi/vfs/impl/VirtualFileManagerImpl$LoggingListener
# instanceKlass java/lang/invoke/LambdaForm$MH+0x00000001001f8800
instanceKlass  @bci org/jetbrains/kotlin/com/intellij/util/ReflectionUtil findAssignableField (Ljava/lang/Class;Ljava/lang/Class;Ljava/lang/String;)Ljava/lang/reflect/Field; 20 <appendix> member <vmtarget> ; # org/jetbrains/kotlin/com/intellij/util/ReflectionUtil$$Lambda+0x00000001001fa490
instanceKlass sun/misc/Unsafe
instanceKlass org/jetbrains/kotlin/com/intellij/util/ReflectionUtil
instanceKlass  @bci org/jetbrains/kotlin/com/intellij/util/EventDispatcher createMulticaster (Ljava/lang/Class;Ljava/util/Map;Ljava/util/function/Supplier;)Ljava/lang/Object; 54 <appendix> member <vmtarget> ; # org/jetbrains/kotlin/com/intellij/util/EventDispatcher$$Lambda+0x00000001001fa000
instanceKlass  @bci org/jetbrains/kotlin/com/intellij/util/EventDispatcher getMulticaster ()Ljava/util/EventListener; 19 <appendix> member <vmtarget> ; # org/jetbrains/kotlin/com/intellij/util/EventDispatcher$$Lambda+0x00000001001ffc68
instanceKlass org/jetbrains/kotlin/com/intellij/openapi/vfs/newvfs/CachingVirtualFileSystem
instanceKlass org/jetbrains/kotlin/kotlinx/collections/immutable/implementations/immutableMap/TrieNode$ModificationResult
instanceKlass org/jetbrains/kotlin/kotlinx/collections/immutable/internal/CommonFunctionsKt
instanceKlass org/jetbrains/kotlin/kotlinx/collections/immutable/implementations/immutableList/SmallPersistentVector$Companion
instanceKlass org/jetbrains/kotlin/kotlinx/collections/immutable/PersistentList
instanceKlass org/jetbrains/kotlin/kotlinx/collections/immutable/PersistentCollection
instanceKlass org/jetbrains/kotlin/kotlinx/collections/immutable/ImmutableList
instanceKlass org/jetbrains/kotlin/kotlinx/collections/immutable/ImmutableCollection
instanceKlass org/jetbrains/kotlin/kotlinx/collections/immutable/implementations/immutableList/UtilsKt
instanceKlass org/jetbrains/kotlin/kotlinx/collections/immutable/implementations/immutableMap/TrieNodeKt
instanceKlass java/util/concurrent/atomic/AtomicBoolean
instanceKlass java/util/concurrent/atomic/AtomicLongFieldUpdater$CASUpdater$1
instanceKlass java/util/concurrent/atomic/AtomicLongFieldUpdater
instanceKlass org/jetbrains/kotlin/kotlinx/collections/immutable/implementations/immutableMap/TrieNode$Companion
instanceKlass org/jetbrains/kotlin/kotlinx/collections/immutable/implementations/immutableMap/TrieNode
instanceKlass org/jetbrains/kotlin/kotlinx/collections/immutable/implementations/immutableMap/PersistentHashMap$Companion
instanceKlass kotlin/collections/AbstractMap$Companion
instanceKlass kotlin/collections/AbstractMap
instanceKlass org/jetbrains/kotlin/kotlinx/collections/immutable/PersistentMap
instanceKlass org/jetbrains/kotlin/kotlinx/collections/immutable/ImmutableMap
instanceKlass org/jetbrains/kotlin/kotlinx/collections/immutable/ExtensionsKt
instanceKlass  @bci org/jetbrains/kotlin/com/intellij/openapi/application/CachedSingletonsRegistry lazy (Lkotlin/jvm/functions/Function0;)Ljava/util/function/Supplier; 16 <appendix> member <vmtarget> ; # org/jetbrains/kotlin/com/intellij/openapi/application/CachedSingletonsRegistry$$Lambda+0x00000001001f7828
instanceKlass org/jetbrains/kotlin/com/intellij/openapi/application/CachedSingletonsRegistry
instanceKlass  @bci org/jetbrains/kotlin/com/intellij/openapi/vfs/VirtualFileManager <clinit> ()V 24 <appendix> argL0 ; # org/jetbrains/kotlin/com/intellij/openapi/vfs/VirtualFileManager$$Lambda+0x00000001001f73a0
instanceKlass  @bci org/jetbrains/kotlin/com/intellij/openapi/vfs/VirtualFileManager <clinit> ()V 16 <appendix> argL0 ; # org/jetbrains/kotlin/com/intellij/openapi/vfs/VirtualFileManager$$Lambda+0x00000001001f7150
instanceKlass  @cpi org/jetbrains/kotlin/com/intellij/openapi/vfs/VirtualFileManager 135 form vmentry <vmtarget> ; # java/lang/invoke/LambdaForm$DMH+0x00000001001f8400
# instanceKlass java/lang/invoke/LambdaForm$DMH+0x00000001001f8000
instanceKlass org/jetbrains/kotlin/com/intellij/openapi/vfs/newvfs/BulkFileListener
instanceKlass org/jetbrains/kotlin/com/intellij/util/messages/Topic
instanceKlass org/jetbrains/kotlin/com/intellij/openapi/vfs/VirtualFileManager
instanceKlass org/jetbrains/kotlin/com/intellij/openapi/extensions/ExtensionPointListener$Companion
instanceKlass org/jetbrains/kotlin/com/intellij/openapi/util/EmptyRunnable
instanceKlass  @bci org/jetbrains/kotlin/com/intellij/openapi/extensions/impl/ExtensionPointImpl <clinit> ()V 24 <appendix> argL0 ; # org/jetbrains/kotlin/com/intellij/openapi/extensions/impl/ExtensionPointImpl$$Lambda+0x00000001001f59c8
instanceKlass org/jetbrains/kotlin/com/intellij/openapi/extensions/impl/ExtensionComponentAdapter
instanceKlass org/jetbrains/kotlin/com/intellij/openapi/extensions/LoadingOrder$Orderable
instanceKlass org/jetbrains/kotlin/com/intellij/openapi/extensions/ExtensionPointAdapter
instanceKlass org/jetbrains/kotlin/com/intellij/openapi/extensions/ExtensionPointListener
instanceKlass org/jetbrains/kotlin/com/intellij/openapi/extensions/impl/ExtensionPointImpl
instanceKlass org/jetbrains/kotlin/com/intellij/openapi/extensions/ExtensionPoint
instanceKlass  @bci org/jetbrains/kotlin/com/intellij/openapi/extensions/PluginId getId (Ljava/lang/String;)Lorg/jetbrains/kotlin/com/intellij/openapi/extensions/PluginId; 12 <appendix> argL0 ; # org/jetbrains/kotlin/com/intellij/openapi/extensions/PluginId$$Lambda+0x00000001001f3f28
instanceKlass org/jetbrains/kotlin/com/intellij/openapi/extensions/PluginId
instanceKlass org/jetbrains/kotlin/com/intellij/openapi/extensions/DefaultPluginDescriptor
instanceKlass org/jetbrains/kotlin/com/intellij/openapi/vfs/VirtualFileManagerListener
instanceKlass  @bci org/jetbrains/kotlin/com/intellij/core/CoreApplicationEnvironment <init> (Lorg/jetbrains/kotlin/com/intellij/openapi/Disposable;Z)V 103 <appendix> argL0 ; # org/jetbrains/kotlin/com/intellij/core/CoreApplicationEnvironment$$Lambda+0x00000001001f2e98
instanceKlass java/util/EventObject
instanceKlass org/jetbrains/kotlin/com/intellij/openapi/editor/ex/DocumentEx
instanceKlass org/jetbrains/kotlin/com/intellij/openapi/editor/Document
instanceKlass org/jetbrains/kotlin/com/intellij/openapi/fileEditor/FileDocumentManager
instanceKlass  @bci org/jetbrains/kotlin/cli/jvm/modules/CoreJrtFileSystem <init> ()V 11 <appendix> member <vmtarget> ; # org/jetbrains/kotlin/cli/jvm/modules/CoreJrtFileSystem$$Lambda+0x00000001001f13e0
instanceKlass  @bci org/jetbrains/kotlin/cli/jvm/modules/CoreJrtFileSystem <init> ()V 6 <appendix> member <vmtarget> ; # org/jetbrains/kotlin/cli/jvm/modules/CoreJrtFileSystem$$Lambda+0x00000001001f1188
instanceKlass  @bci org/jetbrains/kotlin/cli/jvm/modules/CoreJrtFileSystem <clinit> ()V 16 <appendix> member <vmtarget> ; # org/jetbrains/kotlin/cli/jvm/modules/CoreJrtFileSystem$$Lambda+0x00000001001f0a18
instanceKlass  @bci org/jetbrains/kotlin/cli/jvm/modules/CoreJrtFileSystem <clinit> ()V 11 <appendix> argL0 ; # org/jetbrains/kotlin/cli/jvm/modules/CoreJrtFileSystem$$Lambda+0x00000001001f07c8
instanceKlass org/jetbrains/kotlin/cli/jvm/modules/CoreJrtFileSystem$Companion
instanceKlass org/jetbrains/kotlin/com/intellij/util/containers/ConcurrentFactoryMap
instanceKlass  @bci org/jetbrains/kotlin/com/intellij/openapi/vfs/impl/jar/CoreJarFileSystem <init> ()V 6 <appendix> member <vmtarget> ; # org/jetbrains/kotlin/com/intellij/openapi/vfs/impl/jar/CoreJarFileSystem$$Lambda+0x00000001001ef600
instanceKlass org/jetbrains/kotlin/com/intellij/openapi/vfs/impl/ArchiveHandler
instanceKlass org/jetbrains/kotlin/com/intellij/util/Function
instanceKlass org/jetbrains/kotlin/com/intellij/util/EventDispatcher
instanceKlass org/jetbrains/kotlin/com/intellij/openapi/vfs/VirtualFileListener
instanceKlass org/jetbrains/kotlin/com/intellij/openapi/extensions/ExtensionPointName$Companion
instanceKlass org/jetbrains/kotlin/com/intellij/openapi/extensions/BaseExtensionPointName
instanceKlass java/util/EventListener
instanceKlass  @bci org/jetbrains/kotlin/com/intellij/util/ArrayUtil <clinit> ()V 95 <appendix> argL0 ; # org/jetbrains/kotlin/com/intellij/util/ArrayUtil$$Lambda+0x00000001001ec660
instanceKlass  @bci org/jetbrains/kotlin/com/intellij/util/ArrayUtil <clinit> ()V 87 <appendix> argL0 ; # org/jetbrains/kotlin/com/intellij/util/ArrayUtil$$Lambda+0x00000001001ec410
instanceKlass org/jetbrains/kotlin/com/intellij/util/ArrayUtil
instanceKlass  @bci org/jetbrains/kotlin/com/intellij/util/SmartList resizeIfNecessary (I)[Ljava/lang/Object; 32 <appendix> argL0 ; # org/jetbrains/kotlin/com/intellij/util/SmartList$$Lambda+0x00000001001ebf88
instanceKlass org/jetbrains/kotlin/com/intellij/util/ArrayFactory
instanceKlass  @bci org/jetbrains/kotlin/com/intellij/openapi/application/ApplicationManager setApplication (Lorg/jetbrains/kotlin/com/intellij/openapi/application/Application;Ljava/util/function/Supplier;Lorg/jetbrains/kotlin/com/intellij/openapi/Disposable;)V 42 <appendix> member <vmtarget> ; # org/jetbrains/kotlin/com/intellij/openapi/application/ApplicationManager$$Lambda+0x00000001001ebb00
instanceKlass  @bci org/jetbrains/kotlin/com/intellij/core/CoreApplicationEnvironment <init> (Lorg/jetbrains/kotlin/com/intellij/openapi/Disposable;Z)V 59 <appendix> member <vmtarget> ; # org/jetbrains/kotlin/com/intellij/core/CoreApplicationEnvironment$$Lambda+0x00000001001eb8a8
instanceKlass java/util/AbstractList$Itr
instanceKlass  @bci org/jetbrains/kotlin/com/intellij/openapi/extensions/Extensions setRootArea (Lorg/jetbrains/kotlin/com/intellij/openapi/extensions/impl/ExtensionsAreaImpl;Lorg/jetbrains/kotlin/com/intellij/openapi/Disposable;)V 26 <appendix> member <vmtarget> ; # org/jetbrains/kotlin/com/intellij/openapi/extensions/Extensions$$Lambda+0x00000001001eb650
instanceKlass org/jetbrains/kotlin/com/intellij/openapi/extensions/Extensions
instanceKlass org/jetbrains/kotlin/com/intellij/openapi/util/ObjectNode$ListNodeChildren
instanceKlass org/jetbrains/kotlin/com/intellij/openapi/util/Disposer$CheckedDisposableImpl
instanceKlass org/jetbrains/kotlin/com/intellij/openapi/util/CheckedDisposable
instanceKlass org/jetbrains/kotlin/com/intellij/openapi/extensions/impl/ExtensionsAreaImpl
instanceKlass org/jetbrains/kotlin/com/intellij/util/pico/DefaultPicoContainer$InstanceComponentAdapter
instanceKlass org/jetbrains/kotlin/com/intellij/util/pico/DefaultPicoContainer$LinkedHashSetWrapper
instanceKlass org/jetbrains/kotlin/org/picocontainer/ComponentAdapter
instanceKlass  @bci org/jetbrains/kotlin/com/intellij/util/messages/impl/RootBus <init> (Lorg/jetbrains/kotlin/com/intellij/util/messages/MessageBusOwner;)V 45 <appendix> argL0 ; # org/jetbrains/kotlin/com/intellij/util/messages/impl/RootBus$$Lambda+0x00000001001e9360
instanceKlass org/jetbrains/kotlin/com/intellij/util/messages/impl/MessageQueue
instanceKlass org/jetbrains/kotlin/com/intellij/util/messages/impl/CompositeMessageBusKt
instanceKlass org/jetbrains/kotlin/com/intellij/openapi/util/Disposer$1
instanceKlass java/util/concurrent/ConcurrentLinkedQueue$Node
instanceKlass org/jetbrains/kotlin/com/intellij/util/messages/impl/MessageBusImpl$Companion
instanceKlass org/jetbrains/kotlin/com/intellij/util/messages/impl/MessageBusImpl
instanceKlass org/jetbrains/kotlin/com/intellij/util/messages/impl/MessageBusEx
instanceKlass org/jetbrains/kotlin/com/intellij/util/messages/MessageBusFactory
instanceKlass org/jetbrains/kotlin/com/intellij/util/keyFMap/DebugFMap
instanceKlass org/jetbrains/kotlin/com/intellij/util/keyFMap/EmptyFMap
instanceKlass org/jetbrains/kotlin/com/intellij/util/keyFMap/KeyFMap
instanceKlass org/jetbrains/kotlin/com/intellij/openapi/application/ModalityState
instanceKlass kotlinx/coroutines/CoroutineScope
instanceKlass org/jetbrains/kotlin/com/intellij/openapi/extensions/ExtensionsArea
instanceKlass org/jetbrains/kotlin/com/intellij/util/pico/DefaultPicoContainer
instanceKlass org/jetbrains/kotlin/com/intellij/util/messages/MessageBus
instanceKlass org/jetbrains/kotlin/com/intellij/openapi/fileTypes/UnknownFileType
instanceKlass org/jetbrains/kotlin/com/intellij/util/containers/FastUtilCaseInsensitiveStringHashingStrategy
instanceKlass org/jetbrains/kotlin/com/intellij/util/containers/FastUtilHashingStrategies$1
instanceKlass org/jetbrains/kotlin/com/intellij/util/containers/FastUtilHashingStrategies$SerializableHashStrategy
instanceKlass org/jetbrains/kotlin/com/intellij/util/containers/FastUtilCharSequenceHashingStrategy
instanceKlass org/jetbrains/kotlin/com/intellij/util/containers/FastUtilHashingStrategies
instanceKlass jdk/internal/math/FloatingDecimal$ASCIIToBinaryBuffer
instanceKlass jdk/internal/math/FloatingDecimal$PreparedASCIIToBinaryBuffer
instanceKlass jdk/internal/math/FloatingDecimal$ASCIIToBinaryConverter
instanceKlass jdk/internal/math/FloatingDecimal$BinaryToASCIIBuffer
instanceKlass jdk/internal/math/FloatingDecimal$ExceptionalBinaryToASCIIBuffer
instanceKlass jdk/internal/math/FloatingDecimal$BinaryToASCIIConverter
instanceKlass jdk/internal/math/FloatingDecimal
instanceKlass java/util/regex/ASCII
instanceKlass org/jetbrains/kotlin/com/intellij/openapi/util/SystemInfoRt
instanceKlass org/jetbrains/kotlin/com/intellij/util/text/CharArrayCharSequence
instanceKlass org/jetbrains/kotlin/com/intellij/util/text/CharSequenceBackedByArray
instanceKlass org/jetbrains/kotlin/com/intellij/openapi/util/text/CharSequenceWithStringHash
instanceKlass org/jetbrains/kotlin/com/intellij/openapi/util/text/Strings
instanceKlass org/jetbrains/kotlin/com/intellij/util/text/StringKt
instanceKlass java/nio/file/FileChannelLinesSpliterator
instanceKlass sun/nio/fs/WindowsPath$1
instanceKlass  @bci org/jetbrains/kotlin/com/intellij/util/concurrency/SynchronizedClearableLazy getValue ()Ljava/lang/Object; 30 <appendix> member <vmtarget> ; # org/jetbrains/kotlin/com/intellij/util/concurrency/SynchronizedClearableLazy$$Lambda+0x00000001001e2e70
instanceKlass java/util/function/UnaryOperator
instanceKlass org/jetbrains/kotlin/com/intellij/util/ObjectUtils$Sentinel
instanceKlass org/jetbrains/kotlin/com/intellij/util/ObjectUtils
instanceKlass org/jetbrains/kotlin/com/intellij/util/concurrency/SynchronizedClearableLazy$Companion
instanceKlass org/jetbrains/kotlin/com/intellij/util/concurrency/SynchronizedClearableLazy
instanceKlass org/jetbrains/kotlin/com/intellij/openapi/util/registry/EarlyAccessRegistryManagerKt
instanceKlass org/jetbrains/kotlin/com/intellij/openapi/util/registry/EarlyAccessRegistryManager
instanceKlass org/jetbrains/kotlin/com/intellij/ide/plugins/DisabledPluginsState$Companion
instanceKlass org/jetbrains/kotlin/com/intellij/ide/plugins/DisabledPluginsState
instanceKlass org/jetbrains/kotlin/com/intellij/ide/plugins/PluginEnabler$Headless
instanceKlass org/jetbrains/kotlin/com/intellij/ide/plugins/PluginEnabler
instanceKlass org/jetbrains/kotlin/cli/jvm/compiler/KotlinCoreApplicationEnvironmentMode$UnitTest
instanceKlass org/jetbrains/kotlin/cli/jvm/compiler/KotlinCoreApplicationEnvironment$Companion
instanceKlass org/jetbrains/kotlin/com/intellij/lang/ParserDefinition
instanceKlass org/jetbrains/kotlin/com/intellij/openapi/fileTypes/FileType
instanceKlass org/jetbrains/kotlin/com/intellij/openapi/util/KeyedExtensionCollector
instanceKlass org/jetbrains/kotlin/com/intellij/openapi/vfs/VirtualFileSystem
instanceKlass org/jetbrains/kotlin/com/intellij/concurrency/JobLauncher
instanceKlass org/jetbrains/kotlin/com/intellij/openapi/util/UserDataHolderEx
instanceKlass org/jetbrains/kotlin/com/intellij/util/messages/MessageBusOwner
instanceKlass org/jetbrains/kotlin/com/intellij/openapi/application/ex/ApplicationEx
instanceKlass org/jetbrains/kotlin/com/intellij/openapi/progress/ProgressIndicatorProvider
instanceKlass org/jetbrains/kotlin/org/picocontainer/MutablePicoContainer
instanceKlass org/jetbrains/kotlin/org/picocontainer/PicoContainer
instanceKlass org/jetbrains/kotlin/com/intellij/openapi/util/SimpleModificationTracker
instanceKlass org/jetbrains/kotlin/com/intellij/openapi/util/ModificationTracker
instanceKlass org/jetbrains/kotlin/com/intellij/openapi/extensions/PluginDescriptor
instanceKlass org/jetbrains/kotlin/com/intellij/openapi/fileTypes/FileTypeRegistry
instanceKlass org/jetbrains/kotlin/com/intellij/openapi/application/Application
instanceKlass org/jetbrains/kotlin/com/intellij/openapi/components/ComponentManager
instanceKlass org/jetbrains/kotlin/com/intellij/openapi/util/UserDataHolder
instanceKlass org/jetbrains/kotlin/com/intellij/openapi/extensions/AreaInstance
instanceKlass org/jetbrains/kotlin/com/intellij/core/CoreApplicationEnvironment
instanceKlass org/jetbrains/kotlin/cli/jvm/compiler/KotlinCoreApplicationEnvironmentMode$Production
instanceKlass org/jetbrains/kotlin/cli/jvm/compiler/KotlinCoreApplicationEnvironmentMode
instanceKlass org/jetbrains/kotlin/cli/jvm/compiler/KotlinCoreEnvironment$Companion
instanceKlass org/jetbrains/kotlin/cli/jvm/compiler/KotlinCoreEnvironment
instanceKlass org/jetbrains/kotlin/cli/jvm/compiler/pipeline/JvmCompilerPipelineKt
instanceKlass org/jetbrains/kotlin/cli/jvm/config/JvmContentRootsKt
instanceKlass org/jetbrains/kotlin/cli/jvm/config/JvmClasspathRoot
instanceKlass org/jetbrains/kotlin/cli/jvm/config/JvmContentRoot
instanceKlass org/jetbrains/kotlin/cli/jvm/config/JvmClasspathRootBase
instanceKlass org/jetbrains/kotlin/cli/jvm/config/JvmContentRootBase
instanceKlass  @bci org/jetbrains/kotlin/config/CompilerConfiguration add (Lorg/jetbrains/kotlin/config/CompilerConfigurationKey;Ljava/lang/Object;)V 32 <appendix> argL0 ; # org/jetbrains/kotlin/config/CompilerConfiguration$$Lambda+0x00000001001d7228
instanceKlass org/jetbrains/kotlin/cli/common/config/KotlinSourceRoot
instanceKlass org/jetbrains/kotlin/cli/common/config/ContentRoot
instanceKlass org/jetbrains/kotlin/cli/common/config/ContentRootsKt
instanceKlass org/jetbrains/kotlin/cli/jvm/compiler/KotlinToJVMBytecodeCompilerKt
instanceKlass org/jetbrains/kotlin/cli/common/modules/ModuleChunk
instanceKlass org/jetbrains/kotlin/cli/jvm/compiler/CliCompilerUtilsKt
instanceKlass org/jetbrains/kotlin/cli/common/modules/ModuleBuilder
instanceKlass org/jetbrains/kotlin/modules/Module
instanceKlass org/jetbrains/kotlin/cli/jvm/K2JVMCompilerKt
instanceKlass org/jetbrains/kotlin/config/JvmSerializeIrMode$Companion
instanceKlass org/jetbrains/kotlin/config/JvmAbiStability$Companion
instanceKlass androidx/compose/compiler/plugins/kotlin/ComposeConfiguration
instanceKlass  @bci org/jetbrains/kotlin/com/intellij/util/containers/MultiMap getModifiable (Ljava/lang/Object;)Ljava/util/Collection; 6 <appendix> member <vmtarget> ; # org/jetbrains/kotlin/com/intellij/util/containers/MultiMap$$Lambda+0x00000001001d1d90
instanceKlass org/jetbrains/kotlin/com/intellij/util/containers/MultiMap
instanceKlass org/jetbrains/kotlin/compiler/plugin/CliOptionValue
instanceKlass java/util/regex/IntHashSet
instanceKlass java/util/regex/Matcher
instanceKlass java/util/regex/MatchResult
instanceKlass  @bci java/util/regex/Pattern negate (Ljava/util/regex/Pattern$CharPredicate;)Ljava/util/regex/Pattern$CharPredicate; 1 <appendix> member <vmtarget> ; # java/util/regex/Pattern$$Lambda+0x000000010014ec88
instanceKlass org/jetbrains/kotlin/compiler/plugin/CliOptionsKt
instanceKlass androidx/compose/compiler/plugins/kotlin/ComposePluginKt
instanceKlass androidx/compose/compiler/plugins/kotlin/FeatureFlag$Companion
instanceKlass org/jetbrains/kotlin/compiler/plugin/CliOption
instanceKlass org/jetbrains/kotlin/compiler/plugin/AbstractCliOption
instanceKlass androidx/compose/compiler/plugins/kotlin/ComposeCommandLineProcessor$Companion
instanceKlass androidx/compose/compiler/plugins/kotlin/ComposeCommandLineProcessor
instanceKlass org/jetbrains/kotlin/compiler/plugin/CommandLineProcessor
instanceKlass org/jetbrains/kotlin/compiler/plugin/CompilerPluginRegistrar$Companion
instanceKlass org/jetbrains/kotlin/compiler/plugin/CompilerPluginRegistrar
instanceKlass  @bci org/jetbrains/kotlin/config/CompilerConfiguration addAll (Lorg/jetbrains/kotlin/config/CompilerConfigurationKey;ILjava/util/Collection;)V 38 <appendix> argL0 ; # org/jetbrains/kotlin/config/CompilerConfiguration$$Lambda+0x00000001001cfd10
instanceKlass androidx/compose/compiler/plugins/kotlin/ComposePluginRegistrar$Companion
instanceKlass org/jetbrains/kotlin/compiler/plugin/ComponentRegistrar$Companion
instanceKlass androidx/compose/compiler/plugins/kotlin/ComposePluginRegistrar
instanceKlass  @bci java/io/FilePermissionCollection add (Ljava/security/Permission;)V 68 <appendix> argL0 ; # java/io/FilePermissionCollection$$Lambda+0x000000010014ea28
instanceKlass java/security/Security$1
instanceKlass jdk/internal/access/JavaSecurityPropertiesAccess
instanceKlass java/util/concurrent/ConcurrentHashMap$MapEntry
instanceKlass java/util/Properties$LineReader
instanceKlass  @bci java/security/Security <clinit> ()V 9 <appendix> argL0 ; # java/security/Security$$Lambda+0x000000010014d598
instanceKlass java/security/Security
instanceKlass sun/security/util/SecurityProperties
instanceKlass sun/security/util/FilePermCompat
instanceKlass java/io/FilePermission$1
instanceKlass jdk/internal/access/JavaIOFilePermissionAccess
instanceKlass sun/net/www/MessageHeader
instanceKlass java/net/URLClassLoader$1
instanceKlass java/io/RandomAccessFile$1
instanceKlass kotlin/io/LinesSequence$iterator$1
instanceKlass kotlin/io/LinesSequence
instanceKlass kotlin/io/TextStreamsKt
instanceKlass kotlin/io/FilesKt__FilePathComponentsKt
instanceKlass sun/nio/fs/WindowsUriSupport
instanceKlass org/jetbrains/kotlin/compiler/plugin/ComponentRegistrar
instanceKlass org/jetbrains/kotlin/util/ServiceLoaderLite
instanceKlass org/jetbrains/kotlin/cli/common/CLICompilerKt
instanceKlass com/jetbrains/internal/IoToNioErrorMessageHolder
instanceKlass org/jetbrains/kotlin/cli/jvm/plugins/PluginCliParser
instanceKlass org/jetbrains/kotlin/cli/plugins/PluginsOptionsParserKt
instanceKlass kotlin/collections/ArrayAsCollection
instanceKlass org/jetbrains/kotlin/backend/common/phaser/PhaseConfig
instanceKlass org/jetbrains/kotlin/backend/common/phaser/PhaseConfigKt
instanceKlass org/jetbrains/kotlin/cli/common/CreatePhaseConfigKt
instanceKlass org/jetbrains/kotlin/backend/jvm/lower/ResolveInlineCalls
instanceKlass org/jetbrains/kotlin/backend/jvm/lower/GenerateMultifileFacades
instanceKlass org/jetbrains/kotlin/backend/jvm/lower/InlinedClassReferencesBoxingLowering
instanceKlass org/jetbrains/kotlin/backend/jvm/lower/MarkNecessaryInlinedClassesAsRegeneratedLowering
instanceKlass org/jetbrains/kotlin/backend/jvm/lower/ApiVersionIsAtLeastEvaluationLowering
instanceKlass org/jetbrains/kotlin/backend/jvm/lower/RepeatedAnnotationLowering
instanceKlass org/jetbrains/kotlin/backend/jvm/lower/JvmStaticInObjectLowering
# instanceKlass java/lang/invoke/LambdaForm$MH+0x00000001001c0000
instanceKlass org/jetbrains/kotlin/backend/jvm/lower/FileClassLowering
instanceKlass org/jetbrains/kotlin/backend/jvm/lower/ScriptsToClassesLowering
instanceKlass org/jetbrains/kotlin/backend/jvm/lower/SerializeIrPhase
instanceKlass org/jetbrains/kotlin/backend/common/lower/ConstEvaluationLowering
instanceKlass org/jetbrains/kotlin/backend/common/ir/ExpectSymbolTransformer
instanceKlass org/jetbrains/kotlin/backend/jvm/lower/ProcessOptionalAnnotations
instanceKlass org/jetbrains/kotlin/backend/common/phaser/IrValidationPhase
instanceKlass org/jetbrains/kotlin/backend/jvm/lower/ExternalPackageParentPatcherLowering
instanceKlass org/jetbrains/kotlin/backend/jvm/lower/FakeLocalVariablesForIrInlinerLowering
instanceKlass org/jetbrains/kotlin/backend/jvm/ir/IrInlineReferenceLocator
instanceKlass org/jetbrains/kotlin/backend/jvm/lower/FakeInliningLocalVariables
instanceKlass org/jetbrains/kotlin/backend/jvm/lower/RenameFieldsLowering
instanceKlass org/jetbrains/kotlin/backend/jvm/lower/ReplaceNumberToCharCallSitesLowering
instanceKlass org/jetbrains/kotlin/backend/common/lower/KotlinNothingValueExceptionLowering
instanceKlass org/jetbrains/kotlin/backend/jvm/lower/ReplaceKFunctionInvokeWithFunctionInvoke
instanceKlass org/jetbrains/kotlin/backend/jvm/lower/RecordEnclosingMethodsLowering
instanceKlass org/jetbrains/kotlin/backend/jvm/lower/AdditionalClassAnnotationLowering
instanceKlass org/jetbrains/kotlin/backend/jvm/lower/JvmOptimizationLowering
instanceKlass org/jetbrains/kotlin/backend/jvm/lower/JvmSafeCallChainFoldingLowering
instanceKlass org/jetbrains/kotlin/backend/jvm/lower/ToArrayLowering
instanceKlass org/jetbrains/kotlin/backend/jvm/lower/JvmArgumentNullabilityAssertionsLowering
instanceKlass org/jetbrains/kotlin/backend/jvm/lower/SyntheticAccessorLowering
instanceKlass org/jetbrains/kotlin/backend/jvm/lower/BridgeLowering
instanceKlass org/jetbrains/kotlin/backend/jvm/lower/JvmStaticInCompanionLowering
instanceKlass org/jetbrains/kotlin/backend/common/lower/InitializersCleanupLowering
instanceKlass org/jetbrains/kotlin/backend/jvm/lower/UniqueLoopLabelsLowering
instanceKlass org/jetbrains/kotlin/backend/common/lower/InitializersLoweringBase
instanceKlass org/jetbrains/kotlin/backend/jvm/lower/ObjectClassLowering
instanceKlass org/jetbrains/kotlin/backend/jvm/lower/EnumClassLowering
instanceKlass org/jetbrains/kotlin/backend/common/lower/InnerClassConstructorCallsLowering
instanceKlass org/jetbrains/kotlin/backend/common/lower/InnerClassesMemberBodyLowering
instanceKlass org/jetbrains/kotlin/backend/common/lower/InnerClassesLowering
instanceKlass org/jetbrains/kotlin/backend/jvm/lower/TailCallOptimizationLowering
instanceKlass org/jetbrains/kotlin/backend/jvm/lower/InterfaceObjectCallsLowering
instanceKlass org/jetbrains/kotlin/ir/visitors/IrElementVisitorVoid
instanceKlass org/jetbrains/kotlin/backend/jvm/lower/ReplaceDefaultImplsOverriddenSymbols
instanceKlass jdk/internal/foreign/MemorySessionImpl
instanceKlass java/lang/foreign/MemorySegment$Scope
instanceKlass org/jetbrains/kotlin/backend/jvm/lower/InheritedDefaultMethodsOnClassesLowering
instanceKlass org/jetbrains/kotlin/backend/common/lower/DefaultParameterCleaner
instanceKlass org/jetbrains/kotlin/backend/common/lower/DefaultArgumentStubGenerator
instanceKlass org/jetbrains/kotlin/backend/common/DeclarationTransformer
instanceKlass org/jetbrains/kotlin/backend/jvm/lower/JvmDefaultConstructorLowering
instanceKlass org/jetbrains/kotlin/backend/common/lower/LocalClassPopupLowering
instanceKlass org/jetbrains/kotlin/backend/jvm/lower/RemoveDuplicatedInlinedLocalClassesLowering
instanceKlass org/jetbrains/kotlin/backend/common/lower/LocalDeclarationsLowering
instanceKlass org/jetbrains/kotlin/backend/common/lower/SharedVariablesLowering
instanceKlass org/jetbrains/kotlin/backend/common/lower/ReturnableBlockLowering
instanceKlass org/jetbrains/kotlin/backend/jvm/lower/AssertionLowering
instanceKlass org/jetbrains/kotlin/backend/common/lower/TailrecLowering
instanceKlass org/jetbrains/kotlin/backend/jvm/lower/CollectionStubMethodLowering
instanceKlass org/jetbrains/kotlin/backend/common/lower/loops/ForLoopsLowering
instanceKlass org/jetbrains/kotlin/backend/common/lower/RangeContainsLowering
instanceKlass org/jetbrains/kotlin/backend/jvm/lower/JvmBuiltInsLowering
instanceKlass org/jetbrains/kotlin/backend/jvm/lower/MoveOrCopyCompanionObjectFieldsLowering
instanceKlass org/jetbrains/kotlin/backend/common/lower/ArrayConstructorLowering
instanceKlass org/jetbrains/kotlin/backend/jvm/lower/SingletonOrConstantDelegationLowering
instanceKlass org/jetbrains/kotlin/backend/jvm/lower/PropertyReferenceDelegationLowering
instanceKlass org/jetbrains/kotlin/backend/jvm/lower/SuspendLoweringUtils
instanceKlass org/jetbrains/kotlin/ir/inline/InlineCallableReferenceToLambdaPhase
instanceKlass org/jetbrains/kotlin/backend/common/lower/InventNamesForLocalClasses
instanceKlass org/jetbrains/kotlin/backend/jvm/lower/JvmLateinitLowering
instanceKlass org/jetbrains/kotlin/ir/visitors/IrElementTransformerVoid
instanceKlass org/jetbrains/kotlin/backend/jvm/lower/PolymorphicSignatureLowering
instanceKlass org/jetbrains/kotlin/backend/common/lower/AnnotationImplementationLowering
instanceKlass org/jetbrains/kotlin/backend/jvm/lower/AnnotationLowering
instanceKlass org/jetbrains/kotlin/backend/jvm/lower/MainMethodGenerationLowering
instanceKlass org/jetbrains/kotlin/backend/jvm/lower/JvmOverloadsAnnotationLowering
instanceKlass org/jetbrains/kotlin/backend/common/lower/ProvisionalFunctionExpressionLowering
instanceKlass org/jetbrains/kotlin/ir/visitors/IrElementTransformer
instanceKlass org/jetbrains/kotlin/ir/visitors/IrElementVisitor
instanceKlass org/jetbrains/kotlin/backend/common/BodyLoweringPass
instanceKlass org/jetbrains/kotlin/backend/jvm/lower/TypeAliasAnnotationMethodsLowering
instanceKlass org/jetbrains/kotlin/backend/common/ClassLoweringPass
instanceKlass org/jetbrains/kotlin/backend/jvm/JvmLoweringPhasesKt
instanceKlass  @bci org/jetbrains/kotlin/backend/common/phaser/PhaseBuildersKt makeIrModulePhase (Lkotlin/jvm/functions/Function1;Ljava/lang/String;Ljava/lang/String;Ljava/util/Set;Ljava/util/Set;Ljava/util/Set;)Lorg/jetbrains/kotlin/backend/common/phaser/SimpleNamedCompilerPhase; 69 <appendix> member <vmtarget> ; # org/jetbrains/kotlin/backend/common/phaser/PhaseBuildersKt$$Lambda+0x0000000100129280
instanceKlass  @bci org/jetbrains/kotlin/backend/common/phaser/PhaseBuildersKt makeIrModulePhase (Lkotlin/jvm/functions/Function1;Ljava/lang/String;Ljava/lang/String;Ljava/util/Set;Ljava/util/Set;Ljava/util/Set;)Lorg/jetbrains/kotlin/backend/common/phaser/SimpleNamedCompilerPhase; 63 <appendix> argL0 ; # org/jetbrains/kotlin/backend/common/phaser/PhaseBuildersKt$$Lambda+0x0000000100129030
instanceKlass org/jetbrains/kotlin/backend/jvm/GenerateAdditionalClassesPhase
instanceKlass org/jetbrains/kotlin/backend/common/phaser/CompositePhase
instanceKlass org/jetbrains/kotlin/backend/common/phaser/PerformByIrFilePhase
instanceKlass org/jetbrains/kotlin/backend/common/phaser/SameTypeCompilerPhase
instanceKlass org/jetbrains/kotlin/backend/common/phaser/PerformByIrFileKt
instanceKlass org/jetbrains/kotlin/backend/common/phaser/AbstractNamedCompilerPhase
instanceKlass org/jetbrains/kotlin/backend/common/phaser/CompilerPhase
instanceKlass  @bci org/jetbrains/kotlin/backend/common/phaser/PhaseBuildersKt createSimpleNamedCompilerPhase (Ljava/lang/String;Ljava/lang/String;Ljava/util/Set;Ljava/util/Set;Ljava/util/Set;Lkotlin/jvm/functions/Function4;Lkotlin/jvm/functions/Function2;)Lorg/jetbrains/kotlin/backend/common/phaser/SimpleNamedCompilerPhase; 124 <appendix> member <vmtarget> ; # org/jetbrains/kotlin/backend/common/phaser/PhaseBuildersKt$$Lambda+0x00000001001276f8
instanceKlass org/jetbrains/kotlin/backend/common/phaser/PhaseBuildersKt
instanceKlass  @bci org/jetbrains/kotlin/backend/common/phaser/PhaseFactoriesKt createFilePhase (Ljava/lang/Class;Ljava/util/Set;Lkotlin/jvm/functions/Function1;)Lorg/jetbrains/kotlin/backend/common/phaser/SimpleNamedCompilerPhase; 33 <appendix> member <vmtarget> ; # org/jetbrains/kotlin/backend/common/phaser/PhaseFactoriesKt$$Lambda+0x0000000100127268
instanceKlass  @bci org/jetbrains/kotlin/backend/common/phaser/PhaseFactoriesKt createFilePhase (Ljava/lang/Class;Ljava/util/Set;Lkotlin/jvm/functions/Function1;)Lorg/jetbrains/kotlin/backend/common/phaser/SimpleNamedCompilerPhase; 27 <appendix> argL0 ; # org/jetbrains/kotlin/backend/common/phaser/PhaseFactoriesKt$$Lambda+0x0000000100127018
instanceKlass org/jetbrains/kotlin/ir/IrElementBase
instanceKlass org/jetbrains/kotlin/ir/declarations/IrSymbolOwner
instanceKlass org/jetbrains/kotlin/ir/declarations/IrDeclarationContainer
instanceKlass org/jetbrains/kotlin/ir/declarations/IrDeclarationParent
instanceKlass org/jetbrains/kotlin/ir/declarations/IrMutableAnnotationContainer
instanceKlass org/jetbrains/kotlin/ir/declarations/IrAnnotationContainer
instanceKlass org/jetbrains/kotlin/ir/declarations/IrMetadataSourceOwner
instanceKlass org/jetbrains/kotlin/ir/IrElement
instanceKlass org/jetbrains/kotlin/backend/common/phaser/PhaserState
instanceKlass org/jetbrains/kotlin/backend/common/phaser/PhaseConfigurationService
instanceKlass  @bci org/jetbrains/kotlin/backend/common/phaser/DumperVerifierKt getIrValidator (Z)Lkotlin/jvm/functions/Function3; 1 <appendix> member <vmtarget> ; # org/jetbrains/kotlin/backend/common/phaser/DumperVerifierKt$$Lambda+0x0000000100122f70
instanceKlass  @cpi org/jetbrains/kotlin/backend/common/phaser/DumperVerifierKt 247 form vmentry <vmtarget> ; # java/lang/invoke/LambdaForm$DMH+0x0000000100124800
instanceKlass  @cpi org/jetbrains/kotlin/fir/resolve/calls/stages/CheckHiddenDeclaration 228 form vmentry <vmtarget> ; # java/lang/invoke/LambdaForm$DMH+0x0000000100124400
instanceKlass  @bci org/jetbrains/kotlin/backend/common/phaser/DumperVerifierKt getIrDumper ()Lkotlin/jvm/functions/Function3; 0 <appendix> argL0 ; # org/jetbrains/kotlin/backend/common/phaser/DumperVerifierKt$$Lambda+0x0000000100122d20
instanceKlass  @cpi org/jetbrains/kotlin/load/java/typeEnhancement/PredefinedEnhancementInfoKt 336 form vmentry <vmtarget> ; # java/lang/invoke/LambdaForm$DMH+0x0000000100124000
instanceKlass kotlin/Unit
instanceKlass org/jetbrains/kotlin/backend/common/phaser/ActionState
instanceKlass org/jetbrains/kotlin/backend/common/phaser/DumperVerifierKt
instanceKlass java/util/Collections$EmptyIterator
instanceKlass java/lang/Class$AnnotationData
instanceKlass kotlin/annotation/Retention
instanceKlass  @bci sun/reflect/annotation/AnnotationParser parseClassArray (ILjava/nio/ByteBuffer;Ljdk/internal/reflect/ConstantPool;Ljava/lang/Class;)Ljava/lang/Object; 10 <appendix> member <vmtarget> ; # sun/reflect/annotation/AnnotationParser$$Lambda+0x0000000100148f08
instanceKlass org/jetbrains/kotlin/backend/common/phaser/PhaseDescription
instanceKlass sun/reflect/generics/reflectiveObjects/LazyReflectiveObjectGenerator
instanceKlass sun/reflect/generics/tree/TypeVariableSignature
instanceKlass sun/reflect/generics/reflectiveObjects/ParameterizedTypeImpl
instanceKlass java/lang/reflect/ParameterizedType
instanceKlass org/jetbrains/kotlin/backend/jvm/FileCodegen
instanceKlass org/jetbrains/kotlin/backend/common/FileLoweringPass
instanceKlass org/jetbrains/kotlin/backend/common/ModuleLoweringPass
instanceKlass org/jetbrains/kotlin/backend/jvm/JvmBackendContext
instanceKlass org/jetbrains/kotlin/backend/common/CommonBackendContext
instanceKlass org/jetbrains/kotlin/backend/common/phaser/BackendContextHolder
instanceKlass org/jetbrains/kotlin/backend/common/LoggingContext
instanceKlass org/jetbrains/kotlin/backend/common/ErrorReportingContext
instanceKlass org/jetbrains/kotlin/backend/common/BackendContext
instanceKlass sun/reflect/generics/tree/ClassSignature
instanceKlass sun/reflect/generics/tree/Signature
instanceKlass sun/reflect/generics/tree/FormalTypeParameter
instanceKlass java/lang/reflect/TypeVariable
instanceKlass sun/reflect/generics/repository/AbstractRepository
instanceKlass org/jetbrains/kotlin/backend/common/phaser/PhaseFactoriesKt
instanceKlass org/jetbrains/kotlin/backend/jvm/JvmPhasesKt
instanceKlass org/jetbrains/kotlin/cli/common/environment/UtilKt
instanceKlass org/jetbrains/kotlin/com/intellij/util/containers/CanonicalHashingStrategy
instanceKlass  @bci org/jetbrains/kotlin/com/intellij/util/containers/ConcurrentRefHashMap <clinit> ()V 23 <appendix> argL0 ; # org/jetbrains/kotlin/com/intellij/util/containers/ConcurrentRefHashMap$$Lambda+0x000000010011ee98
instanceKlass org/jetbrains/kotlin/com/intellij/util/containers/ConcurrentRefHashMap$HardKey
instanceKlass org/jetbrains/kotlin/com/intellij/util/containers/ConcurrentRefHashMap$1
instanceKlass org/jetbrains/kotlin/com/intellij/util/containers/ConcurrentRefHashMap$KeyReference
instanceKlass org/jetbrains/kotlin/com/intellij/openapi/util/ObjectNode$1
instanceKlass org/jetbrains/kotlin/com/intellij/openapi/util/Disposer$2
instanceKlass org/jetbrains/kotlin/com/intellij/openapi/util/ObjectNode$NodeChildren
instanceKlass org/jetbrains/kotlin/com/intellij/openapi/util/ObjectNode
instanceKlass org/jetbrains/kotlin/it/unimi/dsi/fastutil/objects/Object2ObjectMap$FastEntrySet
instanceKlass org/jetbrains/kotlin/it/unimi/dsi/fastutil/objects/AbstractObject2ObjectFunction
instanceKlass org/jetbrains/kotlin/it/unimi/dsi/fastutil/objects/Object2ObjectMap
instanceKlass org/jetbrains/kotlin/it/unimi/dsi/fastutil/objects/Object2ObjectFunction
instanceKlass org/jetbrains/kotlin/com/intellij/util/containers/RefHashMap$HardKey
instanceKlass org/jetbrains/kotlin/com/intellij/util/containers/RefHashMap$Key
instanceKlass org/jetbrains/kotlin/com/intellij/util/containers/IdentityHashingStrategy
instanceKlass org/jetbrains/kotlin/com/intellij/util/containers/HashingStrategy
instanceKlass org/jetbrains/kotlin/it/unimi/dsi/fastutil/Hash$Strategy
instanceKlass org/jetbrains/kotlin/com/intellij/util/containers/CollectionFactory
instanceKlass org/jetbrains/kotlin/it/unimi/dsi/fastutil/objects/Reference2ObjectMap$FastEntrySet
instanceKlass org/jetbrains/kotlin/it/unimi/dsi/fastutil/objects/ReferenceSet
instanceKlass org/jetbrains/kotlin/it/unimi/dsi/fastutil/objects/ReferenceCollection
instanceKlass org/jetbrains/kotlin/it/unimi/dsi/fastutil/objects/AbstractReference2ObjectFunction
instanceKlass org/jetbrains/kotlin/it/unimi/dsi/fastutil/objects/Reference2ObjectMap
instanceKlass org/jetbrains/kotlin/it/unimi/dsi/fastutil/objects/Reference2ObjectFunction
instanceKlass org/jetbrains/kotlin/com/intellij/openapi/util/ObjectTree
instanceKlass org/jetbrains/kotlin/com/intellij/openapi/util/Disposer
instanceKlass kotlin/reflect/jvm/internal/impl/name/SpecialNames
instanceKlass kotlin/reflect/jvm/internal/impl/builtins/CompanionObjectMapping
instanceKlass kotlin/reflect/jvm/internal/impl/name/FqNamesUtilKt
instanceKlass kotlin/reflect/jvm/internal/impl/utils/CollectionsKt
instanceKlass kotlin/reflect/jvm/internal/impl/builtins/PrimitiveType$Companion
instanceKlass kotlin/reflect/jvm/internal/impl/builtins/StandardNames$FqNames
instanceKlass kotlin/reflect/jvm/internal/impl/builtins/jvm/JavaToKotlinClassMap$PlatformMutabilityMapping
instanceKlass kotlin/reflect/jvm/internal/impl/builtins/functions/FunctionClassKind$Companion
instanceKlass kotlin/collections/SetsKt__SetsJVMKt
instanceKlass kotlin/reflect/jvm/internal/impl/builtins/StandardNames
instanceKlass kotlin/reflect/jvm/internal/impl/builtins/jvm/JavaToKotlinClassMap
instanceKlass kotlin/jvm/functions/Function22
instanceKlass kotlin/jvm/functions/Function21
instanceKlass kotlin/jvm/functions/Function20
instanceKlass kotlin/jvm/functions/Function19
instanceKlass kotlin/jvm/functions/Function18
instanceKlass kotlin/jvm/functions/Function17
instanceKlass kotlin/jvm/functions/Function16
instanceKlass kotlin/jvm/functions/Function15
instanceKlass kotlin/jvm/functions/Function14
instanceKlass kotlin/jvm/functions/Function13
instanceKlass kotlin/jvm/functions/Function12
instanceKlass kotlin/jvm/functions/Function11
instanceKlass kotlin/jvm/functions/Function10
instanceKlass kotlin/jvm/functions/Function9
instanceKlass kotlin/jvm/functions/Function8
instanceKlass kotlin/jvm/functions/Function7
instanceKlass kotlin/jvm/functions/Function6
instanceKlass kotlin/jvm/functions/Function5
instanceKlass kotlin/jvm/functions/Function4
instanceKlass kotlin/jvm/functions/Function3
instanceKlass kotlin/reflect/jvm/internal/pcollections/ConsPStack$Itr
instanceKlass kotlin/reflect/jvm/internal/impl/descriptors/runtime/structure/ReflectClassUtilKt
instanceKlass kotlin/reflect/jvm/internal/impl/name/ClassId
instanceKlass kotlin/reflect/jvm/internal/impl/name/FqNameUnsafe$1
instanceKlass kotlin/reflect/jvm/internal/impl/name/Name
instanceKlass kotlin/reflect/jvm/internal/impl/name/FqNameUnsafe
instanceKlass kotlin/reflect/jvm/internal/impl/name/FqName
instanceKlass kotlin/reflect/jvm/internal/RuntimeTypeMapper
instanceKlass sun/reflect/misc/ReflectUtil
instanceKlass java/util/concurrent/atomic/AtomicReferenceFieldUpdater$AtomicReferenceFieldUpdaterImpl$1
instanceKlass java/util/concurrent/atomic/AtomicReferenceFieldUpdater
instanceKlass kotlin/SafePublicationLazyImpl$Companion
instanceKlass kotlin/SafePublicationLazyImpl
instanceKlass kotlin/LazyKt__LazyJVMKt$WhenMappings
instanceKlass kotlin/reflect/jvm/internal/KPropertyImpl$Companion
instanceKlass kotlin/reflect/jvm/internal/KCallableImpl
instanceKlass kotlin/reflect/jvm/internal/KDeclarationContainerImpl$Data
instanceKlass org/jetbrains/kotlin/progress/ProgressIndicatorAndCompilationCanceledStatus
instanceKlass org/jetbrains/kotlin/progress/CompilationCanceledStatus
instanceKlass org/jetbrains/kotlin/com/google/common/collect/LinkedHashMultimap$1
instanceKlass  @bci java/util/stream/MatchOps makeRef (Ljava/util/function/Predicate;Ljava/util/stream/MatchOps$MatchKind;)Ljava/util/stream/TerminalOp; 20 <appendix> member <vmtarget> ; # java/util/stream/MatchOps$$Lambda+0x0000000100144660
instanceKlass java/util/stream/MatchOps$BooleanTerminalSink
instanceKlass java/util/stream/Sink
instanceKlass java/util/stream/MatchOps$MatchOp
instanceKlass java/util/stream/TerminalOp
instanceKlass java/util/stream/MatchOps
instanceKlass  @bci org/jetbrains/kotlin/cli/common/messages/GroupingMessageCollector hasExplicitErrors ()Z 14 <appendix> argL0 ; # org/jetbrains/kotlin/cli/common/messages/GroupingMessageCollector$$Lambda+0x000000010010d340
instanceKlass java/util/function/Predicate
instanceKlass java/util/EnumMap$1
instanceKlass java/util/stream/StreamOpFlag$MaskBuilder
instanceKlass java/util/stream/PipelineHelper
instanceKlass java/util/stream/Stream
instanceKlass java/util/stream/BaseStream
instanceKlass java/util/stream/StreamSupport
instanceKlass java/util/Spliterators$IteratorSpliterator
instanceKlass java/util/Spliterator$OfDouble
instanceKlass java/util/Spliterator$OfLong
instanceKlass java/util/Spliterator$OfInt
instanceKlass java/util/Spliterator$OfPrimitive
instanceKlass java/util/Spliterators$EmptySpliterator
instanceKlass java/util/Spliterator
instanceKlass java/util/Spliterators
instanceKlass  @bci org/jetbrains/kotlin/utils/KotlinPathsFromHomeDir <init> (Ljava/io/File;)V 26 <appendix> argL0 ; # org/jetbrains/kotlin/utils/KotlinPathsFromHomeDir$$Lambda+0x0000000100107c50
instanceKlass org/jetbrains/kotlin/utils/KotlinPathsFromBaseDirectory
instanceKlass org/jetbrains/kotlin/com/intellij/openapi/application/PathManager
instanceKlass  @bci java/util/regex/Pattern DOT ()Ljava/util/regex/Pattern$CharPredicate; 0 <appendix> argL0 ; # java/util/regex/Pattern$$Lambda+0x00000001000bdaa8
instanceKlass  @bci java/util/regex/Pattern union (Ljava/util/regex/Pattern$CharPredicate;Ljava/util/regex/Pattern$CharPredicate;Z)Ljava/util/regex/Pattern$CharPredicate; 6 <appendix> member <vmtarget> ; # java/util/regex/Pattern$$Lambda+0x00000001000bd7e0
instanceKlass java/util/regex/Pattern$BitClass
instanceKlass org/jetbrains/kotlin/utils/PathUtil
instanceKlass org/jetbrains/kotlin/config/JvmTarget$Companion
instanceKlass org/jetbrains/kotlin/platform/TargetPlatformVersion
instanceKlass org/jetbrains/kotlin/config/JVMConfigurationKeys
instanceKlass org/jetbrains/kotlin/cli/jvm/JvmArgumentsKt
instanceKlass  @bci org/jetbrains/kotlin/fir/resolve/calls/ConstructorProcessingKt getSingleVisibleClassifier (Lorg/jetbrains/kotlin/fir/scopes/FirScope;Lorg/jetbrains/kotlin/fir/FirSession;Lorg/jetbrains/kotlin/fir/resolve/BodyResolveComponents;Lorg/jetbrains/kotlin/name/Name;)Lorg/jetbrains/kotlin/fir/symbols/impl/FirClassifierSymbol; 51 <appendix> form vmentry <vmtarget> ; # java/lang/invoke/LambdaForm$DMH+0x0000000100108000
instanceKlass  @bci org/jetbrains/kotlin/cli/common/arguments/JavaTypeEnhancementStateParser parse ([Ljava/lang/String;Ljava/lang/String;Ljava/lang/String;[Ljava/lang/String;)Lorg/jetbrains/kotlin/load/java/JavaTypeEnhancementState; 143 <appendix> member <vmtarget> ; # org/jetbrains/kotlin/cli/common/arguments/JavaTypeEnhancementStateParser$$Lambda+0x00000001001065c8
instanceKlass org/jetbrains/kotlin/utils/WrappedValues$ThrowableWrapper
instanceKlass org/jetbrains/kotlin/config/LanguageVersionSettingsKt
instanceKlass org/jetbrains/kotlin/cli/common/messages/MessageCollector$Companion$NONE$1
instanceKlass org/jetbrains/kotlin/cli/common/messages/MessageCollector$Companion
instanceKlass org/jetbrains/kotlin/cli/common/arguments/JavaTypeEnhancementStateParser$Companion
instanceKlass org/jetbrains/kotlin/cli/common/arguments/JavaTypeEnhancementStateParser
instanceKlass org/jetbrains/kotlin/config/JvmAnalysisFlags$Delegates$JvmDefaultModeDisabledByDefault
instanceKlass org/jetbrains/kotlin/utils/WrappedValues$1
instanceKlass org/jetbrains/kotlin/utils/WrappedValues
instanceKlass kotlin/collections/EmptyIterator
instanceKlass org/jetbrains/kotlin/name/FqNamesUtilKt
instanceKlass org/jetbrains/kotlin/load/java/NullabilityAnnotationStates$Companion
instanceKlass  @bci org/jetbrains/kotlin/load/java/Jsr305Settings <init> (Lorg/jetbrains/kotlin/load/java/ReportLevel;Lorg/jetbrains/kotlin/load/java/ReportLevel;Ljava/util/Map;)V 33 <appendix> member <vmtarget> ; # org/jetbrains/kotlin/load/java/Jsr305Settings$$Lambda+0x0000000100103cf0
instanceKlass org/jetbrains/kotlin/load/java/Jsr305Settings
instanceKlass org/jetbrains/kotlin/storage/LockBasedStorageManager$MapBasedMemoizedFunction
instanceKlass  @bci org/jetbrains/kotlin/load/java/NullabilityAnnotationStatesImpl <init> (Ljava/util/Map;)V 34 <appendix> member <vmtarget> ; # org/jetbrains/kotlin/load/java/NullabilityAnnotationStatesImpl$$Lambda+0x00000001001035c8
instanceKlass org/jetbrains/kotlin/storage/DefaultSimpleLock
instanceKlass org/jetbrains/kotlin/storage/SimpleLock$Companion
instanceKlass org/jetbrains/kotlin/storage/EmptySimpleLock
instanceKlass org/jetbrains/kotlin/storage/LockBasedStorageManager$ExceptionHandlingStrategy$1
instanceKlass org/jetbrains/kotlin/storage/LockBasedStorageManager$ExceptionHandlingStrategy
instanceKlass org/jetbrains/kotlin/storage/CacheWithNullableValues
instanceKlass org/jetbrains/kotlin/storage/CacheWithNotNullValues
instanceKlass org/jetbrains/kotlin/storage/MemoizedFunctionToNotNull
instanceKlass org/jetbrains/kotlin/storage/NullableLazyValue
instanceKlass org/jetbrains/kotlin/storage/MemoizedFunctionToNullable
instanceKlass org/jetbrains/kotlin/storage/NotNullLazyValue
instanceKlass org/jetbrains/kotlin/storage/SimpleLock
instanceKlass org/jetbrains/kotlin/storage/LockBasedStorageManager
instanceKlass org/jetbrains/kotlin/storage/StorageManager
instanceKlass kotlin/TuplesKt
instanceKlass kotlin/KotlinVersionCurrentValue
instanceKlass kotlin/KotlinVersion$Companion
instanceKlass kotlin/KotlinVersion
instanceKlass org/jetbrains/kotlin/load/java/ReportLevel$Companion
instanceKlass org/jetbrains/kotlin/load/java/JavaNullabilityAnnotationsStatus$Companion
instanceKlass org/jetbrains/kotlin/load/java/JavaNullabilityAnnotationsStatus
instanceKlass kotlin/Pair
instanceKlass org/jetbrains/kotlin/load/java/NullabilityAnnotationStatesImpl
instanceKlass org/jetbrains/kotlin/load/java/NullabilityAnnotationStates
instanceKlass org/jetbrains/kotlin/load/java/JavaNullabilityAnnotationSettingsKt
instanceKlass org/jetbrains/kotlin/load/java/JavaTypeEnhancementState$Companion
instanceKlass org/jetbrains/kotlin/load/java/JavaTypeEnhancementState
instanceKlass org/jetbrains/kotlin/config/JvmAnalysisFlags$Delegates$JavaTypeEnhancementStateWarnByDefault
instanceKlass org/jetbrains/kotlin/config/JvmAnalysisFlags
instanceKlass kotlin/collections/AbstractList$IteratorImpl
instanceKlass org/jetbrains/kotlin/config/AnalysisFlag$Delegates$ApiModeDisabledByDefault
instanceKlass org/jetbrains/kotlin/config/AnalysisFlag$Delegates$ListOfStrings
instanceKlass org/jetbrains/kotlin/config/AnalysisFlag
instanceKlass org/jetbrains/kotlin/config/AnalysisFlag$Delegate
instanceKlass kotlin/properties/ReadOnlyProperty
instanceKlass org/jetbrains/kotlin/config/AnalysisFlag$Delegates$Boolean
instanceKlass kotlin/reflect/KProperty$Getter
instanceKlass kotlin/reflect/KProperty$Accessor
instanceKlass org/jetbrains/kotlin/config/AnalysisFlags
instanceKlass org/jetbrains/kotlin/config/LanguageVersionSettingsImpl$Companion
instanceKlass org/jetbrains/kotlin/config/LanguageVersionSettings$Companion
instanceKlass org/jetbrains/kotlin/config/LanguageVersionSettingsImpl
instanceKlass java/math/MutableBigInteger
instanceKlass org/jetbrains/kotlin/config/MavenComparableVersion$IntegerItem
instanceKlass org/jetbrains/kotlin/config/MavenComparableVersion$Item
instanceKlass org/jetbrains/kotlin/config/MavenComparableVersion
instanceKlass org/jetbrains/kotlin/config/ApiVersion$Companion
instanceKlass org/jetbrains/kotlin/config/ApiVersion
instanceKlass org/jetbrains/kotlin/config/LanguageVersion$Companion
instanceKlass org/jetbrains/kotlin/config/IrVerificationMode$Companion
instanceKlass org/jetbrains/kotlin/config/IncrementalCompilation
instanceKlass org/jetbrains/kotlin/cli/common/UtilsKt
instanceKlass org/jetbrains/kotlin/config/CommonConfigurationKeysKt
instanceKlass org/jetbrains/kotlin/com/google/common/collect/AbstractMapEntry
instanceKlass org/jetbrains/kotlin/com/google/common/collect/LinkedHashMultimap$ValueSetLink
instanceKlass org/jetbrains/kotlin/com/google/common/collect/CollectPreconditions
instanceKlass org/jetbrains/kotlin/com/google/common/base/Preconditions
instanceKlass org/jetbrains/kotlin/com/google/common/collect/SortedMapDifference
instanceKlass org/jetbrains/kotlin/com/google/common/collect/MapDifference
instanceKlass org/jetbrains/kotlin/com/google/common/collect/ImmutableMap
instanceKlass org/jetbrains/kotlin/com/google/common/base/Converter
instanceKlass org/jetbrains/kotlin/com/google/common/collect/Maps$EntryTransformer
instanceKlass org/jetbrains/kotlin/com/google/common/collect/BiMap
instanceKlass org/jetbrains/kotlin/com/google/common/collect/UnmodifiableIterator
instanceKlass org/jetbrains/kotlin/com/google/common/base/Function
instanceKlass org/jetbrains/kotlin/com/google/common/collect/Maps
instanceKlass org/jetbrains/kotlin/com/google/common/collect/Platform
instanceKlass org/jetbrains/kotlin/com/google/common/collect/Multiset
instanceKlass org/jetbrains/kotlin/com/google/common/collect/AbstractMultimap
instanceKlass org/jetbrains/kotlin/com/google/common/collect/SetMultimap
instanceKlass org/jetbrains/kotlin/com/google/common/collect/Multimap
instanceKlass org/jetbrains/kotlin/cli/common/messages/GroupingMessageCollector
instanceKlass org/jetbrains/kotlin/config/CommonConfigurationKeys
instanceKlass org/jetbrains/kotlin/it/unimi/dsi/fastutil/HashCommon
instanceKlass org/jetbrains/kotlin/it/unimi/dsi/fastutil/ints/Int2ObjectMap$FastEntrySet
instanceKlass org/jetbrains/kotlin/it/unimi/dsi/fastutil/objects/ObjectSet
instanceKlass org/jetbrains/kotlin/it/unimi/dsi/fastutil/ints/IntSet
instanceKlass org/jetbrains/kotlin/it/unimi/dsi/fastutil/ints/IntCollection
instanceKlass org/jetbrains/kotlin/it/unimi/dsi/fastutil/ints/IntIterable
instanceKlass org/jetbrains/kotlin/it/unimi/dsi/fastutil/objects/ObjectCollection
instanceKlass org/jetbrains/kotlin/it/unimi/dsi/fastutil/objects/ObjectIterable
instanceKlass org/jetbrains/kotlin/it/unimi/dsi/fastutil/ints/AbstractInt2ObjectFunction
instanceKlass org/jetbrains/kotlin/it/unimi/dsi/fastutil/Hash
instanceKlass org/jetbrains/kotlin/it/unimi/dsi/fastutil/ints/Int2ObjectMap
instanceKlass org/jetbrains/kotlin/it/unimi/dsi/fastutil/ints/Int2ObjectFunction
instanceKlass java/util/function/IntFunction
instanceKlass org/jetbrains/kotlin/it/unimi/dsi/fastutil/Function
instanceKlass org/jetbrains/kotlin/com/intellij/util/containers/IntKeyWeakValueHashMap
instanceKlass org/jetbrains/kotlin/com/intellij/openapi/util/Key
instanceKlass org/jetbrains/kotlin/config/CompilerConfigurationKey
instanceKlass org/jetbrains/kotlin/cli/common/CLIConfigurationKeys
instanceKlass org/jetbrains/kotlin/utils/SmartList$EmptyIterator
instanceKlass org/jetbrains/kotlin/cli/common/ArgumentsKt
instanceKlass java/net/URLConnection
instanceKlass org/jetbrains/kotlin/cli/common/messages/PrintingMessageCollector
instanceKlass kotlin/jvm/internal/CollectionToArray
# instanceKlass java/lang/invoke/LambdaForm$MH+0x00000001000ea800
# instanceKlass java/lang/invoke/LambdaForm$MH+0x00000001000ea400
# instanceKlass java/lang/invoke/LambdaForm$MH+0x00000001000ea000
instanceKlass  @cpi org/jetbrains/kotlin/com/intellij/psi/impl/compiled/StubBuildingVisitor$FieldAnnotationCollectingVisitor 70 form vmentry <vmtarget> ; # java/lang/invoke/LambdaForm$DMH+0x00000001000e9c00
# instanceKlass java/lang/invoke/LambdaForm$MH+0x00000001000e9800
# instanceKlass java/lang/invoke/LambdaForm$MH+0x00000001000e9400
# instanceKlass java/lang/invoke/LambdaForm$MH+0x00000001000e9000
# instanceKlass java/lang/invoke/LambdaForm$BMH+0x00000001000e8c00
# instanceKlass java/lang/invoke/LambdaForm$MH+0x00000001000e8800
instanceKlass  @cpi org/jetbrains/kotlin/fir/resolve/transformers/body/resolve/FirDeclarationsResolveTransformer 1572 form vmentry <vmtarget> ; # java/lang/invoke/LambdaForm$DMH+0x00000001000e8400
instanceKlass java/lang/invoke/ClassSpecializer$Factory$1Var
instanceKlass java/lang/invoke/MethodHandles$1
# instanceKlass java/lang/invoke/LambdaForm$DMH+0x00000001000e8000
instanceKlass sun/invoke/util/ValueConversions$1
instanceKlass sun/invoke/util/ValueConversions$WrapperCache
# instanceKlass java/lang/invoke/LambdaForm$DMH+0x00000001000d8c00
instanceKlass kotlin/reflect/jvm/internal/pcollections/MapEntry
instanceKlass kotlin/reflect/jvm/internal/ReflectProperties$Val$1
instanceKlass kotlin/reflect/jvm/internal/ReflectProperties$Val
instanceKlass kotlin/reflect/jvm/internal/ReflectProperties
instanceKlass  @bci java/util/regex/CharPredicates ASCII_DIGIT ()Ljava/util/regex/Pattern$BmpCharPredicate; 0 <appendix> argL0 ; # java/util/regex/CharPredicates$$Lambda+0x00000001000b7e08
instanceKlass java/util/regex/CharPredicates
instanceKlass kotlin/text/Regex$Companion
instanceKlass kotlin/text/Regex
instanceKlass kotlin/jvm/internal/DefaultConstructorMarker
instanceKlass kotlin/reflect/jvm/internal/KDeclarationContainerImpl$Companion
instanceKlass kotlin/reflect/jvm/internal/KTypeParameterOwnerImpl
instanceKlass kotlin/reflect/jvm/internal/KClassifierImpl
instanceKlass kotlin/reflect/jvm/internal/pcollections/ConsPStack
instanceKlass kotlin/reflect/jvm/internal/pcollections/IntTree
instanceKlass kotlin/reflect/jvm/internal/pcollections/IntTreePMap
instanceKlass kotlin/reflect/jvm/internal/pcollections/HashPMap
instanceKlass kotlin/reflect/jvm/internal/KClassCacheKt
instanceKlass kotlin/reflect/jvm/internal/KDeclarationContainerImpl
instanceKlass kotlin/jvm/internal/ClassBasedDeclarationContainer
instanceKlass kotlin/reflect/KTypeParameter
instanceKlass kotlin/reflect/KMutableProperty0
instanceKlass kotlin/reflect/KProperty0
instanceKlass kotlin/reflect/KClass
instanceKlass kotlin/reflect/KMutableProperty1
instanceKlass kotlin/reflect/KProperty1
instanceKlass kotlin/reflect/KMutableProperty2
instanceKlass kotlin/reflect/KMutableProperty
instanceKlass kotlin/reflect/KProperty2
instanceKlass kotlin/reflect/KProperty
instanceKlass kotlin/reflect/KType
instanceKlass kotlin/jvm/internal/ReflectionFactory
instanceKlass kotlin/reflect/KClassifier
instanceKlass kotlin/jvm/internal/Reflection
instanceKlass kotlin/jvm/JvmClassMappingKt
# instanceKlass java/lang/invoke/LambdaForm$MH+0x00000001000d8800
instanceKlass java/lang/invoke/MethodHandle$1
instanceKlass org/jetbrains/kotlin/config/LanguageVersionSettings
instanceKlass org/jetbrains/kotlin/config/LanguageOrApiVersion
instanceKlass org/jetbrains/kotlin/utils/DescriptionAware
instanceKlass org/jetbrains/kotlin/cli/common/messages/MessageCollector
instanceKlass kotlin/collections/builders/MapBuilder$EntryRef
instanceKlass kotlin/jvm/internal/markers/KMutableMap$Entry
instanceKlass kotlin/collections/builders/MapBuilder$Itr
instanceKlass kotlin/jvm/internal/markers/KMutableIterator
instanceKlass org/jetbrains/kotlin/cli/common/arguments/ArgumentField
instanceKlass org/jetbrains/kotlin/util/capitalizeDecapitalize/CapitalizeDecapitalizeKt
instanceKlass kotlin/_Assertions
instanceKlass org/jetbrains/kotlin/name/ClassId$Companion
instanceKlass org/jetbrains/kotlin/name/ClassId
instanceKlass org/jetbrains/kotlin/name/FqNameUnsafe$1
instanceKlass java/util/regex/Pattern$TreeInfo
instanceKlass  @bci java/util/regex/Pattern Single (I)Ljava/util/regex/Pattern$BmpCharPredicate; 1 <appendix> member <vmtarget> ; # java/util/regex/Pattern$$Lambda+0x00000001000b56a0
instanceKlass java/util/regex/Pattern$BmpCharPredicate
instanceKlass java/util/regex/Pattern$CharPredicate
instanceKlass java/util/regex/Pattern$Node
instanceKlass java/util/regex/Pattern
instanceKlass org/jetbrains/kotlin/name/Name
instanceKlass org/jetbrains/kotlin/name/FqNameUnsafe
instanceKlass org/jetbrains/kotlin/name/FqName
instanceKlass org/jetbrains/kotlin/load/java/JvmAbi
instanceKlass kotlin/Metadata
instanceKlass java/lang/annotation/Target
# instanceKlass java/lang/invoke/LambdaForm$MH+0x00000001000d8400
# instanceKlass java/lang/invoke/LambdaForm$MH+0x00000001000d8000
instanceKlass java/lang/reflect/Proxy$ProxyBuilder$1
instanceKlass jdk/internal/org/objectweb/asm/Edge
instanceKlass  @bci java/lang/reflect/ProxyGenerator addProxyMethod (Ljava/lang/reflect/Method;Ljava/lang/Class;)V 23 <appendix> argL0 ; # java/lang/reflect/ProxyGenerator$$Lambda+0x00000001000b25e0
instanceKlass  @bci java/lang/reflect/ProxyGenerator addProxyMethod (Ljava/lang/reflect/ProxyGenerator$ProxyMethod;)V 10 <appendix> argL0 ; # java/lang/reflect/ProxyGenerator$$Lambda+0x00000001000b2370
instanceKlass java/util/StringJoiner
instanceKlass java/lang/reflect/ProxyGenerator$ProxyMethod
instanceKlass  @bci java/lang/reflect/Proxy getLoader (Ljava/lang/Module;)Ljava/lang/ClassLoader; 6 <appendix> member <vmtarget> ; # java/lang/reflect/Proxy$$Lambda+0x00000001000b16b8
instanceKlass  @bci java/lang/WeakPairMap computeIfAbsent (Ljava/lang/Object;Ljava/lang/Object;Ljava/util/function/BiFunction;)Ljava/lang/Object; 18 <appendix> member <vmtarget> ; # java/lang/WeakPairMap$$Lambda+0x00000001000b1200
instanceKlass  @bci java/lang/Module implAddExportsOrOpens (Ljava/lang/String;Ljava/lang/Module;ZZ)V 145 <appendix> argL0 ; # java/lang/Module$$Lambda+0x00000001000b0fa0
instanceKlass  @bci java/lang/module/ModuleDescriptor$Builder packages (Ljava/util/Set;)Ljava/lang/module/ModuleDescriptor$Builder; 17 <appendix> argL0 ; # java/lang/module/ModuleDescriptor$Builder$$Lambda+0x00000001000aff60
instanceKlass java/lang/WeakPairMap$Pair$Lookup
instanceKlass java/lang/WeakPairMap$Pair
instanceKlass java/lang/WeakPairMap
instanceKlass java/lang/Module$ReflectionData
instanceKlass java/util/function/Consumer
instanceKlass jdk/internal/module/Checks
instanceKlass java/lang/module/ModuleDescriptor$Builder
instanceKlass  @bci java/lang/reflect/Proxy$ProxyBuilder getDynamicModule (Ljava/lang/ClassLoader;)Ljava/lang/Module; 4 <appendix> argL0 ; # java/lang/reflect/Proxy$ProxyBuilder$$Lambda+0x00000001000aed50
instanceKlass java/util/LinkedHashMap$LinkedHashIterator
instanceKlass java/lang/PublicMethods
instanceKlass java/util/Collections$1
instanceKlass java/lang/reflect/Proxy$ProxyBuilder
instanceKlass  @bci java/lang/reflect/Proxy getProxyConstructor (Ljava/lang/Class;Ljava/lang/ClassLoader;[Ljava/lang/Class;)Ljava/lang/reflect/Constructor; 35 <appendix> argL0 ; # java/lang/reflect/Proxy$$Lambda+0x00000001000ad490
instanceKlass java/lang/ClassValue$Version
instanceKlass java/lang/ClassValue$Identity
instanceKlass java/lang/ClassValue
instanceKlass java/lang/reflect/Proxy
instanceKlass sun/reflect/annotation/AnnotationInvocationHandler
instanceKlass java/lang/reflect/InvocationHandler
instanceKlass sun/reflect/annotation/AnnotationParser$1
instanceKlass kotlin/annotation/Target
instanceKlass java/lang/annotation/Inherited
instanceKlass java/lang/annotation/Retention
instanceKlass sun/reflect/annotation/ExceptionProxy
instanceKlass sun/reflect/annotation/AnnotationType$1
instanceKlass sun/reflect/annotation/AnnotationType
instanceKlass java/lang/reflect/GenericArrayType
instanceKlass sun/reflect/generics/visitor/Reifier
instanceKlass sun/reflect/generics/visitor/TypeTreeVisitor
instanceKlass sun/reflect/generics/factory/CoreReflectionFactory
instanceKlass sun/reflect/generics/factory/GenericsFactory
instanceKlass sun/reflect/generics/scope/AbstractScope
instanceKlass sun/reflect/generics/scope/Scope
instanceKlass sun/reflect/generics/tree/ClassTypeSignature
instanceKlass sun/reflect/generics/tree/SimpleClassTypeSignature
instanceKlass sun/reflect/generics/tree/FieldTypeSignature
instanceKlass sun/reflect/generics/tree/BaseType
instanceKlass sun/reflect/generics/tree/TypeSignature
instanceKlass sun/reflect/generics/tree/ReturnType
instanceKlass sun/reflect/generics/tree/TypeArgument
instanceKlass sun/reflect/generics/tree/TypeTree
instanceKlass sun/reflect/generics/tree/Tree
instanceKlass sun/reflect/generics/parser/SignatureParser
instanceKlass kotlin/jvm/internal/markers/KMutableSet
instanceKlass kotlin/jvm/internal/markers/KMutableCollection
instanceKlass kotlin/jvm/internal/markers/KMutableIterable
instanceKlass sun/reflect/annotation/AnnotationParser
instanceKlass org/jetbrains/kotlin/cli/common/arguments/Argument
instanceKlass kotlin/jvm/internal/ArrayIterator
instanceKlass kotlin/jvm/internal/ArrayIteratorKt
instanceKlass kotlin/collections/EmptySet
instanceKlass kotlin/collections/EmptyMap
instanceKlass kotlin/ranges/RangesKt__RangesKt
instanceKlass kotlin/collections/builders/ListBuilderKt
instanceKlass kotlin/collections/builders/MapBuilder$Companion
instanceKlass kotlin/collections/builders/MapBuilder
instanceKlass kotlin/jvm/internal/markers/KMutableMap
instanceKlass kotlin/collections/MapsKt__MapWithDefaultKt
instanceKlass java/io/FileInputStream$1
instanceKlass kotlin/io/CloseableKt
instanceKlass kotlin/text/CharsKt__CharJVMKt
instanceKlass java/nio/charset/CoderResult
instanceKlass kotlin/sequences/GeneratorSequence$iterator$1
instanceKlass java/lang/invoke/VarHandle$AccessDescriptor
instanceKlass kotlin/sequences/ConstrainedOnceSequence
instanceKlass kotlin/jvm/internal/Lambda
instanceKlass kotlin/sequences/GeneratorSequence
instanceKlass kotlin/sequences/Sequence
instanceKlass kotlin/sequences/SequencesKt__SequenceBuilderKt
instanceKlass  @bci org/jetbrains/kotlin/cli/common/arguments/PreprocessCommandLineArgumentsKt expand (Ljava/io/File;Lorg/jetbrains/kotlin/cli/common/arguments/ArgumentParseErrors;)Ljava/util/List; 85 <appendix> member <vmtarget> ; # org/jetbrains/kotlin/cli/common/arguments/PreprocessCommandLineArgumentsKt$$Lambda+0x00000001000d13b8
instanceKlass java/io/Reader
instanceKlass java/lang/Readable
instanceKlass kotlin/text/Charsets
instanceKlass java/util/Arrays$ArrayItr
instanceKlass org/jetbrains/kotlin/cli/common/arguments/PreprocessCommandLineArgumentsKt
instanceKlass kotlin/UNINITIALIZED_VALUE
instanceKlass kotlin/SynchronizedLazyImpl
instanceKlass kotlin/Lazy
instanceKlass kotlin/LazyKt__LazyJVMKt
instanceKlass  @bci org/jetbrains/kotlin/cli/common/arguments/ParseCommandLineArgumentsKt parseCommandLineArguments (Ljava/util/List;Lorg/jetbrains/kotlin/cli/common/arguments/CommonToolArguments;Z)V 13 <appendix> member <vmtarget> ; # org/jetbrains/kotlin/cli/common/arguments/ParseCommandLineArgumentsKt$$Lambda+0x00000001000cca40
instanceKlass org/jetbrains/kotlin/cli/common/arguments/ArgumentParseErrors
instanceKlass kotlin/jvm/functions/Function0
instanceKlass org/jetbrains/kotlin/cli/common/arguments/ParseCommandLineArgumentsKt
instanceKlass kotlin/collections/ArraysUtilJVM
instanceKlass kotlin/collections/ArraysKt__ArraysJVMKt
instanceKlass java/lang/ProcessEnvironment$CheckedEntry
instanceKlass java/lang/ProcessEnvironment$CheckedEntrySet$1
instanceKlass java/lang/ProcessEnvironment$EntryComparator
instanceKlass java/lang/ProcessEnvironment$NameComparator
instanceKlass org/jetbrains/kotlin/config/JvmDefaultMode$Companion
instanceKlass org/jetbrains/kotlin/config/JVMAssertionsMode$Companion
instanceKlass org/jetbrains/kotlin/config/ExplicitApiMode$Companion
instanceKlass kotlin/collections/EmptyList
instanceKlass kotlin/collections/CollectionsKt__CollectionsJVMKt
instanceKlass org/jetbrains/kotlin/cli/common/arguments/K2JVMCompilerArguments$Companion
instanceKlass org/jetbrains/kotlin/cli/common/arguments/CommonCompilerArguments$Companion
instanceKlass org/jetbrains/kotlin/cli/common/arguments/CommonToolArguments$Companion
instanceKlass org/jetbrains/kotlin/config/Services$Builder
instanceKlass org/jetbrains/kotlin/config/Services$Companion
instanceKlass org/jetbrains/kotlin/cli/common/messages/XcodeStyleMessageRenderer
instanceKlass org/jetbrains/kotlin/cli/common/messages/GradleStyleMessageRenderer
# instanceKlass java/lang/invoke/LambdaForm$MH+0x00000001000cc000
instanceKlass jdk/internal/reflect/MethodHandleAccessorFactory$LazyStaticHolder
instanceKlass java/lang/Class$3
instanceKlass org/jetbrains/kotlin/cli/common/messages/CompilerMessageSeverity$Companion
instanceKlass kotlin/text/StringsKt__AppendableKt
instanceKlass org/jetbrains/kotlin/cli/common/PropertiesKt
instanceKlass org/jetbrains/kotlin/cli/common/messages/PlainTextMessageRenderer
instanceKlass org/jetbrains/kotlin/cli/common/messages/XmlMessageRenderer
instanceKlass org/jetbrains/kotlin/cli/common/messages/MessageRenderer
instanceKlass org/jetbrains/kotlin/com/intellij/util/ArrayUtilRt
instanceKlass java/lang/invoke/VarForm
instanceKlass java/lang/invoke/VarHandleGuards
instanceKlass java/lang/invoke/VarHandles
instanceKlass java/util/concurrent/atomic/AtomicReference
instanceKlass org/jetbrains/kotlin/com/intellij/util/containers/ConcurrentIntObjectMap
instanceKlass org/jetbrains/kotlin/com/intellij/util/containers/IntObjectMap
instanceKlass org/jetbrains/kotlin/com/intellij/util/containers/ConcurrentList
instanceKlass org/jetbrains/kotlin/com/intellij/util/containers/ContainerUtil
instanceKlass org/jetbrains/kotlin/com/intellij/openapi/application/ApplicationManager
instanceKlass  @bci java/util/logging/Level$KnownLevel add (Ljava/util/logging/Level;)V 49 <appendix> argL0 ; # java/util/logging/Level$KnownLevel$$Lambda+0x000000010009eda0
instanceKlass  @bci java/util/logging/Level$KnownLevel add (Ljava/util/logging/Level;)V 19 <appendix> argL0 ; # java/util/logging/Level$KnownLevel$$Lambda+0x000000010009eb30
instanceKlass java/util/logging/Level
instanceKlass  @bci org/jetbrains/kotlin/fir/java/scopes/BuiltinMethodsWithSpecialGenericSignature getOverriddenBuiltinFunctionWithErasedValueParametersInJava (Lorg/jetbrains/kotlin/fir/symbols/impl/FirNamedFunctionSymbol;Lorg/jetbrains/kotlin/fir/scopes/FirTypeScope;)Lorg/jetbrains/kotlin/fir/symbols/impl/FirNamedFunctionSymbol; 29 <appendix> form vmentry <vmtarget> ; # java/lang/invoke/LambdaForm$MH+0x00000001000c4000
instanceKlass java/util/ArrayList$Itr
instanceKlass java/lang/invoke/InvokerBytecodeGenerator$ClassData
instanceKlass jdk/internal/org/objectweb/asm/Frame
instanceKlass java/lang/invoke/LambdaFormBuffer
instanceKlass java/lang/invoke/LambdaFormEditor$TransformKey
instanceKlass java/lang/invoke/LambdaFormEditor
instanceKlass java/lang/invoke/DelegatingMethodHandle$Holder
instanceKlass java/lang/invoke/DirectMethodHandle$2
instanceKlass java/lang/invoke/ClassSpecializer$Factory
instanceKlass java/lang/invoke/ClassSpecializer$SpeciesData
instanceKlass java/lang/invoke/ClassSpecializer$1
instanceKlass java/lang/invoke/ClassSpecializer
instanceKlass  @bci org/jetbrains/kotlin/com/intellij/openapi/diagnostic/Logger <clinit> ()V 11 <appendix> argL0 ; # org/jetbrains/kotlin/com/intellij/openapi/diagnostic/Logger$$Lambda+0x00000001000c2de0
instanceKlass org/jetbrains/kotlin/com/intellij/openapi/diagnostic/Attachment
instanceKlass org/jetbrains/kotlin/com/intellij/openapi/diagnostic/Logger$DefaultFactory
instanceKlass org/jetbrains/kotlin/com/intellij/openapi/diagnostic/Logger$Factory
instanceKlass org/jetbrains/kotlin/com/intellij/openapi/diagnostic/Logger
instanceKlass org/jetbrains/kotlin/cli/jvm/compiler/IdeaStandaloneExecutionSetup
instanceKlass org/jetbrains/kotlin/cli/jvm/compiler/CompatKt
instanceKlass kotlin/jvm/functions/Function2
instanceKlass kotlin/jvm/internal/CallableReference$NoReceiver
instanceKlass kotlin/reflect/KDeclarationContainer
instanceKlass kotlin/jvm/internal/CallableReference
instanceKlass kotlin/reflect/KFunction
instanceKlass kotlin/reflect/KCallable
instanceKlass kotlin/reflect/KAnnotatedElement
instanceKlass kotlin/jvm/internal/FunctionBase
instanceKlass kotlin/jvm/functions/Function1
instanceKlass kotlin/Function
instanceKlass org/jetbrains/kotlin/cli/common/CompilerSystemProperties$Companion
instanceKlass kotlin/collections/AbstractList$Companion
instanceKlass kotlin/collections/AbstractCollection
instanceKlass kotlin/enums/EnumEntries
instanceKlass kotlin/jvm/internal/markers/KMappedMarker
instanceKlass kotlin/enums/EnumEntriesKt
instanceKlass org/jetbrains/kotlin/util/PerformanceCounter$Companion
instanceKlass org/jetbrains/kotlin/util/PerformanceCounter
instanceKlass sun/nio/ch/Util$BufferCache
instanceKlass sun/nio/ch/Util
instanceKlass sun/nio/ch/IOStatus
instanceKlass sun/nio/ch/NativeThread
instanceKlass java/io/ExternalChannelHolder
instanceKlass sun/nio/ch/NativeThreadSet
instanceKlass sun/nio/ch/IOUtil
instanceKlass sun/nio/ch/NativeDispatcher
instanceKlass java/nio/channels/spi/AbstractInterruptibleChannel
instanceKlass java/nio/channels/InterruptibleChannel
instanceKlass java/nio/channels/ScatteringByteChannel
instanceKlass java/nio/channels/GatheringByteChannel
instanceKlass java/nio/channels/SeekableByteChannel
instanceKlass java/nio/channels/ByteChannel
instanceKlass java/nio/channels/WritableByteChannel
instanceKlass java/nio/channels/ReadableByteChannel
instanceKlass java/nio/channels/Channel
instanceKlass sun/nio/fs/WindowsChannelFactory$2
instanceKlass sun/nio/fs/WindowsChannelFactory$Flags
instanceKlass sun/nio/fs/WindowsChannelFactory$1
instanceKlass sun/nio/fs/WindowsChannelFactory
instanceKlass sun/nio/fs/WindowsSecurityDescriptor
instanceKlass java/nio/file/attribute/FileAttribute
instanceKlass com/jetbrains/internal/IoOverNio$ParentForFileChannelImplHolder
instanceKlass sun/invoke/empty/Empty
instanceKlass sun/invoke/util/VerifyType
instanceKlass  @bci sun/nio/fs/ExtendedOptions$InternalOption registerInternal (Ljava/lang/Object;Ljava/lang/Object;)V 16 <appendix> member <vmtarget> ; # sun/nio/fs/ExtendedOptions$InternalOption$$Lambda+0x0000000100094208
instanceKlass java/lang/invoke/MethodHandles$Lookup$ClassDefiner
instanceKlass java/lang/invoke/MethodHandles$Lookup$ClassFile
instanceKlass jdk/internal/org/objectweb/asm/Handler
instanceKlass jdk/internal/org/objectweb/asm/AnnotationVisitor
instanceKlass jdk/internal/org/objectweb/asm/Attribute
instanceKlass jdk/internal/org/objectweb/asm/Label
instanceKlass jdk/internal/org/objectweb/asm/MethodVisitor
instanceKlass jdk/internal/org/objectweb/asm/FieldVisitor
instanceKlass java/lang/invoke/LambdaProxyClassArchive
instanceKlass jdk/internal/org/objectweb/asm/ByteVector
instanceKlass jdk/internal/org/objectweb/asm/Symbol
instanceKlass jdk/internal/org/objectweb/asm/SymbolTable
instanceKlass jdk/internal/org/objectweb/asm/ClassVisitor
instanceKlass java/lang/invoke/InfoFromMemberName
instanceKlass java/lang/invoke/MethodHandleInfo
instanceKlass jdk/internal/org/objectweb/asm/ConstantDynamic
instanceKlass sun/invoke/util/BytecodeDescriptor
instanceKlass jdk/internal/org/objectweb/asm/Handle
instanceKlass sun/security/action/GetBooleanAction
instanceKlass jdk/internal/org/objectweb/asm/Type
instanceKlass java/lang/invoke/AbstractValidatingLambdaMetafactory
instanceKlass java/lang/invoke/MethodHandleImpl$1
instanceKlass jdk/internal/access/JavaLangInvokeAccess
instanceKlass java/lang/invoke/Invokers$Holder
instanceKlass java/lang/invoke/BootstrapMethodInvoker
instanceKlass java/lang/invoke/InvokerBytecodeGenerator$1
instanceKlass java/lang/invoke/InvokerBytecodeGenerator
instanceKlass java/lang/invoke/LambdaForm$Holder
instanceKlass java/lang/invoke/LambdaForm$Name
instanceKlass java/lang/invoke/Invokers
instanceKlass java/lang/invoke/MethodHandleImpl
instanceKlass sun/invoke/util/ValueConversions
instanceKlass java/lang/invoke/DirectMethodHandle$Holder
instanceKlass java/lang/invoke/LambdaForm$NamedFunction
instanceKlass sun/invoke/util/Wrapper$Format
instanceKlass java/lang/invoke/MethodTypeForm
instanceKlass jdk/internal/util/StrongReferenceKey
instanceKlass jdk/internal/util/ReferenceKey
instanceKlass jdk/internal/util/ReferencedKeyMap
instanceKlass java/lang/invoke/MethodType$1
instanceKlass java/lang/invoke/LambdaMetafactory
instanceKlass sun/nio/fs/ExtendedOptions$Wrapper
instanceKlass sun/nio/fs/ExtendedOptions$InternalOption
instanceKlass sun/nio/fs/ExtendedOptions
instanceKlass java/io/IoOverNioOsSpecific
instanceKlass java/nio/file/attribute/PosixFileAttributes
instanceKlass java/nio/file/attribute/DosFileAttributeView
instanceKlass jdk/internal/jimage/ImageLocation
instanceKlass jdk/internal/jimage/decompressor/Decompressor
instanceKlass jdk/internal/jimage/ImageStringsReader
instanceKlass jdk/internal/jimage/ImageStrings
instanceKlass jdk/internal/jimage/ImageHeader
instanceKlass jdk/internal/jimage/NativeImageBuffer$1
instanceKlass jdk/internal/jimage/NativeImageBuffer
instanceKlass jdk/internal/jimage/BasicImageReader$1
instanceKlass jdk/internal/jimage/BasicImageReader
instanceKlass jdk/internal/jimage/ImageReader
instanceKlass jdk/internal/jimage/ImageReaderFactory$1
instanceKlass java/net/URI$Parser
instanceKlass java/nio/file/FileSystems$DefaultFileSystemHolder$1
instanceKlass java/nio/file/FileSystems$DefaultFileSystemHolder
instanceKlass java/nio/file/FileSystems
instanceKlass java/nio/file/Paths
instanceKlass jdk/internal/jimage/ImageReaderFactory
instanceKlass jdk/internal/module/SystemModuleFinders$SystemImage
instanceKlass jdk/internal/module/SystemModuleFinders$SystemModuleReader
instanceKlass java/lang/module/ModuleReader
instanceKlass jdk/internal/loader/BuiltinClassLoader$5
instanceKlass jdk/internal/loader/BuiltinClassLoader$2
instanceKlass jdk/internal/module/Resources
instanceKlass kotlin/jvm/internal/Intrinsics
instanceKlass java/util/TreeMap$PrivateEntryIterator
instanceKlass java/util/TreeMap$Entry
instanceKlass java/util/NavigableMap
instanceKlass java/util/SortedMap
instanceKlass java/util/NavigableSet
instanceKlass java/util/SortedSet
instanceKlass java/util/SequencedSet
instanceKlass org/jetbrains/kotlin/cli/jvm/K2JVMCompiler$Companion
instanceKlass org/jetbrains/kotlin/cli/common/CLICompiler$Companion
instanceKlass org/jetbrains/kotlin/cli/common/CLITool$Companion
instanceKlass java/lang/Void
instanceKlass java/lang/PublicMethods$Key
instanceKlass java/lang/PublicMethods$MethodList
instanceKlass org/jetbrains/kotlin/utils/KotlinPaths
instanceKlass org/jetbrains/kotlin/com/intellij/openapi/Disposable
instanceKlass org/jetbrains/kotlin/config/CompilerConfiguration
instanceKlass org/jetbrains/kotlin/cli/common/CommonCompilerPerformanceManager
instanceKlass org/jetbrains/kotlin/config/Services
instanceKlass org/jetbrains/kotlin/cli/common/arguments/Freezable
instanceKlass org/jetbrains/kotlin/utils/exceptions/KotlinExceptionWithAttachments
instanceKlass org/jetbrains/kotlin/com/intellij/openapi/diagnostic/ExceptionWithAttachments
instanceKlass org/jetbrains/kotlin/com/intellij/openapi/diagnostic/ControlFlowException
instanceKlass jdk/internal/misc/PreviewFeatures
instanceKlass jdk/internal/misc/MainMethodFinder
instanceKlass org/jetbrains/kotlin/cli/common/CLITool
instanceKlass java/security/SecureClassLoader$DebugHolder
instanceKlass java/security/Permission
instanceKlass java/security/Guard
instanceKlass java/security/PermissionCollection
instanceKlass java/security/SecureClassLoader$1
instanceKlass java/util/zip/Checksum$1
instanceKlass java/util/zip/CRC32
instanceKlass java/util/zip/Checksum
instanceKlass sun/nio/ByteBuffered
instanceKlass java/lang/Package$VersionInfo
instanceKlass java/lang/NamedPackage
instanceKlass java/lang/reflect/Array
instanceKlass java/util/jar/Attributes$Name
instanceKlass java/util/SequencedMap
instanceKlass java/util/jar/Attributes
instanceKlass jdk/internal/loader/Resource
instanceKlass sun/security/action/GetIntegerAction
instanceKlass sun/security/util/Debug
instanceKlass sun/security/util/SignatureFileVerifier
instanceKlass java/util/zip/ZipFile$InflaterCleanupAction
instanceKlass java/util/zip/Inflater$InflaterZStreamRef
instanceKlass java/util/zip/Inflater
instanceKlass java/util/zip/ZipEntry
instanceKlass java/util/zip/ZipFile$2
instanceKlass java/nio/Bits$1
instanceKlass jdk/internal/misc/VM$BufferPool
instanceKlass java/nio/Bits
instanceKlass sun/nio/ch/DirectBuffer
instanceKlass jdk/internal/perf/PerfCounter$CoreCounters
instanceKlass jdk/internal/perf/Perf
instanceKlass jdk/internal/perf/Perf$GetPerfAction
instanceKlass jdk/internal/perf/PerfCounter
instanceKlass sun/util/locale/LocaleObjectCache
instanceKlass sun/util/locale/BaseLocale$Key
instanceKlass sun/util/locale/LocaleUtils
instanceKlass sun/util/locale/BaseLocale
instanceKlass java/util/Locale
instanceKlass java/nio/file/attribute/FileTime
instanceKlass java/util/zip/ZipUtils
instanceKlass java/util/zip/ZipFile$Source$End
instanceKlass java/util/zip/ZipFile$Source$RandomAccessFileAccessor
instanceKlass java/util/zip/ZipFile$Source$FileAccessor
instanceKlass com/jetbrains/internal/IoOverNio$RecursionGuard
instanceKlass java/io/RandomAccessFile$2
instanceKlass jdk/internal/access/JavaIORandomAccessFileAccess
instanceKlass java/io/RandomAccessFile
instanceKlass java/io/DataInput
instanceKlass java/io/DataOutput
instanceKlass sun/nio/fs/WindowsNativeDispatcher$CompletionStatus
instanceKlass sun/nio/fs/WindowsNativeDispatcher$AclInformation
instanceKlass sun/nio/fs/WindowsNativeDispatcher$Account
instanceKlass sun/nio/fs/WindowsNativeDispatcher$DiskFreeSpace
instanceKlass sun/nio/fs/WindowsNativeDispatcher$VolumeInformation
instanceKlass sun/nio/fs/WindowsNativeDispatcher$FirstStream
instanceKlass sun/nio/fs/WindowsNativeDispatcher$FirstFile
instanceKlass java/util/concurrent/ConcurrentHashMap$Traverser
instanceKlass java/util/Enumeration
instanceKlass jdk/internal/loader/NativeLibraries$3
instanceKlass jdk/internal/loader/NativeLibrary
instanceKlass java/util/ArrayDeque$DeqIterator
instanceKlass jdk/internal/loader/NativeLibraries$NativeLibraryContext$1
instanceKlass jdk/internal/loader/NativeLibraries$NativeLibraryContext
instanceKlass jdk/internal/loader/NativeLibraries$2
instanceKlass jdk/internal/loader/NativeLibraries$1
instanceKlass jdk/internal/loader/NativeLibraries$LibraryPaths
instanceKlass sun/nio/fs/WindowsNativeDispatcher
instanceKlass sun/nio/fs/NativeBuffer$Deallocator
instanceKlass sun/nio/fs/NativeBuffer
instanceKlass sun/nio/fs/NativeBuffers
instanceKlass sun/nio/fs/WindowsFileAttributes
instanceKlass java/nio/file/attribute/DosFileAttributes
instanceKlass sun/nio/fs/AbstractBasicFileAttributeView
instanceKlass sun/nio/fs/DynamicFileAttributeView
instanceKlass sun/nio/fs/WindowsFileAttributeViews
instanceKlass sun/nio/fs/Util
instanceKlass java/nio/file/attribute/BasicFileAttributeView
instanceKlass java/nio/file/attribute/FileAttributeView
instanceKlass java/nio/file/attribute/AttributeView
instanceKlass java/nio/file/Files
instanceKlass java/nio/file/CopyOption
instanceKlass java/nio/file/attribute/BasicFileAttributes
instanceKlass sun/nio/fs/WindowsPath
instanceKlass java/nio/file/Path
instanceKlass java/nio/file/Watchable
instanceKlass java/util/zip/ZipFile$Source$Key
instanceKlass sun/nio/fs/WindowsPathParser$Result
instanceKlass sun/nio/fs/WindowsPathParser
instanceKlass java/nio/file/FileSystem
instanceKlass java/nio/file/OpenOption
instanceKlass java/nio/file/spi/FileSystemProvider
instanceKlass sun/nio/fs/DefaultFileSystemProvider
instanceKlass java/util/zip/ZipFile$Source
instanceKlass java/util/zip/ZipCoder
instanceKlass java/util/zip/ZipFile$CleanableResource
instanceKlass java/lang/Runtime$Version
instanceKlass java/util/jar/JavaUtilJarAccessImpl
instanceKlass jdk/internal/access/JavaUtilJarAccess
instanceKlass jdk/internal/loader/FileURLMapper
instanceKlass jdk/internal/loader/URLClassPath$JarLoader$1
instanceKlass java/util/zip/ZipFile$1
instanceKlass jdk/internal/access/JavaUtilZipFileAccess
instanceKlass java/util/zip/ZipFile
instanceKlass java/util/zip/ZipConstants
instanceKlass jdk/internal/loader/URLClassPath$Loader
instanceKlass jdk/internal/loader/URLClassPath$3
instanceKlass java/security/PrivilegedExceptionAction
instanceKlass sun/net/util/URLUtil
instanceKlass com/jetbrains/internal/IoOverNio$ThreadLocalCloseable
instanceKlass java/lang/ThreadLocal$ThreadLocalMap
instanceKlass java/lang/StringCoding
instanceKlass java/nio/charset/CharsetDecoder
instanceKlass sun/nio/cs/ArrayDecoder
instanceKlass sun/launcher/LauncherHelper
instanceKlass java/lang/invoke/StringConcatFactory
instanceKlass java/lang/ModuleLayer$Controller
instanceKlass java/util/concurrent/CopyOnWriteArrayList
instanceKlass jdk/internal/module/ServicesCatalog$ServiceProvider
instanceKlass jdk/internal/loader/AbstractClassLoaderValue$Memoizer
instanceKlass java/util/ImmutableCollections$ListItr
instanceKlass java/util/ListIterator
instanceKlass java/lang/ModuleLayer
instanceKlass jdk/internal/module/ModuleLoaderMap$Modules
instanceKlass jdk/internal/module/ModuleLoaderMap$Mapper
instanceKlass jdk/internal/module/ModuleLoaderMap
instanceKlass java/util/AbstractMap$1$1
instanceKlass java/lang/module/ResolvedModule
instanceKlass java/lang/module/Configuration
instanceKlass jdk/internal/loader/BuiltinClassLoader$LoadedModule
instanceKlass jdk/internal/loader/AbstractClassLoaderValue
instanceKlass jdk/internal/module/ServicesCatalog
instanceKlass java/util/Deque
instanceKlass java/util/Queue
instanceKlass sun/net/util/IPAddressUtil$MASKS
instanceKlass sun/net/util/IPAddressUtil
instanceKlass java/net/URLStreamHandler
instanceKlass sun/net/www/ParseUtil
instanceKlass java/net/URL$3
instanceKlass jdk/internal/access/JavaNetURLAccess
instanceKlass java/net/URL$DefaultFactory
instanceKlass java/net/URLStreamHandlerFactory
instanceKlass jdk/internal/loader/URLClassPath
instanceKlass java/lang/ClassLoader$ParallelLoaders
instanceKlass java/security/cert/Certificate
instanceKlass jdk/internal/loader/ArchivedClassLoaders
instanceKlass java/util/concurrent/ConcurrentHashMap$CollectionView
instanceKlass jdk/internal/loader/ClassLoaderHelper
instanceKlass jdk/internal/loader/NativeLibraries
instanceKlass java/lang/Module$EnableNativeAccess
instanceKlass jdk/internal/loader/BootLoader
instanceKlass java/util/Optional
instanceKlass jdk/internal/module/SystemModuleFinders$SystemModuleFinder
instanceKlass java/lang/module/ModuleFinder
instanceKlass jdk/internal/module/SystemModuleFinders$3
instanceKlass jdk/internal/module/ModuleHashes$HashSupplier
instanceKlass jdk/internal/module/SystemModuleFinders$2
instanceKlass java/util/function/Supplier
instanceKlass java/lang/module/ModuleReference
instanceKlass jdk/internal/module/ModuleResolution
instanceKlass java/util/Collections$UnmodifiableMap
instanceKlass jdk/internal/module/ModuleHashes$Builder
instanceKlass jdk/internal/module/ModuleHashes
instanceKlass jdk/internal/module/ModuleTarget
instanceKlass java/util/ImmutableCollections$Set12$1
instanceKlass java/lang/reflect/AccessFlag$18
instanceKlass java/lang/reflect/AccessFlag$17
instanceKlass java/lang/reflect/AccessFlag$16
instanceKlass java/lang/reflect/AccessFlag$15
instanceKlass java/lang/reflect/AccessFlag$14
instanceKlass java/lang/reflect/AccessFlag$13
instanceKlass java/lang/reflect/AccessFlag$12
instanceKlass java/lang/reflect/AccessFlag$11
instanceKlass java/lang/reflect/AccessFlag$10
instanceKlass java/lang/reflect/AccessFlag$9
instanceKlass java/lang/reflect/AccessFlag$8
instanceKlass java/lang/reflect/AccessFlag$7
instanceKlass java/lang/reflect/AccessFlag$6
instanceKlass java/lang/reflect/AccessFlag$5
instanceKlass java/lang/reflect/AccessFlag$4
instanceKlass java/lang/reflect/AccessFlag$3
instanceKlass java/lang/reflect/AccessFlag$2
instanceKlass java/lang/reflect/AccessFlag$1
instanceKlass java/lang/module/ModuleDescriptor$Version
instanceKlass java/lang/module/ModuleDescriptor$Provides
instanceKlass java/lang/module/ModuleDescriptor$Opens
instanceKlass java/util/ImmutableCollections$SetN$SetNIterator
instanceKlass java/lang/module/ModuleDescriptor$Exports
instanceKlass java/lang/module/ModuleDescriptor$Requires
instanceKlass jdk/internal/module/Builder
instanceKlass jdk/internal/module/SystemModules$default
instanceKlass jdk/internal/module/SystemModules
instanceKlass jdk/internal/module/SystemModulesMap
instanceKlass java/net/URI$1
instanceKlass jdk/internal/access/JavaNetUriAccess
instanceKlass java/net/URI
instanceKlass jdk/internal/module/SystemModuleFinders
instanceKlass jdk/internal/module/ArchivedModuleGraph
instanceKlass jdk/internal/module/ArchivedBootLayer
instanceKlass jdk/internal/module/ModuleBootstrap$Counters
instanceKlass jdk/internal/module/ModulePatcher
instanceKlass java/io/DefaultFileSystem
instanceKlass java/io/FileSystem
instanceKlass java/lang/ThreadLocal
instanceKlass com/jetbrains/internal/IoOverNio
instanceKlass java/io/File
instanceKlass java/lang/module/ModuleDescriptor$1
instanceKlass jdk/internal/access/JavaLangModuleAccess
instanceKlass sun/invoke/util/VerifyAccess
instanceKlass java/util/KeyValueHolder
instanceKlass java/util/ImmutableCollections$MapN$MapNIterator
instanceKlass java/lang/StrictMath
instanceKlass java/lang/invoke/MethodHandles$Lookup
instanceKlass java/lang/invoke/MemberName$Factory
instanceKlass java/lang/invoke/MethodHandles
instanceKlass java/lang/module/ModuleDescriptor
instanceKlass jdk/internal/module/ModuleBootstrap
instanceKlass java/lang/Character$CharacterCache
instanceKlass java/util/HexFormat
instanceKlass jdk/internal/util/ClassFileDumper
instanceKlass java/lang/invoke/MethodHandleStatics
instanceKlass java/util/Collections
instanceKlass jdk/internal/misc/Blocker
instanceKlass java/util/concurrent/ForkJoinPool$ManagedBlocker
instanceKlass java/util/concurrent/locks/AbstractQueuedSynchronizer$Node
instanceKlass sun/io/Win32ErrorMode
instanceKlass jdk/internal/misc/OSEnvironment
instanceKlass java/lang/Integer$IntegerCache
instanceKlass jdk/internal/misc/Signal$NativeHandler
instanceKlass java/util/Hashtable$Entry
instanceKlass jdk/internal/misc/Signal
instanceKlass java/lang/Terminator$1
instanceKlass jdk/internal/misc/Signal$Handler
instanceKlass java/lang/Terminator
instanceKlass java/nio/ByteOrder
instanceKlass java/nio/Buffer$2
instanceKlass jdk/internal/access/JavaNioAccess
instanceKlass java/nio/Buffer$1
instanceKlass jdk/internal/misc/ScopedMemoryAccess
instanceKlass java/nio/charset/CodingErrorAction
instanceKlass sun/nio/cs/SingleByte
instanceKlass java/lang/StringUTF16
instanceKlass sun/nio/cs/MS1252$Holder
instanceKlass java/nio/charset/CharsetEncoder
instanceKlass sun/nio/cs/ArrayEncoder
instanceKlass java/io/Writer
instanceKlass java/io/PrintStream$1
instanceKlass jdk/internal/access/JavaIOPrintStreamAccess
instanceKlass jdk/internal/misc/InternalLock
instanceKlass java/io/OutputStream
instanceKlass java/io/Flushable
instanceKlass java/lang/Thread$ThreadIdentifiers
instanceKlass java/security/Principal
instanceKlass java/security/ProtectionDomain$Key
instanceKlass java/security/ProtectionDomain$JavaSecurityAccessImpl
instanceKlass jdk/internal/access/JavaSecurityAccess
instanceKlass sun/security/action/GetPropertyAction
instanceKlass java/util/concurrent/locks/AbstractQueuedSynchronizer$ConditionObject
instanceKlass java/util/concurrent/locks/Condition
instanceKlass jdk/internal/ref/CleanerImpl
instanceKlass java/lang/ref/Cleaner$1
instanceKlass java/lang/ref/Cleaner
instanceKlass jdk/internal/ref/CleanerFactory$1
instanceKlass java/util/concurrent/ThreadFactory
instanceKlass jdk/internal/ref/CleanerFactory
instanceKlass java/lang/ref/Cleaner$Cleanable
instanceKlass java/io/FileDescriptor$1
instanceKlass jdk/internal/access/JavaIOFileDescriptorAccess
instanceKlass java/io/FileDescriptor
instanceKlass jdk/internal/util/StaticProperty
instanceKlass jdk/internal/reflect/MethodHandleAccessorFactory
instanceKlass java/lang/reflect/Modifier
instanceKlass java/lang/Class$1
instanceKlass java/lang/Class$Atomic
instanceKlass java/lang/Class$ReflectionData
instanceKlass java/nio/charset/StandardCharsets
instanceKlass sun/nio/cs/HistoricallyNamedCharset
instanceKlass java/nio/charset/spi/CharsetProvider
instanceKlass java/nio/charset/Charset
instanceKlass java/util/HashMap$HashIterator
instanceKlass java/util/concurrent/locks/LockSupport
instanceKlass java/util/concurrent/ConcurrentHashMap$Node
instanceKlass java/util/concurrent/ConcurrentHashMap$CounterCell
instanceKlass java/util/concurrent/locks/ReentrantLock
instanceKlass java/util/concurrent/locks/Lock
instanceKlass java/lang/CharacterData
instanceKlass java/util/Arrays
instanceKlass jdk/internal/util/Preconditions$3
instanceKlass jdk/internal/util/Preconditions$2
instanceKlass jdk/internal/util/Preconditions$4
instanceKlass java/util/function/BiFunction
instanceKlass jdk/internal/util/Preconditions$1
instanceKlass java/util/function/Function
instanceKlass jdk/internal/util/Preconditions
instanceKlass java/lang/Runtime
instanceKlass java/lang/VersionProps
instanceKlass java/lang/StringConcatHelper
instanceKlass java/util/HashMap$Node
instanceKlass java/util/Map$Entry
instanceKlass jdk/internal/util/ArraysSupport
instanceKlass jdk/internal/util/SystemProps$Raw
instanceKlass jdk/internal/util/SystemProps
instanceKlass java/lang/System$2
instanceKlass jdk/internal/access/JavaLangAccess
instanceKlass java/lang/ref/NativeReferenceQueue$Lock
instanceKlass java/lang/ref/ReferenceQueue
instanceKlass java/lang/ref/Reference$1
instanceKlass jdk/internal/access/JavaLangRefAccess
instanceKlass jdk/internal/reflect/ReflectionFactory
instanceKlass java/lang/Math
instanceKlass java/lang/StringLatin1
instanceKlass jdk/internal/reflect/Reflection
instanceKlass jdk/internal/reflect/ReflectionFactory$GetReflectionFactoryAction
instanceKlass java/security/PrivilegedAction
instanceKlass jdk/internal/access/SharedSecrets
instanceKlass java/lang/reflect/ReflectAccess
instanceKlass jdk/internal/access/JavaLangReflectAccess
instanceKlass java/util/ImmutableCollections
instanceKlass java/util/Objects
instanceKlass java/util/Set
instanceKlass jdk/internal/misc/CDS
instanceKlass java/lang/Module$ArchivedData
instanceKlass jdk/internal/misc/VM
instanceKlass java/lang/String$CaseInsensitiveComparator
instanceKlass java/util/Comparator
instanceKlass java/io/ObjectStreamField
instanceKlass jdk/internal/vm/FillerObject
instanceKlass jdk/internal/vm/vector/VectorSupport$VectorPayload
instanceKlass jdk/internal/vm/vector/VectorSupport
instanceKlass java/lang/reflect/RecordComponent
instanceKlass java/util/Iterator
instanceKlass java/lang/Number
instanceKlass java/lang/Character
instanceKlass java/lang/Boolean
instanceKlass java/util/concurrent/locks/AbstractOwnableSynchronizer
instanceKlass java/lang/LiveStackFrame
instanceKlass java/lang/StackFrameInfo
instanceKlass java/lang/StackWalker$StackFrame
instanceKlass java/lang/StackStreamFactory$AbstractStackWalker
instanceKlass java/lang/StackWalker
instanceKlass java/nio/Buffer
instanceKlass java/lang/StackTraceElement
instanceKlass java/util/AbstractCollection
instanceKlass java/util/RandomAccess
instanceKlass java/util/List
instanceKlass java/util/SequencedCollection
instanceKlass java/util/Collection
instanceKlass java/lang/Iterable
instanceKlass java/util/AbstractMap
instanceKlass java/util/concurrent/ConcurrentMap
instanceKlass java/security/CodeSource
instanceKlass jdk/internal/loader/ClassLoaders
instanceKlass java/util/jar/Manifest
instanceKlass java/lang/Enum
instanceKlass java/net/URL
instanceKlass java/io/InputStream
instanceKlass java/io/Closeable
instanceKlass java/lang/AutoCloseable
instanceKlass jdk/internal/module/Modules
instanceKlass jdk/internal/misc/Unsafe
instanceKlass jdk/internal/misc/UnsafeConstants
instanceKlass java/lang/AbstractStringBuilder
instanceKlass java/lang/Appendable
instanceKlass java/lang/AssertionStatusDirectives
instanceKlass jdk/internal/foreign/abi/ABIDescriptor
instanceKlass jdk/internal/foreign/abi/NativeEntryPoint
instanceKlass java/lang/invoke/CallSite
instanceKlass java/lang/invoke/MethodType
instanceKlass java/lang/invoke/TypeDescriptor$OfMethod
instanceKlass java/lang/invoke/LambdaForm
instanceKlass java/lang/invoke/MethodHandleNatives
instanceKlass java/lang/invoke/ResolvedMethodName
instanceKlass java/lang/invoke/MemberName
instanceKlass java/lang/invoke/VarHandle
instanceKlass java/lang/invoke/MethodHandle
instanceKlass jdk/internal/reflect/CallerSensitive
instanceKlass java/lang/annotation/Annotation
instanceKlass jdk/internal/reflect/FieldAccessor
instanceKlass jdk/internal/reflect/ConstantPool
instanceKlass jdk/internal/reflect/ConstructorAccessor
instanceKlass jdk/internal/reflect/MethodAccessor
instanceKlass jdk/internal/reflect/MagicAccessorImpl
instanceKlass jdk/internal/vm/StackChunk
instanceKlass jdk/internal/vm/Continuation
instanceKlass jdk/internal/vm/ContinuationScope
instanceKlass java/lang/reflect/Parameter
instanceKlass java/lang/reflect/Member
instanceKlass java/lang/reflect/AccessibleObject
instanceKlass java/lang/Module
instanceKlass java/util/Dictionary
instanceKlass java/util/Map
instanceKlass java/lang/ThreadGroup
instanceKlass java/lang/Thread$UncaughtExceptionHandler
instanceKlass java/lang/Thread$Constants
instanceKlass java/lang/Thread$FieldHolder
instanceKlass java/lang/Thread
instanceKlass java/lang/Runnable
instanceKlass java/lang/ref/Reference
instanceKlass java/lang/Record
instanceKlass java/security/AccessController
instanceKlass java/security/AccessControlContext
instanceKlass java/security/ProtectionDomain
instanceKlass java/lang/SecurityManager
instanceKlass java/lang/Throwable
instanceKlass java/lang/System
instanceKlass java/lang/ClassLoader
instanceKlass java/lang/Cloneable
instanceKlass java/lang/Class
instanceKlass java/lang/invoke/TypeDescriptor$OfField
instanceKlass java/lang/invoke/TypeDescriptor
instanceKlass java/lang/reflect/Type
instanceKlass java/lang/reflect/GenericDeclaration
instanceKlass java/lang/reflect/AnnotatedElement
instanceKlass java/lang/String
instanceKlass java/lang/constant/ConstantDesc
instanceKlass java/lang/constant/Constable
instanceKlass java/lang/CharSequence
instanceKlass java/lang/Comparable
instanceKlass java/io/Serializable
ciInstanceKlass java/lang/Object 1 1 124 7 1 10 12 1 1 10 7 12 1 1 1 10 7 12 1 1 1 10 12 1 1 8 1 10 12 1 1 10 7 12 1 1 1 10 12 1 10 12 1 1 10 7 12 1 1 1 10 12 1 10 12 1 7 1 10 100 12 1 1 1 10 12 1 1 10 12 1 100 1 8 1 10 12 1 3 8 1 100 1 5 0 1 1 1 1 1 1 1 1 1 1 1 1 1 1 1 1 100 1 1 1 1 1 1 1 1 1 1 100 1 1 1 1 1 1 1 1 1 1 3 1 1
ciInstanceKlass java/io/Serializable 1 0 7 100 1 100 1 1 1
ciInstanceKlass java/lang/Comparable 1 1 12 100 1 100 1 1 1 1 1 1 1 1
ciInstanceKlass java/lang/CharSequence 1 1 131 11 100 12 1 1 1 18 12 1 1 100 1 10 100 12 1 1 1 18 10 100 12 1 1 1 11 12 1 1 11 100 1 11 12 1 1 10 100 12 1 1 1 11 12 1 1 100 1 10 12 1 1 10 100 12 1 1 1 100 1 10 10 12 1 1 100 1 1 1 1 1 1 1 1 1 1 1 1 1 1 1 1 1 1 1 1 1 1 1 1 1 1 1 1 1 1 1 1 1 16 1 15 11 12 16 15 11 12 15 10 100 12 1 1 1 1 1 100 1 100 1 1 100 1 1 100 1 100 1 1
ciInstanceKlass java/lang/constant/Constable 1 0 11 100 1 100 1 1 1 1 1 1 1
ciInstanceKlass java/lang/constant/ConstantDesc 1 0 37 100 1 100 1 1 1 1 100 1 1 1 1 100 1 100 1 100 1 100 1 100 1 100 1 100 1 100 1 100 1 1 100 1 100 1 1
ciInstanceKlass java/lang/String 1 1 1443 10 7 12 1 1 1 8 1 9 7 12 1 1 1 9 12 1 1 9 12 1 1 9 12 1 1 10 12 1 10 12 1 1 10 12 1 1 9 12 1 10 7 12 1 1 1 10 7 1 10 7 12 1 1 1 10 12 1 1 10 12 1 1 10 12 1 10 12 1 1 10 12 1 10 7 12 1 1 1 7 1 9 7 12 1 1 1 10 7 12 1 1 1 10 7 12 1 1 1 10 12 1 1 10 12 1 1 10 12 1 1 10 12 1 1 9 7 12 1 1 10 12 9 7 12 1 1 10 12 1 1 3 10 12 1 1 7 1 11 12 1 1 11 12 1 11 12 1 1 10 100 12 1 1 1 10 12 1 1 9 100 12 1 1 1 10 12 1 1 10 12 1 11 12 1 1 10 12 1 1 10 12 10 12 1 1 10 100 12 1 1 1 10 12 1 1 10 12 1 1 100 1 100 1 10 12 1 10 12 1 10 12 1 1 100 1 10 12 1 1 100 1 10 12 1 1 10 12 1 1 10 12 1 10 10 12 1 100 1 100 1 100 1 10 12 1 10 12 1 1 10 12 1 1 10 12 1 10 12 1 1 10 12 1 1 10 100 12 1 1 100 1 11 10 7 12 1 1 11 12 1 11 12 1 10 12 1 1 10 12 1 10 12 10 12 1 1 10 10 100 12 1 1 1 10 100 12 1 1 10 12 1 1 10 100 12 1 1 10 12 1 10 12 1 1 10 12 1 1 10 12 1 10 12 1 10 12 1 1 100 1 10 12 1 1 10 12 10 12 1 10 12 1 1 10 12 1 1 10 100 12 1 1 1 10 12 1 10 12 1 1 10 12 1 10 12 1 3 3 10 12 1 1 10 12 1 10 12 1 1 10 12 1 1 10 12 1 1 10 12 1 10 12 1 1 10 12 1 1 10 12 1 10 12 1 10 12 1 10 12 1 1 10 12 1 10 12 1 10 12 1 10 12 1 10 12 1 10 12 1 10 100 1 10 8 1 10 12 1 1 10 12 1 8 1 10 12 1 1 10 12 10 12 1 8 1 10 10 12 1 1 10 12 1 1 10 12 1 1 10 100 1 10 10 12 1 10 12 1 10 12 1 10 10 12 1 10 12 1 10 12 1 10 12 1 10 12 1 10 12 1 10 12 1 1 10 12 1 1 10 12 1 1 10 10 12 1 1 10 10 12 1 100 1 10 10 12 1 1 10 12 1 1 10 7 1 10 12 1 10 12 1 10 7 12 1 1 1 10 12 1 10 12 1 1 10 12 1 11 7 1 11 12 10 12 1 10 12 1 1 10 12 1 1 10 10 12 1 10 12 1 9 12 1 1 11 100 12 1 1 1 10 12 10 10 12 1 10 12 1 1 10 10 12 1 10 12 1 10 12 1 1 10 12 1 1 10 10 12 1 1 10 12 1 10 10 12 1 10 12 10 10 12 10 10 12 1 10 12 1 10 10 12 10 7 12 1 1 1 10 12 10 10 12 10 12 1 10 12 10 12 10 10 12 1 10 12 1 1 10 12 1 1 10 10 12 1 10 7 12 1 1 1 10 12 1 1 10 10 7 12 1 1 1 11 10 12 1 10 12 1 1 10 12 1 1 10 100 12 1 1 1 10 12 1 10 12 1 10 12 1 10 12 1 10 12 1 10 12 1 100 1 100 1 8 1 10 10 10 12 1 10 12 1 1 8 1 10 12 1 3 3 10 12 1 10 12 1 1 10 12 7 1 10 10 12 1 1 10 12 1 10 12 1 10 12 1 1 10 12 1 1 11 7 12 1 1 1 7 1 10 12 1 10 12 1 1 8 1 10 12 1 1 10 12 1 11 100 12 1 1 1 11 100 12 1 1 11 12 1 10 12 1 10 12 1 1 10 10 7 12 1 1 1 10 12 1 10 12 1 10 10 12 10 12 1 1 10 10 12 1 10 10 12 1 10 10 12 1 10 10 12 1 10 12 1 1 10 10 12 1 8 1 10 12 1 1 18 12 1 1 11 100 12 1 1 1 7 1 3 18 12 1 18 12 1 8 1 10 100 12 1 1 1 11 12 1 1 10 12 10 10 12 1 10 11 12 1 1 10 12 1 1 11 12 1 18 3 11 10 12 1 11 11 10 12 1 10 12 1 1 8 1 10 12 1 10 12 1 10 12 1 1 10 10 12 1 11 100 12 1 100 1 100 1 10 12 100 1 10 10 100 12 1 1 1 100 1 10 100 1 10 10 12 1 10 10 12 1 8 1 10 10 12 1 8 1 8 1 10 12 1 10 12 1 10 10 12 10 100 12 1 1 10 100 12 1 1 10 100 12 1 1 8 1 10 12 1 10 12 1 10 9 12 1 10 12 9 7 12 1 1 1 10 12 1 10 12 1 10 12 1 10 12 1 10 12 1 8 1 10 100 12 1 1 1 10 12 10 12 1 1 10 12 10 10 12 10 12 7 1 9 12 1 1 7 1 10 100 1 100 1 100 1 100 1 1 1 1 1 1 5 0 1 1 1 1 1 3 1 3 1 1 1 1 1 1 1 1 1 1 1 1 1 1 1 100 1 1 1 1 1 1 1 1 1 1 1 1 1 1 1 1 1 1 1 1 1 1 1 1 1 1 1 1 1 1 1 100 1 1 1 1 1 1 1 1 1 1 100 1 1 1 1 1 1 1 1 1 1 1 1 1 1 1 1 1 1 1 1 1 1 1 1 1 1 1 1 1 1 1 1 1 1 1 1 1 1 1 1 1 1 1 1 1 1 1 1 1 1 1 1 1 1 1 1 1 1 1 1 1 1 1 1 1 1 1 1 1 1 1 1 1 1 1 1 1 1 1 1 1 1 1 1 1 1 1 1 1 1 1 1 1 1 1 1 1 1 1 1 1 1 1 1 1 1 1 1 1 1 1 1 1 1 1 1 1 1 1 1 1 1 1 1 1 1 1 1 1 1 1 1 1 1 1 1 1 1 1 1 1 1 1 1 1 1 1 1 1 1 1 1 1 1 1 1 1 1 1 1 1 1 1 1 1 1 1 1 1 1 1 1 1 1 1 100 1 1 1 1 1 1 1 1 1 1 1 1 1 1 1 1 1 1 1 1 1 1 1 100 1 1 1 1 1 1 1 1 1 1 1 1 1 1 1 100 1 1 1 1 1 1 1 1 1 1 1 1 1 1 1 16 15 10 12 16 15 10 12 15 10 12 15 10 12 15 10 100 12 1 1 1 1 1 1 1 100 1 100 1 1 1
staticfield java/lang/String COMPACT_STRINGS Z 1
staticfield java/lang/String serialPersistentFields [Ljava/io/ObjectStreamField; 0 [Ljava/io/ObjectStreamField;
staticfield java/lang/String CASE_INSENSITIVE_ORDER Ljava/util/Comparator; java/lang/String$CaseInsensitiveComparator
ciInstanceKlass java/lang/reflect/AnnotatedElement 1 1 164 11 7 12 1 1 1 11 12 1 1 100 1 10 100 12 1 1 1 10 12 1 1 10 12 1 1 10 12 1 10 100 12 1 1 1 11 12 1 1 11 100 12 1 1 10 100 12 1 1 1 10 12 1 10 100 12 1 1 1 18 12 1 1 11 100 12 1 1 18 12 1 18 12 1 1 10 100 12 1 1 1 11 100 12 1 1 1 100 1 10 100 12 1 1 1 1 1 1 1 1 1 1 1 1 1 1 1 1 1 1 1 1 1 1 1 1 1 100 1 1 1 1 1 1 1 1 1 1 1 16 15 16 1 16 1 15 11 12 16 16 1 15 10 100 12 1 1 1 16 1 15 10 100 12 1 1 1 1 100 1 100 1 1
ciInstanceKlass java/lang/reflect/GenericDeclaration 1 0 30 100 1 100 1 100 1 1 1 1 1 1 1 1 100 1 8 1 1 12 10 1 1 1 8 1 1 1 8 1
ciInstanceKlass java/lang/reflect/Type 1 1 17 11 100 12 1 1 1 100 1 1 1 1 1 1 1 1 1
ciInstanceKlass java/lang/invoke/TypeDescriptor 1 0 17 100 1 100 1 1 1 1 1 1 100 1 100 1 1 1 1
ciInstanceKlass java/lang/invoke/TypeDescriptor$OfField 1 0 21 100 1 100 1 100 1 1 1 1 1 1 1 1 1 1 1 1 1 1 1
ciInstanceKlass java/lang/Class 1 1 1687 10 7 12 1 1 1 9 7 12 1 1 1 9 12 1 1 10 12 1 1 8 1 10 12 1 8 1 8 1 10 12 1 1 10 7 12 1 1 1 10 12 1 7 1 10 10 12 1 10 12 1 1 10 12 1 1 10 12 1 1 10 7 12 1 1 10 12 1 10 12 1 10 12 1 8 1 10 12 1 8 1 10 12 1 8 1 8 1 10 12 1 1 10 100 12 1 1 1 18 12 1 1 11 100 12 1 1 1 8 1 8 1 8 1 10 100 12 1 1 1 11 12 1 1 8 1 10 12 1 10 11 100 12 1 1 1 11 100 12 1 1 1 11 8 1 18 8 1 10 12 1 10 7 12 1 1 10 12 1 1 10 7 12 1 1 1 10 12 1 1 10 12 1 1 10 7 12 1 1 1 10 12 9 100 12 1 1 1 10 100 12 1 1 1 10 12 1 10 7 12 1 1 1 10 12 1 1 18 12 1 1 10 7 12 1 1 1 10 7 12 1 10 12 1 1 10 100 1 100 1 10 12 1 1 9 12 1 1 100 1 8 1 10 12 1 10 12 1 1 10 12 1 1 10 7 12 1 1 1 7 1 10 12 1 100 1 100 1 10 10 12 1 1 10 12 1 1 100 1 10 100 12 1 1 1 10 12 1 1 10 12 1 1 9 12 1 1 10 12 1 10 12 1 1 9 12 1 1 9 12 1 1 10 12 1 1 10 7 1 10 12 1 10 12 1 10 12 1 1 10 9 12 1 10 12 1 8 1 10 12 1 1 10 12 1 1 10 12 1 10 12 1 1 10 12 1 1 10 12 1 1 9 7 12 1 1 1 10 7 12 1 1 10 12 10 12 1 10 12 1 10 12 1 10 12 1 9 100 12 1 1 1 9 12 1 10 12 1 10 100 12 1 1 1 10 12 1 1 10 100 12 1 1 10 12 1 10 12 1 1 10 100 12 1 1 1 10 12 1 10 12 1 1 10 12 1 10 12 1 10 12 1 1 10 7 1 10 10 10 12 1 1 10 12 1 1 10 12 10 10 12 1 1 100 1 8 1 10 10 12 1 1 10 12 1 100 1 11 12 1 10 100 12 1 1 10 12 1 10 12 1 10 100 12 1 1 10 10 12 1 1 8 1 10 12 1 10 12 1 1 8 1 10 12 1 9 12 1 10 12 1 10 12 1 10 12 1 10 12 100 1 9 12 1 10 12 1 9 12 1 10 12 1 10 12 1 10 12 1 10 10 12 1 10 12 1 10 7 12 1 1 10 12 1 10 12 1 10 12 1 1 10 12 1 10 12 1 10 12 1 100 1 10 12 1 10 12 1 1 10 12 1 1 10 12 1 1 10 12 1 1 10 12 1 1 10 12 1 1 100 1 10 10 12 1 1 10 12 1 1 10 12 1 1 10 10 12 1 10 12 1 1 10 12 1 1 10 12 1 1 10 12 1 1 100 1 10 10 12 11 100 12 1 1 10 12 1 10 12 1 10 100 12 1 1 1 10 12 1 1 10 10 12 1 1 100 1 10 10 12 1 1 10 100 12 1 1 1 100 1 100 1 10 12 1 1 10 12 1 10 10 12 1 1 10 12 1 10 12 1 10 12 1 10 100 12 1 1 1 11 7 12 1 1 10 12 1 10 12 1 9 12 1 10 12 1 1 10 12 1 9 100 12 1 1 1 9 12 1 10 100 12 1 1 1 10 12 1 10 12 1 10 100 12 1 1 1 10 12 1 10 12 10 12 1 1 100 1 10 8 1 10 12 1 11 11 12 1 1 11 7 12 1 1 11 12 1 8 1 10 12 1 10 12 1 1 9 12 1 9 12 1 1 10 7 12 1 1 9 12 1 10 12 1 1 10 10 12 1 10 7 12 1 1 1 10 7 12 1 1 10 7 12 1 1 9 12 1 1 10 12 1 9 12 1 10 12 1 10 12 1 1 9 12 1 1 9 12 1 10 12 1 10 12 1 1 9 12 1 100 1 10 10 12 1 1 7 1 10 12 1 1 100 11 100 1 9 12 1 1 9 12 1 100 1 10 12 1 9 12 1 1 9 12 1 10 12 1 10 12 1 1 9 12 1 7 1 10 10 12 1 1 10 10 12 1 10 12 10 10 12 1 9 12 1 10 12 1 1 10 7 12 1 1 1 10 12 1 1 10 12 1 8 10 7 8 1 18 8 1 8 1 10 12 1 9 12 1 9 12 1 1 10 12 1 7 1 7 1 10 12 1 9 12 1 1 7 1 10 10 12 1 10 7 1 9 12 1 8 1 10 12 1 7 1 10 12 1 10 12 1 1 100 1 100 1 9 12 1 100 1 8 1 10 10 7 12 1 1 1 10 12 11 7 12 1 1 1 10 12 1 10 12 1 1 10 8 1 8 1 10 12 1 1 9 7 12 1 1 11 12 7 1 11 7 12 1 1 9 12 1 10 100 12 1 1 1 10 7 12 1 1 10 12 1 1 9 12 1 9 10 12 1 1 10 12 1 1 10 12 1 1 10 12 1 1 10 12 1 1 11 12 1 7 1 11 12 1 10 7 12 1 1 1 10 12 1 11 12 1 10 100 12 1 1 1 10 12 1 10 100 12 1 1 1 11 12 1 11 12 1 1 10 12 1 10 12 1 1 9 12 1 1 9 100 12 1 1 10 12 1 10 100 12 1 1 1 10 12 1 1 10 12 1 10 12 1 10 12 1 10 7 12 1 1 1 10 12 1 8 1 10 12 1 10 12 1 10 12 1 100 1 10 12 10 100 12 1 1 1 11 100 12 1 1 1 10 12 1 1 10 12 1 18 12 1 1 11 12 1 1 18 11 12 1 18 12 1 11 12 1 10 12 1 1 10 12 1 10 12 1 10 12 1 10 12 1 10 12 10 12 1 8 1 10 12 1 7 1 9 12 1 1 100 1 100 1 100 1 100 1 1 1 3 1 3 1 3 1 1 1 1 1 1 1 5 0 1 1 1 1 1 1 1 1 1 1 1 1 1 1 1 1 1 1 1 1 1 1 1 1 100 1 1 1 1 1 1 1 100 1 1 1 1 1 100 1 1 1 1 1 1 1 1 1 1 1 1 1 1 1 1 1 1 1 1 1 1 1 1 1 1 1 1 1 1 1 1 1 1 1 1 1 1 1 1 1 1 100 1 1 1 1 1 1 1 1 1 1 1 1 1 1 1 1 1 1 1 1 1 1 1 1 1 1 1 1 1 1 1 100 1 1 1 1 1 1 1 1 1 1 1 1 1 1 1 1 1 1 1 1 3 1 1 1 1 1 1 1 1 1 1 1 1 1 1 1 1 1 1 1 1 1 1 1 1 1 1 1 1 1 1 1 1 1 1 1 100 1 100 1 1 1 1 1 1 1 100 1 1 1 1 1 1 1 1 1 1 1 1 1 1 1 1 1 1 1 1 1 1 1 1 1 1 1 1 1 1 1 1 1 1 1 1 1 1 1 1 1 1 1 1 1 1 1 1 1 1 1 1 1 1 1 1 1 1 1 1 1 1 1 1 1 1 1 1 1 1 1 1 1 1 1 1 1 1 1 1 1 1 1 1 1 1 1 1 1 1 1 1 1 1 1 1 1 1 1 1 1 1 1 1 1 1 1 1 1 1 1 1 1 1 1 1 1 1 1 1 1 1 1 1 16 15 10 12 16 15 11 12 16 1 16 15 16 15 10 12 16 16 15 10 12 16 15 16 1 15 10 12 16 15 10 100 12 1 1 1 1 1 1 1 1 1 1 1 1 1 100 1 1 100 1 100 1 1 100 1 100 1 1 100 1 100 1 1
staticfield java/lang/Class EMPTY_CLASS_ARRAY [Ljava/lang/Class; 0 [Ljava/lang/Class;
staticfield java/lang/Class serialPersistentFields [Ljava/io/ObjectStreamField; 0 [Ljava/io/ObjectStreamField;
ciInstanceKlass java/lang/Cloneable 1 1 7 100 1 100 1 1 1
instanceKlass jdk/internal/reflect/DelegatingClassLoader
instanceKlass java/security/SecureClassLoader
ciInstanceKlass java/lang/ClassLoader 1 1 1108 9 7 12 1 1 1 10 7 12 1 1 1 9 12 1 1 10 7 12 1 1 1 7 1 10 12 1 1 10 12 1 1 9 12 1 1 10 12 1 1 100 1 10 12 1 10 12 1 1 10 7 12 1 1 1 100 1 8 1 10 12 1 10 7 12 1 1 1 10 100 12 1 10 7 1 10 7 1 7 1 7 1 10 12 1 10 12 1 9 12 1 1 10 10 7 12 1 1 1 9 12 1 1 9 12 1 9 12 1 1 9 12 1 9 12 1 1 9 12 1 1 7 1 10 12 1 9 12 1 1 10 12 1 1 10 7 12 1 1 1 9 12 1 9 12 1 1 9 12 1 10 12 1 1 9 12 10 12 1 1 7 1 10 8 1 10 12 1 1 10 12 1 10 7 1 7 1 10 12 1 1 10 7 12 1 1 1 8 1 10 12 1 10 12 1 10 12 1 1 10 12 1 1 10 12 1 1 10 12 1 1 10 12 1 1 10 12 1 7 1 10 12 1 10 7 12 1 1 1 10 12 1 1 10 12 1 10 12 1 10 12 1 10 12 1 10 12 1 1 10 10 12 1 10 12 1 10 100 12 1 1 10 12 1 1 10 12 1 1 10 12 1 100 1 10 12 1 100 1 10 12 1 10 100 12 1 1 1 10 10 12 1 1 10 12 1 1 100 1 8 1 10 8 1 10 12 1 10 12 1 100 1 8 1 10 12 1 1 10 12 1 1 10 10 12 1 1 10 12 1 1 10 12 1 1 10 7 1 10 12 1 1 10 12 1 1 10 12 1 1 10 12 1 1 10 12 1 1 10 12 1 1 10 12 1 10 100 12 1 1 1 10 12 1 10 12 1 10 12 1 1 10 12 1 10 12 1 10 12 1 10 12 1 1 10 12 1 10 12 1 1 8 1 9 12 1 10 12 1 1 8 1 8 1 10 7 12 1 1 100 1 10 10 12 10 12 1 10 12 1 10 12 1 10 12 1 1 10 7 12 1 1 10 12 1 10 7 1 100 1 10 12 1 1 10 12 1 10 100 1 10 12 1 100 1 18 12 1 10 100 12 1 1 1 10 100 12 1 1 1 10 7 12 1 1 10 12 1 10 12 1 100 1 10 12 1 8 1 10 10 12 1 1 10 12 1 10 12 1 1 100 1 10 12 1 10 12 1 1 10 7 12 1 1 10 12 1 8 1 100 1 10 10 12 1 9 12 1 10 7 12 1 1 10 12 1 100 1 8 1 10 12 1 10 8 1 8 1 10 12 1 1 10 12 1 1 10 12 1 1 10 100 12 1 1 100 1 100 1 10 12 1 1 100 1 100 1 10 100 12 1 1 10 12 1 10 12 1 1 10 12 1 10 12 1 1 10 12 1 1 9 100 12 1 1 1 10 12 1 1 10 12 1 10 12 1 10 12 1 1 10 12 1 8 1 7 1 18 12 1 1 10 12 1 1 10 12 1 10 12 1 10 12 1 8 1 10 12 1 10 12 1 18 12 1 11 100 12 1 1 1 100 1 10 12 1 1 10 12 1 10 11 12 1 1 10 18 10 12 1 1 11 100 12 1 18 12 1 11 12 1 1 10 12 10 12 1 1 10 12 1 1 100 1 8 1 10 10 12 1 8 1 8 1 10 100 12 1 1 10 12 1 100 1 10 10 12 1 8 1 8 1 8 1 10 12 1 10 12 1 1 10 12 1 10 100 12 1 1 1 11 100 12 1 1 100 1 10 11 10 12 1 10 12 1 10 12 1 1 9 100 12 1 1 9 12 1 1 9 12 9 12 1 9 12 1 9 12 1 8 10 12 1 1 10 7 12 1 1 1 10 12 1 1 10 12 1 1 10 12 1 10 10 12 1 11 12 1 1 10 100 12 1 1 1 100 1 10 12 1 10 12 1 10 12 1 1 1 1 1 1 1 1 1 1 1 1 1 1 1 1 1 1 1 1 1 1 1 1 1 1 1 1 100 1 1 1 1 1 1 1 1 1 1 1 1 1 1 1 1 1 1 1 1 1 100 1 1 1 1 1 1 1 1 1 1 100 1 1 1 1 1 1 1 1 1 1 1 1 1 1 1 1 1 1 1 1 1 1 1 1 1 1 1 1 1 1 1 1 1 1 1 1 1 1 1 1 1 100 1 1 1 1 1 1 1 1 1 1 1 1 1 1 1 1 1 1 1 100 1 1 1 1 1 1 1 1 1 1 1 1 1 1 1 1 1 1 1 1 1 1 1 1 1 1 1 1 1 1 1 1 1 1 1 1 1 1 1 1 1 1 1 1 1 1 1 1 1 1 100 1 1 1 1 1 1 1 1 1 1 1 1 1 1 1 1 1 1 1 1 1 1 1 1 1 1 1 1 1 1 1 1 1 1 1 1 1 1 1 1 1 1 1 1 1 1 16 1 15 10 12 16 1 16 15 10 12 16 1 16 1 15 10 12 16 15 10 12 16 15 10 12 16 15 10 100 12 1 1 1 1 1 100 1 100 1 1
staticfield java/lang/ClassLoader nocerts [Ljava/security/cert/Certificate; 0 [Ljava/security/cert/Certificate;
staticfield java/lang/ClassLoader $assertionsDisabled Z 1
ciInstanceKlass java/lang/System 1 1 856 10 100 12 1 1 1 9 7 12 1 1 1 10 12 1 10 12 1 1 10 12 1 1 10 12 1 9 12 1 1 10 7 12 1 1 1 11 100 12 1 1 1 10 100 12 1 1 1 10 12 1 1 10 12 1 1 100 1 8 1 10 12 1 10 100 12 1 1 1 10 100 12 1 1 1 18 12 1 1 10 100 12 1 1 1 100 1 10 12 1 1 10 100 12 1 1 1 10 12 1 10 7 12 1 1 1 9 100 12 1 1 1 10 7 12 1 1 1 11 7 12 1 1 1 10 12 1 1 10 100 12 1 1 1 100 1 10 10 12 1 1 8 1 10 12 1 8 1 10 12 1 9 12 1 1 8 1 10 7 12 1 1 1 10 12 1 1 100 1 8 1 10 9 12 1 1 8 1 10 12 1 1 10 100 12 1 1 1 8 1 10 12 1 100 1 10 12 1 8 1 10 12 1 10 12 1 1 100 1 10 12 10 12 1 9 12 1 1 9 12 1 1 10 7 12 1 1 1 10 7 12 1 1 1 10 12 1 1 10 12 1 10 12 1 10 7 12 1 1 1 10 12 1 100 1 100 1 8 1 10 12 1 10 12 1 1 7 1 10 12 1 100 1 8 1 10 10 12 1 100 1 8 1 10 8 1 10 7 12 1 1 8 1 10 12 100 1 8 1 10 10 12 1 1 10 100 12 1 1 1 100 1 18 12 1 100 1 9 100 12 1 1 1 10 12 1 100 1 10 12 1 1 10 12 1 1 10 7 12 1 1 1 10 12 1 1 10 12 1 10 12 1 10 12 1 1 10 12 1 7 1 10 12 1 9 7 12 1 1 1 10 7 12 1 1 1 10 12 1 10 12 1 10 7 12 1 1 1 100 1 8 1 10 9 12 1 9 12 1 10 12 1 10 100 12 1 1 10 12 1 10 12 1 1 8 1 10 12 1 1 8 1 11 12 1 10 12 11 12 1 1 11 7 12 1 1 1 11 7 12 1 1 11 12 1 1 7 1 11 12 1 10 12 1 8 1 10 12 1 1 8 1 8 1 8 1 8 1 11 12 1 10 12 1 10 12 1 10 12 1 8 1 10 12 1 1 8 1 9 12 1 8 1 10 7 12 1 1 8 1 7 1 9 7 12 1 1 1 10 12 1 7 1 9 12 10 9 12 7 1 10 12 9 12 1 1 8 1 10 12 1 1 8 1 10 7 12 1 1 10 12 1 10 12 1 1 11 7 12 1 1 10 12 10 7 12 1 1 1 9 12 1 1 100 1 8 1 10 12 1 1 10 7 12 1 1 1 7 1 10 12 1 1 10 12 1 8 1 8 1 10 8 1 8 1 8 1 8 1 10 10 7 12 1 1 10 12 1 10 12 1 1 10 12 1 1 10 12 1 10 100 12 1 1 1 10 100 1 8 1 10 10 10 12 1 1 10 12 1 1 8 1 10 12 1 8 1 8 1 10 12 1 10 7 12 1 1 1 10 12 1 1 8 1 10 12 1 8 1 10 100 12 1 1 7 1 10 10 12 1 10 12 1 9 12 1 1 3 1 3 1 1 1 1 1 1 1 1 1 1 1 1 100 1 1 100 1 1 1 1 1 1 1 1 1 1 1 100 1 100 1 1 1 1 1 1 1 1 1 1 1 1 1 1 1 1 1 1 1 1 1 1 1 1 1 1 1 1 1 1 1 1 1 1 1 1 1 1 1 1 1 1 1 1 1 1 1 1 1 1 1 1 1 1 1 1 1 1 100 1 1 1 1 1 1 1 1 1 1 1 1 1 1 1 1 1 1 1 1 1 1 1 1 1 1 1 1 1 1 1 1 1 1 1 1 1 1 100 1 1 16 15 10 12 1 1 16 15 10 12 16 1 15 10 100 12 1 1 1 1 1 1 1 1 100 1 100 1 1 1 100 1 100 1 1
staticfield java/lang/System in Ljava/io/InputStream; java/io/BufferedInputStream
staticfield java/lang/System out Ljava/io/PrintStream; java/io/PrintStream
staticfield java/lang/System err Ljava/io/PrintStream; java/io/PrintStream
instanceKlass org/jetbrains/kotlin/load/java/structure/impl/classFiles/BinaryClassSignatureParser$ClsFormatException
instanceKlass java/lang/Exception
instanceKlass java/lang/Error
ciInstanceKlass java/lang/Throwable 1 1 428 10 7 12 1 1 1 9 7 12 1 1 1 9 12 1 1 9 12 1 9 12 1 1 9 12 1 10 12 1 1 9 12 1 1 10 12 1 1 10 12 1 100 1 7 1 10 8 1 10 12 1 1 8 1 10 100 12 1 1 10 10 12 1 100 1 8 1 10 10 12 1 1 10 7 12 1 1 10 12 1 8 1 9 100 12 1 1 1 10 12 1 1 100 1 10 12 10 12 1 10 100 12 1 1 1 100 1 10 12 10 12 1 10 12 1 100 1 10 10 7 12 1 1 1 11 100 12 1 1 1 10 12 1 1 10 12 1 1 8 1 10 12 1 10 12 1 1 8 1 8 1 10 12 1 1 10 12 1 8 1 8 1 9 12 1 1 10 12 1 1 100 1 10 11 12 1 8 1 8 1 10 7 12 1 1 8 1 10 12 1 8 1 100 1 10 12 1 9 12 1 1 10 12 1 10 100 12 1 9 12 1 1 10 12 1 1 100 1 8 1 10 12 1 10 100 12 1 1 10 12 1 1 100 1 10 100 12 1 1 1 10 12 1 11 100 12 1 1 1 11 100 12 1 1 11 12 1 8 1 10 12 1 1 8 1 10 10 9 100 12 1 1 1 8 1 10 12 1 1 11 10 100 1 8 1 10 11 12 1 1 8 1 9 12 1 10 100 12 1 1 11 9 12 1 1 11 12 1 1 100 9 12 1 1 11 100 12 1 1 100 1 10 12 1 10 12 1 1 100 1 1 1 1 5 0 1 1 1 1 1 1 1 1 1 1 1 1 1 1 1 1 1 1 1 1 1 1 1 1 1 1 1 1 1 1 1 1 1 1 1 1 1 1 1 1 1 1 1 1 1 1 1 1 1 1 1 1 1 1 1 1 1 100 1 100 1 1 1 1 1 1 1 1 1 1 1 1 1 1 1 1 1 1 1 1 1 1 1 1 1 1 1 100 1 100 1 1
staticfield java/lang/Throwable UNASSIGNED_STACK [Ljava/lang/StackTraceElement; 0 [Ljava/lang/StackTraceElement;
staticfield java/lang/Throwable SUPPRESSED_SENTINEL Ljava/util/List; java/util/Collections$EmptyList
staticfield java/lang/Throwable EMPTY_THROWABLE_ARRAY [Ljava/lang/Throwable; 0 [Ljava/lang/Throwable;
staticfield java/lang/Throwable $assertionsDisabled Z 1
instanceKlass org/jetbrains/kotlin/one/util/streamex/Internals$CancelException
instanceKlass java/io/IOError
instanceKlass kotlin/reflect/jvm/internal/KotlinReflectionInternalError
instanceKlass kotlin/jvm/KotlinReflectionNotSupportedError
instanceKlass kotlin/NotImplementedError
instanceKlass java/lang/AssertionError
instanceKlass java/lang/VirtualMachineError
instanceKlass java/lang/LinkageError
ciInstanceKlass java/lang/Error 1 1 40 10 7 12 1 1 1 10 12 1 10 12 1 10 12 1 10 12 1 100 1 1 1 1 5 0 1 1 1 1 1 1 1 1 1 1 1 1 1 1
instanceKlass org/jetbrains/kotlin/com/google/common/collect/RegularImmutableMap$BucketOverflowException
instanceKlass org/jetbrains/kotlin/container/InvalidCardinalityException
instanceKlass org/jetbrains/kotlin/container/ContainerConsistencyException
instanceKlass java/util/concurrent/TimeoutException
instanceKlass org/jetbrains/kotlin/com/intellij/psi/scope/MethodProcessorSetupFailedException
instanceKlass java/text/ParseException
instanceKlass javax/xml/stream/XMLStreamException
instanceKlass org/jetbrains/kotlin/com/intellij/util/cls/ClsFormatException
instanceKlass sun/nio/fs/WindowsException
instanceKlass kotlin/reflect/full/IllegalPropertyDelegateAccessException
instanceKlass kotlin/reflect/full/IllegalCallableAccessException
instanceKlass java/net/URISyntaxException
instanceKlass java/lang/CloneNotSupportedException
instanceKlass java/lang/InterruptedException
instanceKlass java/io/IOException
instanceKlass java/lang/ReflectiveOperationException
instanceKlass java/lang/RuntimeException
ciInstanceKlass java/lang/Exception 1 1 54 10 7 12 1 1 1 10 12 1 10 12 1 10 12 1 10 12 1 100 1 1 1 1 5 0 1 1 1 1 1 1 1 1 1 1 1 1 1 1 1 100 1 100 1 100 1 100 1 1 1 1 1 1
instanceKlass org/jetbrains/kotlin/com/intellij/psi/impl/compiled/OutOfOrderInnerClassException
instanceKlass org/jetbrains/kotlin/com/intellij/psi/impl/compiled/ClsElementImpl$InvalidMirrorException
instanceKlass org/jetbrains/kotlin/com/intellij/psi/text/BlockSupport$ReparsedSuccessfullyException
instanceKlass org/jetbrains/kotlin/lexer/KotlinLexerException
instanceKlass org/jetbrains/kotlin/protobuf/UninitializedMessageException
instanceKlass org/jetbrains/kotlin/com/intellij/openapi/util/RecursionManager$CachingPreventedException
instanceKlass org/jetbrains/kotlin/com/intellij/core/CoreJavaCodeStyleManager$1CancelException
instanceKlass org/jetbrains/kotlin/com/intellij/openapi/util/StackOverflowPreventedException
instanceKlass org/jetbrains/kotlin/com/intellij/openapi/vfs/InvalidVirtualFileAccessException
instanceKlass org/jetbrains/kotlin/com/intellij/psi/PsiInvalidElementAccessException
instanceKlass org/jetbrains/kotlin/com/fasterxml/aalto/UncheckedStreamException
instanceKlass java/util/concurrent/RejectedExecutionException
instanceKlass java/io/UncheckedIOException
instanceKlass org/jetbrains/kotlin/com/intellij/openapi/extensions/SortingException
instanceKlass org/jetbrains/kotlin/com/intellij/diagnostic/ImplementationConflictException
instanceKlass java/util/EmptyStackException
instanceKlass org/jetbrains/kotlin/com/intellij/openapi/diagnostic/RuntimeExceptionWithAttachments
instanceKlass org/jetbrains/kotlin/com/intellij/diagnostic/PluginException
instanceKlass org/jetbrains/kotlin/com/intellij/openapi/project/IndexNotReadyException
instanceKlass org/jetbrains/kotlin/com/intellij/openapi/editor/ReadOnlyFragmentModificationException
instanceKlass org/jetbrains/kotlin/com/intellij/openapi/editor/ReadOnlyModificationException
instanceKlass org/jetbrains/kotlin/com/intellij/util/lang/CompoundRuntimeException
instanceKlass org/jetbrains/kotlin/com/intellij/util/pico/PicoException
instanceKlass org/jetbrains/kotlin/com/intellij/openapi/extensions/ExtensionNotApplicableException
instanceKlass java/util/MissingResourceException
instanceKlass java/nio/file/FileSystemNotFoundException
instanceKlass org/jetbrains/kotlin/util/ServiceLoaderLite$ServiceLoadingException
instanceKlass org/jetbrains/kotlin/compiler/plugin/PluginProcessingException
instanceKlass java/lang/SecurityException
instanceKlass org/jetbrains/kotlin/compiler/plugin/CliOptionProcessingException
instanceKlass org/jetbrains/kotlin/com/intellij/util/IncorrectOperationException
instanceKlass org/jetbrains/kotlin/utils/WrappedValues$WrappedProcessCanceledException
instanceKlass java/util/ConcurrentModificationException
instanceKlass java/lang/reflect/UndeclaredThrowableException
instanceKlass java/util/NoSuchElementException
instanceKlass kotlin/NoWhenBranchMatchedException
instanceKlass java/lang/IndexOutOfBoundsException
instanceKlass java/lang/UnsupportedOperationException
instanceKlass kotlin/UninitializedPropertyAccessException
instanceKlass java/lang/IllegalStateException
instanceKlass org/jetbrains/kotlin/cli/jvm/compiler/CompileEnvironmentException
instanceKlass org/jetbrains/kotlin/utils/KotlinExceptionWithAttachments
instanceKlass org/jetbrains/kotlin/analyzer/CompilationErrorException
instanceKlass org/jetbrains/kotlin/com/intellij/openapi/progress/ProcessCanceledException
instanceKlass java/lang/IllegalArgumentException
instanceKlass java/lang/ArithmeticException
instanceKlass java/lang/NullPointerException
instanceKlass java/lang/IllegalMonitorStateException
instanceKlass java/lang/ArrayStoreException
instanceKlass java/lang/ClassCastException
ciInstanceKlass java/lang/RuntimeException 1 1 40 10 7 12 1 1 1 10 12 1 10 12 1 10 12 1 10 12 1 100 1 1 1 1 5 0 1 1 1 1 1 1 1 1 1 1 1 1 1 1
ciInstanceKlass java/lang/SecurityManager 0 0 576 10 100 12 1 1 1 9 100 12 1 1 1 10 100 12 1 1 1 100 1 8 1 10 12 1 10 12 1 1 10 100 12 1 1 1 10 100 1 10 100 1 10 9 100 12 1 1 1 10 100 12 1 1 1 10 12 1 1 10 100 12 1 1 100 1 8 1 10 9 12 1 1 9 12 1 8 1 9 12 1 100 1 10 8 1 10 12 1 1 10 12 1 10 12 1 1 100 1 10 10 12 1 1 100 1 8 1 10 12 1 8 1 8 1 8 1 8 1 8 1 8 1 10 12 1 8 1 8 1 8 1 8 1 8 1 10 100 12 1 1 1 10 12 1 1 8 1 100 1 8 1 10 8 1 8 1 8 1 8 1 8 1 10 100 12 1 1 8 1 100 1 8 1 8 1 10 8 1 10 12 1 100 1 8 1 10 10 12 1 1 10 12 1 10 12 1 10 12 1 10 100 12 1 1 1 10 12 1 10 100 12 1 1 11 100 12 1 1 1 18 12 1 1 11 100 12 1 1 1 18 12 1 1 11 12 1 1 18 18 11 12 1 18 12 1 11 12 1 1 9 12 1 1 9 12 1 9 12 1 9 12 1 100 1 10 100 12 1 1 10 12 1 10 12 1 18 12 1 18 10 100 12 1 1 1 18 12 1 10 12 1 18 18 8 1 10 12 1 9 12 1 1 11 100 12 1 1 1 8 1 100 1 10 12 1 10 12 1 1 10 12 1 1 9 12 1 1 10 12 1 10 12 1 1 8 1 100 1 10 9 12 1 8 1 10 12 1 8 1 100 1 10 10 100 12 1 1 10 100 1 9 100 12 1 1 1 11 12 1 1 10 12 1 11 12 1 10 12 1 100 1 10 10 12 1 1 10 12 1 1 1 1 1 1 1 1 1 1 1 100 1 1 1 1 1 1 1 1 1 1 1 1 1 1 1 1 1 1 1 1 1 1 1 1 1 1 1 1 1 1 1 1 1 1 1 1 1 1 1 1 1 1 1 1 1 1 1 1 1 1 1 1 1 1 1 1 3 1 1 1 1 1 1 1 1 1 1 100 1 1 1 1 1 1 1 1 1 1 1 1 1 1 1 1 1 1 1 1 1 1 1 1 1 1 1 1 1 1 1 1 1 1 1 1 1 1 16 15 10 100 12 1 1 1 16 1 16 15 10 12 16 1 15 10 12 16 15 11 100 1 16 1 16 1 15 10 12 16 15 10 12 16 15 10 12 1 16 1 15 11 12 1 15 10 12 16 15 10 16 1 15 10 100 12 1 1 1 1 1 1 100 1 100 1 1
ciInstanceKlass java/security/ProtectionDomain 1 1 348 10 7 12 1 1 1 9 7 12 1 1 1 7 1 10 9 12 1 1 9 12 1 1 9 12 1 1 10 7 12 1 1 7 1 9 12 1 9 12 1 1 7 1 9 12 1 1 9 12 1 10 100 12 1 1 10 100 12 1 1 1 10 12 1 1 10 12 1 9 12 1 9 100 12 1 1 10 12 1 1 10 100 1 10 12 1 1 8 1 100 1 8 1 10 12 1 10 11 10 100 12 1 1 1 10 12 1 1 8 1 11 8 1 10 12 1 8 1 8 1 10 12 1 1 10 12 1 10 12 1 1 10 12 1 8 1 10 12 1 8 1 8 1 10 100 12 1 1 1 9 100 12 1 1 1 10 12 1 1 9 100 12 1 1 1 10 100 12 1 1 1 100 1 18 12 1 1 10 100 12 1 1 1 10 100 1 10 12 1 10 12 1 1 11 100 12 1 1 11 12 1 100 1 11 100 12 1 1 1 10 12 1 10 11 12 1 1 11 12 1 1 10 12 1 10 7 12 1 1 10 100 12 1 1 11 12 1 10 12 10 12 1 8 1 8 1 10 7 12 1 1 1 7 1 10 10 7 12 1 1 1 1 1 1 1 1 1 1 100 1 1 100 1 1 1 1 1 1 1 1 1 1 1 1 1 1 1 1 1 1 1 1 1 1 1 1 1 1 1 1 1 1 1 1 1 1 1 1 1 1 1 1 1 1 1 1 100 1 1 1 1 1 1 100 1 1 16 15 10 12 16 15 10 100 12 1 1 1 1 1 1 1 100 1 100 1 1
staticfield java/security/ProtectionDomain filePermCompatInPD Z 0
ciInstanceKlass java/security/AccessControlContext 1 1 374 9 7 12 1 1 1 9 12 1 1 10 100 12 1 1 1 8 1 10 100 12 1 1 1 10 7 12 1 1 1 9 12 1 9 12 1 1 9 12 1 1 10 7 12 1 1 100 1 10 12 1 11 100 12 1 1 1 11 12 1 11 12 1 11 12 1 1 100 1 11 12 1 1 10 12 1 10 100 12 1 1 1 9 100 12 1 1 1 10 100 12 1 1 1 11 100 12 1 1 1 10 100 1 100 1 8 1 10 12 1 10 12 1 1 100 1 10 100 12 1 1 1 9 12 1 9 12 1 9 12 1 9 12 1 1 9 12 1 1 9 12 1 9 12 1 10 7 12 1 1 1 9 12 1 10 12 1 1 10 12 1 1 8 1 10 12 1 1 10 12 1 1 10 100 12 1 1 1 100 1 10 10 12 1 1 10 100 12 1 1 1 10 8 1 10 100 12 1 1 8 1 10 100 12 1 1 8 1 8 1 10 12 1 8 1 10 12 1 8 1 10 12 1 10 12 1 10 12 1 1 8 1 8 1 100 1 10 12 1 10 12 1 1 100 1 10 12 1 8 1 10 12 1 10 12 1 10 8 1 10 12 1 1 10 12 1 1 10 12 1 1 10 12 1 1 10 12 1 10 12 1 11 10 12 1 10 12 1 1 10 10 10 12 1 1 1 1 1 1 1 1 1 1 1 1 1 1 1 1 1 1 1 1 1 1 1 1 100 1 1 1 1 1 1 1 1 1 1 1 1 1 1 1 1 1 1 1 1 1 1 1 1 1 1 1 1 1 1 1 1 1 1 1 1 1 1 1 1 1 1 1 1 1 1 1 1 1 1 1 1 3 1 1
ciInstanceKlass java/security/AccessController 1 1 295 10 100 12 1 1 1 10 7 12 1 1 1 10 7 12 1 1 1 10 12 1 1 10 12 1 1 10 7 12 1 1 1 10 12 1 1 10 12 1 10 12 1 1 10 12 1 100 1 8 1 10 12 1 10 12 1 10 12 1 1 10 12 1 100 1 100 1 10 12 1 1 10 12 1 10 12 1 10 12 1 1 10 7 12 1 1 1 10 12 1 1 9 100 12 1 1 1 10 100 12 1 1 1 10 12 1 10 12 1 9 100 12 1 1 1 10 12 1 10 12 1 1 9 12 1 1 10 100 1 10 11 7 12 1 1 1 10 7 12 1 1 11 7 1 100 1 10 12 1 10 12 1 10 12 1 8 1 10 12 1 1 8 1 10 100 12 1 1 1 8 1 100 1 10 10 12 1 1 10 12 1 10 7 12 1 1 1 10 12 1 8 1 10 100 12 1 1 8 1 8 1 10 12 1 8 1 10 12 1 10 12 1 1 10 12 1 1 1 1 1 1 1 1 1 1 1 1 1 1 1 1 1 1 1 1 1 1 1 1 1 1 1 1 100 1 1 1 1 1 1 1 1 1 1 1 1 1 1 1 1 1 1 1 1 1 1 1 1 1 1 1 1 1 1 1 1 1 1 100 1 100 1 1 1 1 1 1 1 1 1 3 1 1 1
staticfield java/security/AccessController $assertionsDisabled Z 1
instanceKlass jdk/internal/loader/BuiltinClassLoader
instanceKlass java/net/URLClassLoader
ciInstanceKlass java/security/SecureClassLoader 1 1 102 10 7 12 1 1 1 7 1 10 12 1 9 7 12 1 1 1 10 12 1 10 12 1 10 12 1 1 10 12 1 1 10 12 1 7 1 10 7 1 10 12 1 7 1 10 12 1 11 7 12 1 1 1 7 1 11 12 1 10 12 1 1 1 1 1 1 1 1 1 1 1 1 1 1 1 1 1 1 1 1 1 1 1 1 1 1 1 1 1 1 1 1 1 1 1 1 100 1 1 1 1
instanceKlass java/lang/reflect/InvocationTargetException
instanceKlass java/lang/InstantiationException
instanceKlass java/lang/IllegalAccessException
instanceKlass java/lang/NoSuchFieldException
instanceKlass java/lang/NoSuchMethodException
instanceKlass java/lang/ClassNotFoundException
ciInstanceKlass java/lang/ReflectiveOperationException 1 1 34 10 7 12 1 1 1 10 12 1 10 12 1 10 12 1 100 1 1 1 1 5 0 1 1 1 1 1 1 1 1 1 1 1
ciInstanceKlass java/lang/ClassNotFoundException 1 1 96 7 1 10 7 12 1 1 1 10 12 1 10 12 1 1 10 100 12 1 1 1 8 1 10 100 12 1 1 1 10 7 12 1 1 10 100 12 1 1 1 10 100 12 1 1 1 10 12 1 1 7 1 10 12 1 9 12 1 1 1 1 1 5 0 1 1 1 1 1 1 1 1 1 1 1 1 1 1 1 1 1 1 100 1 1 1 1 1 1 1 1 1 1 1 1
staticfield java/lang/ClassNotFoundException serialPersistentFields [Ljava/io/ObjectStreamField; 1 [Ljava/io/ObjectStreamField;
instanceKlass java/util/stream/Collectors$CollectorImpl
instanceKlass java/lang/reflect/Proxy$ProxyBuilder$ProxyClassContext
instanceKlass java/nio/DirectByteBuffer$Deallocator
instanceKlass java/io/IoOverNioFileSystem$StreamInitializationBundle
instanceKlass java/security/SecureClassLoader$CodeSourceKey
instanceKlass jdk/internal/reflect/ReflectionFactory$Config
instanceKlass jdk/internal/foreign/abi/UpcallLinker$CallRegs
instanceKlass jdk/internal/foreign/abi/VMStorage
ciInstanceKlass java/lang/Record 1 1 22 10 7 12 1 1 1 100 1 1 1 1 1 1 1 1 1 1 1 1 1 1
instanceKlass java/lang/IncompatibleClassChangeError
instanceKlass java/lang/UnsatisfiedLinkError
instanceKlass java/lang/BootstrapMethodError
instanceKlass java/lang/NoClassDefFoundError
ciInstanceKlass java/lang/LinkageError 1 1 31 10 7 12 1 1 1 10 12 1 10 12 1 100 1 1 1 1 5 0 1 1 1 1 1 1 1 1 1 1 1
ciInstanceKlass java/lang/NoClassDefFoundError 0 0 26 10 100 12 1 1 1 10 12 1 100 1 1 1 1 5 0 1 1 1 1 1 1 1 1 1
ciInstanceKlass java/lang/ClassCastException 1 1 26 10 100 12 1 1 1 10 12 1 100 1 1 1 1 5 0 1 1 1 1 1 1 1 1 1
ciInstanceKlass java/lang/ArrayStoreException 1 1 26 10 100 12 1 1 1 10 12 1 100 1 1 1 1 5 0 1 1 1 1 1 1 1 1 1
instanceKlass java/lang/StackOverflowError
instanceKlass java/lang/OutOfMemoryError
instanceKlass java/lang/InternalError
ciInstanceKlass java/lang/VirtualMachineError 1 1 34 10 100 12 1 1 1 10 12 1 10 12 1 10 12 1 100 1 1 1 1 5 0 1 1 1 1 1 1 1 1 1 1 1
ciInstanceKlass java/lang/InternalError 0 0 34 10 100 12 1 1 1 10 12 1 10 12 1 10 12 1 100 1 1 1 1 5 0 1 1 1 1 1 1 1 1 1 1 1
ciInstanceKlass java/lang/OutOfMemoryError 1 1 26 10 100 12 1 1 1 10 12 1 100 1 1 1 1 5 0 1 1 1 1 1 1 1 1 1
ciInstanceKlass java/lang/StackOverflowError 1 1 26 10 100 12 1 1 1 10 12 1 100 1 1 1 1 5 0 1 1 1 1 1 1 1 1 1
ciInstanceKlass java/lang/IllegalMonitorStateException 1 1 26 10 100 12 1 1 1 10 12 1 100 1 1 1 1 5 0 1 1 1 1 1 1 1 1 1
instanceKlass java/lang/ref/PhantomReference
instanceKlass java/lang/ref/FinalReference
instanceKlass java/lang/ref/WeakReference
instanceKlass java/lang/ref/SoftReference
ciInstanceKlass java/lang/ref/Reference 1 1 190 9 7 12 1 1 1 9 7 12 1 1 10 12 1 1 10 12 1 1 9 12 1 1 10 12 1 1 9 12 1 1 9 12 1 1 7 1 10 12 1 10 7 12 1 1 10 12 1 10 12 1 1 10 12 1 7 1 8 1 10 12 1 1 7 1 10 12 1 1 10 12 1 1 10 12 1 9 12 1 10 12 1 1 10 12 1 10 12 1 9 12 1 100 1 100 1 10 12 9 12 1 9 12 1 100 1 10 10 12 1 10 10 7 12 1 1 7 1 10 10 7 12 1 1 1 1 1 1 1 1 1 1 1 1 1 1 1 1 1 1 1 100 1 1 1 100 1 1 1 1 1 1 1 1 1 1 1 1 1 1 1 1 1 1 1 1 1 1 1 1 1 1 1 1 1 1 1 1 1 1 1 100 1 100 1 100 1 1 1
staticfield java/lang/ref/Reference processPendingLock Ljava/lang/Object; java/lang/Object
staticfield java/lang/ref/Reference $assertionsDisabled Z 1
instanceKlass org/jetbrains/kotlin/com/intellij/util/containers/ConcurrentSoftKeySoftValueHashMap$SoftKey
instanceKlass org/jetbrains/kotlin/com/intellij/util/containers/ConcurrentSoftValueHashMap$MySoftReference
instanceKlass org/jetbrains/kotlin/com/intellij/util/containers/ConcurrentWeakKeySoftValueHashMap$SoftValue
instanceKlass org/jetbrains/kotlin/com/intellij/util/containers/SoftKeySoftValueHashMap$ValueReference
instanceKlass org/jetbrains/kotlin/com/intellij/reference/SoftReference
instanceKlass java/lang/invoke/LambdaFormEditor$Transform
instanceKlass sun/util/locale/LocaleObjectCache$CacheEntry
ciInstanceKlass java/lang/ref/SoftReference 1 1 47 10 7 12 1 1 1 9 7 12 1 1 1 9 12 1 10 12 1 10 12 1 1 1 1 1 1 1 1 1 1 1 1 1 1 1 1 1 1 1 1 100 1 1 1 1 1
instanceKlass org/jetbrains/kotlin/com/intellij/util/containers/ConcurrentWeakValueHashMap$MyWeakReference
instanceKlass org/jetbrains/kotlin/com/intellij/util/containers/ConcurrentWeakKeySoftValueHashMap$WeakKey
instanceKlass org/jetbrains/kotlin/com/intellij/util/containers/UnsafeWeakList$MyReference
instanceKlass org/jetbrains/kotlin/com/intellij/util/containers/IntKeyWeakValueHashMap$MyReference
instanceKlass java/lang/WeakPairMap$WeakRefPeer
instanceKlass java/lang/ClassValue$Entry
instanceKlass java/util/logging/Level$KnownLevel
instanceKlass jdk/internal/util/WeakReferenceKey
instanceKlass java/lang/ThreadLocal$ThreadLocalMap$Entry
instanceKlass java/util/WeakHashMap$Entry
ciInstanceKlass java/lang/ref/WeakReference 1 1 31 10 7 12 1 1 1 10 12 1 100 1 1 1 1 1 1 1 1 1 1 1 1 1 1 1 1 1 1 1 1
instanceKlass java/lang/ref/Finalizer
ciInstanceKlass java/lang/ref/FinalReference 1 1 50 10 100 12 1 1 1 10 100 12 1 1 1 10 12 1 1 100 1 8 1 10 12 1 1 1 1 1 1 1 1 1 1 1 1 1 1 1 1 1 1 1 1 1 1 1 1 1 100 1
instanceKlass jdk/internal/ref/Cleaner
instanceKlass jdk/internal/ref/PhantomCleanable
ciInstanceKlass java/lang/ref/PhantomReference 1 1 39 10 100 12 1 1 1 10 7 12 1 1 1 1 1 1 1 1 1 1 1 1 1 1 1 1 1 1 1 1 1 1 1 1 1 1 1 1 1
ciInstanceKlass java/lang/ref/Finalizer 1 1 155 9 7 12 1 1 1 10 100 12 1 1 1 9 12 1 1 9 12 1 1 9 12 1 9 12 1 9 12 1 1 10 12 1 100 1 8 1 10 12 1 10 12 1 1 9 12 1 100 1 10 12 1 100 1 11 100 12 1 1 10 12 1 100 1 10 12 1 100 1 10 12 1 10 100 12 1 1 1 10 100 12 1 1 1 100 1 10 10 12 1 7 1 10 12 1 7 1 10 12 1 1 10 12 1 1 10 12 1 10 7 12 1 1 1 7 1 10 7 1 10 10 12 1 1 1 1 1 1 1 1 1 1 1 1 1 1 1 1 1 1 1 1 1 1 1 1 1 1 1 1 1 1 1 1
staticfield java/lang/ref/Finalizer lock Ljava/lang/Object; java/lang/Object
staticfield java/lang/ref/Finalizer ENABLED Z 1
staticfield java/lang/ref/Finalizer $assertionsDisabled Z 1
ciInstanceKlass java/lang/Runnable 1 0 11 100 1 100 1 1 1 1 1 1 1
instanceKlass kotlinx/coroutines/scheduling/CoroutineScheduler$Worker
instanceKlass java/util/concurrent/ForkJoinWorkerThread
instanceKlass java/lang/ref/Finalizer$FinalizerThread
instanceKlass java/lang/ref/Reference$ReferenceHandler
instanceKlass jdk/internal/misc/InnocuousThread
instanceKlass java/lang/BaseVirtualThread
ciInstanceKlass java/lang/Thread 1 1 870 10 7 12 1 1 1 9 12 1 1 10 100 12 1 1 10 12 1 10 100 12 1 1 100 1 8 1 10 12 1 1 9 12 1 9 12 1 1 9 12 1 1 100 1 10 12 1 1 10 12 1 10 100 12 1 1 1 10 12 9 12 1 1 10 12 1 100 1 10 12 1 100 1 8 1 10 9 100 12 1 1 1 10 12 1 1 10 12 1 1 10 12 1 1 10 12 1 10 12 1 1 3 8 1 100 1 5 0 10 7 12 1 1 1 9 12 1 10 12 1 1 10 7 12 1 1 1 10 7 12 1 1 1 10 12 1 1 10 12 1 1 9 12 1 1 10 100 1 8 1 10 7 1 10 12 1 9 12 1 1 10 100 12 1 1 1 10 10 12 1 1 9 100 12 1 1 1 10 12 1 1 10 12 1 1 10 7 12 1 1 10 12 1 10 12 1 10 7 12 1 1 9 12 1 10 7 12 1 1 1 10 12 1 1 9 12 1 1 9 12 1 1 10 7 12 1 1 1 9 12 1 1 10 100 12 1 1 10 100 12 1 1 1 10 12 1 10 12 1 10 100 12 1 1 9 12 1 8 1 9 100 12 1 1 9 12 1 1 5 0 100 1 10 100 1 10 100 1 10 100 1 10 8 1 10 12 1 1 10 100 12 1 10 12 1 10 12 1 100 1 8 1 10 10 12 1 10 12 1 1 10 100 12 1 1 1 10 100 12 1 1 1 10 12 1 7 1 9 12 1 1 100 1 10 10 12 1 9 12 1 1 10 12 1 1 10 12 1 1 10 12 1 10 12 1 9 12 1 1 10 10 12 1 1 10 12 1 1 11 7 12 1 1 10 100 12 1 1 9 12 1 9 12 1 1 9 12 1 1 10 100 12 1 1 10 12 1 1 9 100 12 1 1 1 10 100 12 1 1 10 12 1 10 12 1 100 1 10 10 12 9 12 1 1 10 12 1 11 100 12 1 1 10 12 1 10 12 1 10 12 1 9 12 1 10 10 12 1 10 12 1 1 9 12 1 9 12 10 12 1 8 1 10 12 1 10 12 1 10 12 1 10 12 1 10 12 1 1 10 12 1 10 12 1 1 10 12 1 10 12 1 10 12 1 10 12 1 10 12 1 1 9 7 12 1 1 1 8 1 10 9 12 1 10 12 1 100 1 8 1 10 10 12 1 8 1 10 12 1 1 9 12 10 12 8 1 10 10 12 1 10 12 1 8 1 10 12 1 10 8 1 10 100 12 1 1 10 12 1 1 100 1 8 1 10 9 12 1 9 12 1 1 10 12 1 1 10 10 12 1 10 12 1 100 10 7 12 1 1 1 9 12 1 10 12 1 1 10 12 1 1 10 100 12 1 1 1 11 100 12 1 1 1 9 100 12 1 1 1 10 100 12 1 1 1 100 1 10 12 1 100 1 10 12 1 10 12 1 1 10 12 1 1 8 1 9 12 1 10 12 1 10 12 1 1 11 100 12 1 1 1 10 12 1 1 1 1 3 1 3 1 3 1 3 1 1 1 1 1 1 1 1 1 1 1 1 1 1 1 1 1 1 1 1 1 100 1 1 1 1 1 1 1 1 1 1 1 1 1 1 1 1 1 1 1 1 1 1 100 1 1 1 1 1 1 1 1 1 1 1 1 1 1 1 1 100 1 100 1 1 1 1 1 1 1 1 1 1 1 1 1 1 1 1 1 1 1 1 1 1 1 1 1 1 1 1 1 1 1 1 1 1 1 1 1 1 1 1 1 1 1 1 1 1 1 1 1 1 1 1 1 1 1 1 1 1 1 1 1 1 1 1 1 1 1 1 1 1 1 1 1 1 1 1 100 100 1 1 1 1 1 1 1 1 1 1 1 1 1 1 1 1 1 1 1 1 1 1 1 1 1 1 100 1 100 1 100 1 100 1 100 1 1 100 1 1 1 1 1 1 1 1 1 1 1 1 1 1 1
staticfield java/lang/Thread NEW_THREAD_BINDINGS Ljava/lang/Object; java/lang/Class
staticfield java/lang/Thread EMPTY_STACK_TRACE [Ljava/lang/StackTraceElement; 0 [Ljava/lang/StackTraceElement;
ciInstanceKlass java/lang/Thread$FieldHolder 1 1 48 10 7 12 1 1 1 9 7 12 1 1 1 9 12 1 1 9 12 1 1 9 12 1 1 9 12 1 1 1 1 1 1 1 1 1 1 100 1 100 1 1 1 1 100 1 1 1
ciInstanceKlass java/lang/Thread$Constants 0 0 59 100 1 10 100 12 1 1 1 100 1 10 10 100 12 1 1 1 100 1 8 1 10 12 1 9 100 12 1 1 1 100 1 100 1 10 12 1 10 12 1 9 12 1 1 1 1 1 1 1 1 1 1 1 1 1 1 1 1
ciInstanceKlass java/lang/Thread$UncaughtExceptionHandler 1 0 16 100 1 100 1 1 1 1 1 1 1 1 100 1 1 1
ciInstanceKlass java/lang/ThreadGroup 1 1 411 10 7 12 1 1 1 9 7 12 1 1 1 8 1 9 12 1 1 100 1 9 12 1 1 9 12 1 1 10 7 12 1 1 1 10 12 1 1 10 12 1 10 12 1 10 12 1 10 12 1 1 10 12 1 1 10 12 1 10 12 1 1 10 12 1 10 12 1 10 100 12 1 1 1 10 12 1 1 18 12 1 1 11 100 12 1 1 1 10 7 12 1 1 1 10 100 12 1 10 12 1 1 10 12 1 1 10 12 1 1 10 100 12 1 1 1 10 12 1 11 12 1 1 11 100 12 1 1 11 12 1 1 10 12 1 1 10 12 1 10 12 1 11 12 1 11 12 1 1 100 1 10 10 12 1 100 1 10 18 12 1 1 11 100 12 1 1 1 11 12 1 1 9 12 1 1 10 12 1 1 8 1 10 100 12 1 1 1 10 100 12 1 1 1 10 12 1 1 11 12 10 12 1 1 10 12 1 1 11 100 1 9 12 1 100 1 10 8 1 10 12 1 1 10 12 1 1 8 1 10 12 1 10 100 12 1 1 1 10 12 1 1 10 7 1 8 1 10 8 1 10 12 1 10 12 1 8 1 9 12 1 1 9 12 1 10 100 12 1 1 1 100 9 12 1 1 100 1 9 12 1 10 12 10 12 1 1 100 10 12 9 12 1 10 12 1 100 1 10 11 12 1 1 100 1 10 10 12 1 10 12 1 1 1 1 1 1 1 1 1 1 1 1 1 1 1 1 1 1 3 1 1 1 1 1 1 1 1 1 1 1 1 100 1 1 1 1 1 1 1 1 1 1 1 1 1 1 1 1 1 1 1 1 1 1 1 1 1 1 1 1 1 1 1 1 1 1 1 1 1 1 1 1 1 1 1 16 15 10 12 16 16 15 10 12 16 15 10 100 12 1 1 1 1 1 100 1 100 1 1
staticfield java/lang/ThreadGroup $assertionsDisabled Z 1
instanceKlass java/lang/ThreadBuilders$BoundVirtualThread
instanceKlass java/lang/VirtualThread
ciInstanceKlass java/lang/BaseVirtualThread 0 0 36 10 100 12 1 1 1 100 1 1 1 1 1 1 1 1 1 1 1 1 1 1 1 1 1 1 1 1 100 1 100 1 1 100 1 1
ciInstanceKlass java/lang/VirtualThread 0 0 907 9 100 12 1 1 1 10 100 12 1 1 1 10 100 12 1 1 1 10 100 12 1 1 1 9 12 1 1 9 12 1 1 100 1 10 12 1 9 12 1 1 18 12 1 1 9 12 1 1 10 12 1 1 100 1 10 12 1 10 12 1 1 10 12 1 1 10 12 1 1 10 12 1 10 100 12 1 10 12 1 10 12 1 10 12 1 10 12 1 11 100 12 1 1 1 100 1 10 12 1 1 10 100 12 1 1 1 10 100 12 1 1 1 10 12 1 100 1 10 10 12 1 10 12 1 1 9 12 1 1 10 12 1 1 9 12 1 1 10 12 1 9 12 1 1 9 12 1 100 1 10 10 12 1 10 100 12 1 1 10 9 10 10 12 1 1 10 12 1 1 10 100 12 1 1 10 100 1 10 9 10 10 12 1 100 1 10 12 1 1 10 12 1 10 12 1 10 12 1 1 9 12 1 10 12 1 10 12 1 9 12 1 1 10 12 1 10 12 1 9 12 1 1 10 12 1 10 12 1 10 12 1 11 100 12 1 1 10 12 1 1 10 12 1 1 10 12 1 1 9 12 1 10 100 1 10 12 1 1 10 12 1 1 10 12 1 10 12 1 10 12 1 10 12 9 12 1 1 10 100 12 1 1 10 12 1 10 12 1 1 10 100 12 1 1 10 12 1 100 1 8 1 10 12 1 10 12 1 1 10 12 1 10 12 1 10 100 12 1 1 10 12 1 10 12 1 1 10 12 1 10 12 1 1 10 100 12 1 1 10 12 1 1 10 12 1 1 100 1 10 10 12 1 100 1 9 12 1 1 10 100 12 1 1 10 9 12 1 1 18 9 100 12 1 1 1 11 100 12 1 1 1 11 100 1 11 12 10 12 1 10 12 1 1 10 12 1 100 1 10 10 12 1 10 12 1 1 10 12 1 1 10 12 1 10 12 1 10 12 1 9 12 1 1 11 100 12 1 1 10 12 9 100 12 1 1 1 9 12 1 10 12 1 1 9 12 1 9 12 1 9 12 1 100 1 10 10 12 1 1 10 12 1 10 12 100 1 100 1 10 8 1 10 12 1 1 10 12 1 10 12 1 10 10 12 1 8 1 10 10 12 1 10 12 1 10 100 12 1 1 8 1 8 1 10 9 100 12 1 1 1 10 12 1 1 10 12 1 10 10 10 12 9 12 1 10 12 1 1 9 12 1 10 12 1 1 9 12 1 10 12 1 1 18 12 1 1 18 12 1 10 100 12 1 1 1 8 1 10 100 12 1 1 1 10 100 12 1 1 1 18 12 1 10 100 12 1 1 1 100 1 10 12 1 8 1 10 12 1 8 1 10 12 1 1 8 1 8 1 10 100 12 1 1 8 1 10 12 1 8 1 8 1 10 100 12 1 1 1 10 12 1 10 12 1 1 10 12 1 18 12 1 1 18 12 1 1 5 0 9 12 1 10 12 1 18 12 1 100 1 10 12 10 100 12 1 1 10 12 1 1 100 1 8 1 10 10 12 1 10 12 1 1 10 12 1 9 12 1 8 10 12 1 1 8 8 9 12 1 8 10 12 1 1 3 1 3 1 3 1 3 1 3 1 3 1 3 1 3 1 3 1 3 1 3 1 3 3 1 3 1 1 1 1 1 1 1 1 1 1 1 1 1 1 100 1 1 1 1 1 1 1 1 1 1 1 1 1 1 100 1 1 1 1 1 1 1 1 1 1 1 100 1 1 1 1 1 1 1 1 1 1 1 1 1 1 1 1 1 1 1 1 1 1 1 1 1 1 1 1 1 1 1 1 1 1 1 1 1 1 1 100 1 1 1 1 1 1 1 1 1 1 1 1 1 1 1 1 1 1 1 1 1 1 1 1 1 1 1 1 1 1 1 1 1 1 1 100 1 1 1 1 1 1 1 1 1 1 1 1 1 1 100 1 1 16 15 10 12 15 16 15 10 12 16 15 10 12 16 16 15 10 12 16 15 10 12 16 15 10 12 16 15 10 12 16 1 15 10 100 12 1 1 1 1 1 1 1 100 1 1 100 1 100 1 1
ciInstanceKlass java/lang/ThreadBuilders$BoundVirtualThread 0 0 132 10 100 12 1 1 1 9 100 12 1 1 1 10 100 12 1 1 1 9 12 1 1 10 12 1 1 10 12 1 1 9 12 1 1 10 100 12 1 1 1 10 12 1 1 100 1 8 1 10 12 1 10 12 1 1 10 12 1 1 10 12 1 1 10 100 12 1 1 1 8 1 10 12 1 8 1 10 12 1 1 10 100 12 1 1 9 100 12 1 1 1 10 12 1 1 10 10 12 1 1 1 1 1 1 1 1 1 1 1 1 1 1 1 1 1 1 1 1 1 1 1 1 1 1 1 1 100 1 1 1 1
ciInstanceKlass java/util/Map 1 1 263 11 7 12 1 1 1 11 12 1 1 10 100 12 1 1 11 12 1 1 11 7 12 1 1 1 11 100 12 1 1 1 11 12 1 1 7 1 11 12 1 11 12 1 100 1 100 1 10 12 1 1 11 100 12 1 1 1 11 100 12 1 1 1 11 12 1 11 12 1 10 12 1 1 11 12 1 11 100 12 1 9 7 12 1 1 1 100 1 10 12 7 1 7 1 10 12 1 7 1 10 7 1 11 12 1 11 12 1 1 11 12 1 1 7 1 11 12 1 1 1 1 1 1 1 1 1 1 1 1 1 1 1 1 1 1 1 1 1 1 1 1 1 1 1 1 1 1 1 1 1 1 1 1 1 1 1 1 1 1 1 1 1 1 1 1 1 1 1 1 1 1 1 1 1 1 1 1 1 1 1 1 1 1 1 1 1 1 1 1 1 1 1 1 1 1 1 1 1 1 1 1 1 1 1 1 1 1 1 1 1 1 1 1 1 1 1 1 1 1 1 1 1 1 1 1 1 1 1 1 1 1 1 1 1 1 1 1 1 1 1 1 1 1 100 1 1 1 1 1 1 1 1 1 1 1 1 1 1 1 1 1 1
instanceKlass java/util/Hashtable
ciInstanceKlass java/util/Dictionary 1 1 36 10 7 12 1 1 1 100 1 1 1 1 1 1 1 1 1 1 1 1 1 1 1 1 1 1 1 1 1 1 1 1 1 1 1 1
instanceKlass java/util/Properties
ciInstanceKlass java/util/Hashtable 1 1 516 100 1 10 7 12 1 1 1 9 7 12 1 1 1 100 1 100 1 10 8 1 10 12 1 1 10 12 1 10 12 1 1 10 12 1 10 7 12 1 1 1 8 1 10 12 1 9 12 1 1 7 1 9 12 1 1 4 10 7 12 1 1 1 9 12 1 4 10 12 1 11 100 12 1 1 1 10 12 1 1 10 12 1 1 9 12 1 10 12 1 1 100 1 10 9 12 1 1 10 7 12 1 1 1 9 12 1 1 10 12 1 10 12 1 3 9 12 1 9 12 1 3 10 12 1 10 12 1 10 12 1 1 11 12 1 1 11 100 12 1 1 1 11 100 12 1 1 1 11 12 1 100 1 11 12 1 11 12 1 10 12 1 1 10 12 1 1 10 12 1 9 12 1 1 9 12 9 12 1 1 10 100 1 100 1 10 12 1 10 8 1 10 10 12 1 8 1 10 8 1 10 100 12 1 1 1 100 1 10 12 1 10 12 1 100 1 10 12 1 10 12 1 1 100 1 10 100 1 10 10 12 1 1 11 12 1 1 11 12 1 100 1 10 10 10 100 12 1 1 11 100 12 1 1 1 100 1 10 11 100 12 1 1 11 100 12 1 10 12 1 10 12 1 1 10 100 12 1 1 10 12 1 1 10 12 1 1 10 12 1 1 10 100 12 1 1 1 8 10 100 12 1 1 100 1 8 1 10 4 4 10 12 1 1 10 12 1 8 1 4 10 12 10 100 12 1 1 1 100 1 11 100 12 1 1 1 10 100 12 1 1 1 10 12 1 10 12 1 1 10 100 1 100 1 1 1 1 1 1 5 0 1 1 1 1 1 3 1 3 1 3 1 1 1 1 1 1 1 1 1 1 1 1 1 1 1 1 1 1 1 1 1 1 1 1 1 100 1 1 1 1 1 1 1 1 1 1 1 1 1 1 1 1 1 1 1 1 1 1 1 1 1 1 1 1 1 100 1 1 1 1 1 1 1 1 1 1 1 1 1 1 100 1 1 1 1 1 1 1 1 1 1 1 1 1 1 1 1 1 1 1 1 1 1 1 1 1 1 1 1 1 1 1 1 1 1 1 1 1 1 1 1 1 1 1 1 100 1 1 1 100 1 1 1 1 1 100 1 1 1 1 1 1 1 1 1 1 1 1 1 1 1 1 1 1
ciInstanceKlass java/util/Properties 1 1 690 10 7 12 1 1 1 100 1 10 7 12 1 1 7 1 10 12 1 9 12 1 1 9 12 1 1 9 12 1 1 10 7 12 1 1 1 10 12 1 1 8 1 10 7 12 1 1 1 7 1 10 12 1 10 12 1 1 8 1 10 12 1 7 1 10 12 10 12 1 1 9 12 1 1 10 12 1 1 7 1 10 12 1 10 12 1 10 12 1 1 100 1 8 1 10 12 1 10 12 1 10 12 1 1 10 12 1 100 1 3 10 10 100 12 1 1 1 10 12 1 10 12 1 1 8 1 10 12 1 10 12 1 1 8 1 10 100 12 1 1 10 12 1 1 10 12 1 10 12 1 1 100 1 10 12 1 10 12 1 1 100 1 9 100 12 1 1 1 10 12 1 10 12 1 1 10 12 1 1 10 12 1 1 100 1 9 12 1 1 100 1 100 1 10 12 1 100 1 11 100 12 1 1 1 11 12 1 1 11 100 12 1 1 1 11 100 12 1 1 1 11 12 1 1 11 12 1 11 12 1 10 12 1 1 8 1 10 12 1 10 100 12 1 1 10 12 1 100 1 10 10 12 1 10 12 1 100 1 10 10 12 1 1 10 100 12 1 1 9 100 12 1 1 10 12 1 1 10 100 12 1 1 1 100 1 100 1 100 1 10 8 1 8 1 10 12 1 10 12 1 10 12 1 1 10 10 12 1 1 10 12 1 1 100 1 10 10 12 1 11 100 12 1 1 10 100 12 1 1 1 8 1 10 100 12 1 1 11 11 100 1 8 1 10 100 1 11 10 12 1 10 10 12 1 10 12 1 1 10 12 1 1 10 12 1 1 10 12 1 10 12 1 10 10 12 1 10 12 1 10 12 1 10 10 12 1 1 10 12 1 1 10 10 12 1 10 12 1 10 12 1 10 12 1 10 12 1 1 10 12 1 1 10 12 1 10 12 1 10 12 1 1 10 12 10 12 1 1 10 12 1 1 10 12 1 10 12 1 1 10 12 1 1 10 12 10 11 12 1 4 11 10 12 1 1 10 100 12 1 1 11 12 1 10 12 1 1 10 100 12 1 1 10 12 1 100 1 8 1 10 12 1 10 10 100 12 1 1 1 100 1 6 0 10 12 1 1 11 100 12 1 1 1 10 12 1 10 12 1 1 1 1 1 5 0 1 1 1 1 1 1 1 1 1 1 1 1 1 1 1 1 1 1 1 1 1 1 1 1 1 1 1 1 1 1 1 1 1 1 1 1 1 1 1 100 1 1 1 1 1 1 1 1 1 1 1 1 1 1 1 1 1 1 1 1 100 1 1 1 1 1 1 1 1 1 1 1 1 100 1 100 1 1 1 1 1 100 1 1 1 1 1 1 1 1 1 1 1 1 1 1 1 1 1 1 1 1 1 1 1 1 1 1 1 1 1 1 1 1 1 1 1 1 1 1 1 1 1 1 1 1 1 1 1 1 1 1 1 1 1 1 1 1 1 1 1 1 1 1 1 1 1 1 1 1 1 1 1 1 1 1 1 1 1 100 1 1 1 1 1 1 1 1 1 1 1 100 1 1
staticfield java/util/Properties UNSAFE Ljdk/internal/misc/Unsafe; jdk/internal/misc/Unsafe
ciInstanceKlass java/lang/Module 1 1 1070 10 7 12 1 1 1 9 7 12 1 1 1 10 7 12 1 1 1 9 12 1 9 12 1 1 9 12 1 1 10 12 1 1 10 12 1 10 12 1 1 10 7 12 1 1 1 7 1 10 7 12 1 1 1 10 12 1 1 11 7 12 1 1 1 10 12 1 1 10 7 12 1 1 1 10 12 1 1 10 7 12 1 1 1 9 100 12 1 1 1 10 100 12 1 1 1 10 12 1 8 1 10 7 12 1 1 1 10 7 12 1 1 1 10 7 12 1 1 1 10 12 1 10 12 1 9 12 1 1 10 100 12 1 1 100 1 100 1 10 8 1 10 12 1 1 10 12 1 10 12 10 12 1 10 7 12 1 1 8 1 8 1 10 8 1 8 1 9 12 1 1 8 1 10 100 12 1 1 1 10 12 1 9 12 1 1 11 12 1 9 7 12 1 1 10 7 12 1 1 1 10 100 12 1 1 1 10 12 1 1 8 1 10 12 1 1 10 12 1 10 12 1 1 9 7 12 1 1 1 10 12 1 1 10 12 1 1 9 12 1 10 12 1 10 12 1 9 12 1 1 11 7 12 1 1 10 12 1 1 9 12 1 9 12 1 10 12 1 10 12 1 100 1 8 1 10 10 12 1 1 10 12 1 8 1 10 12 1 1 8 1 8 1 10 12 1 1 10 12 1 10 12 1 1 18 12 1 1 10 12 1 1 11 12 1 9 12 1 11 12 10 100 12 1 1 100 1 8 1 10 11 12 1 1 10 7 12 1 1 1 10 12 1 10 12 1 1 11 12 1 1 11 7 12 1 1 11 12 1 1 9 12 1 11 12 1 10 12 1 1 10 12 1 1 9 12 1 10 12 10 7 12 1 1 10 7 1 18 12 1 1 11 100 12 1 1 1 18 12 1 11 12 1 1 10 100 12 1 1 1 11 12 1 1 10 7 12 1 1 7 1 11 12 1 7 1 7 1 10 12 1 10 7 12 1 1 1 10 11 7 12 1 8 1 10 10 12 1 1 10 7 12 1 1 10 12 1 10 12 1 7 1 10 12 1 10 11 12 1 1 10 12 10 12 1 1 9 12 1 1 100 1 10 10 12 1 1 11 7 1 10 12 1 1 11 12 1 10 10 12 1 11 10 12 1 1 10 12 1 1 10 12 1 1 10 7 12 1 1 10 12 1 10 12 1 1 10 10 12 1 1 10 12 1 18 12 1 11 12 1 18 12 1 10 12 1 10 12 1 10 12 7 1 10 12 1 10 12 1 10 12 1 9 12 1 7 1 10 10 10 10 12 1 10 12 1 10 12 1 10 12 1 1 10 12 1 1 10 12 1 9 12 1 18 12 1 1 10 100 12 1 1 1 100 1 8 1 10 12 1 1 10 12 1 1 10 100 12 1 1 100 1 10 12 1 1 100 1 8 1 10 12 1 1 100 1 11 12 1 1 10 100 12 1 1 1 18 12 1 1 11 100 12 1 1 1 100 1 10 12 1 10 12 1 1 100 1 100 1 10 12 8 1 10 12 1 1 10 12 1 1 10 100 12 1 1 10 12 1 1 10 12 1 10 12 10 12 1 1 100 1 10 10 12 1 1 10 100 12 1 1 1 100 1 10 12 1 1 10 100 12 1 1 8 1 18 12 1 1 100 1 100 1 9 12 1 1 9 12 1 9 12 1 11 100 12 1 1 1 100 1 11 12 1 1 100 1 10 12 1 8 1 10 12 1 10 12 10 12 1 8 1 10 10 100 12 1 1 7 1 10 10 12 1 10 7 12 1 1 9 12 1 9 12 1 9 12 1 9 12 1 10 12 11 12 1 10 12 1 100 1 1 1 1 1 1 1 1 1 1 1 1 1 1 1 1 1 1 1 100 1 1 1 1 1 1 1 1 1 1 1 1 1 1 1 1 1 1 1 1 1 1 1 1 1 1 1 1 1 1 1 1 1 1 1 1 1 1 1 1 1 1 1 1 1 1 1 1 1 1 1 1 1 1 1 1 1 1 1 1 1 1 1 1 1 1 1 1 1 1 1 1 1 1 1 1 1 1 1 1 1 1 1 1 1 1 1 1 1 1 1 1 1 1 1 100 100 1 1 1 1 1 1 1 1 1 1 1 1 1 1 1 1 1 1 1 1 1 1 1 1 1 1 1 100 1 100 1 1 1 1 1 1 1 1 1 1 1 1 1 1 1 1 1 1 1 1 100 1 1 1 1 1 1 1 1 1 1 1 1 1 1 1 1 1 1 1 1 1 1 1 16 15 10 12 16 16 15 10 12 16 16 15 10 16 1 15 10 12 16 1 15 10 12 16 1 16 15 10 12 16 16 1 15 10 12 16 15 10 7 12 1 1 1 15 10 100 12 1 1 1 1 1 1 1 1 1 1 1 100 1 100 1 1 100 1 100 1 1
staticfield java/lang/Module ALL_UNNAMED_MODULE Ljava/lang/Module; java/lang/Module
staticfield java/lang/Module ALL_UNNAMED_MODULE_SET Ljava/util/Set; java/util/ImmutableCollections$Set12
staticfield java/lang/Module EVERYONE_MODULE Ljava/lang/Module; java/lang/Module
staticfield java/lang/Module EVERYONE_SET Ljava/util/Set; java/util/ImmutableCollections$Set12
staticfield java/lang/Module $assertionsDisabled Z 1
instanceKlass java/lang/reflect/Executable
instanceKlass java/lang/reflect/Field
ciInstanceKlass java/lang/reflect/AccessibleObject 1 1 400 10 7 12 1 1 1 9 100 12 1 1 1 10 100 12 1 1 1 10 7 12 1 1 10 7 12 1 1 1 10 100 12 1 1 1 10 12 1 1 10 12 1 1 9 12 1 1 7 1 10 7 12 1 1 1 11 12 1 100 1 10 12 1 7 1 100 1 10 12 1 10 12 1 1 10 12 1 1 10 12 1 1 10 12 1 1 7 1 10 7 12 1 1 1 10 12 1 1 11 10 7 12 1 1 1 10 12 1 1 10 12 1 10 12 1 10 12 1 1 10 12 1 8 1 100 1 100 1 10 10 12 1 1 8 1 10 12 1 10 12 1 8 1 8 1 8 1 8 1 8 1 8 1 8 1 8 1 8 1 100 1 10 12 1 10 12 1 9 12 1 1 10 12 1 1 10 12 1 10 100 1 100 1 8 1 10 8 1 10 12 1 8 1 10 12 1 10 12 1 1 10 100 1 8 1 10 11 7 12 1 1 1 10 12 1 1 10 12 1 1 10 12 1 1 9 12 1 1 100 1 10 12 1 7 1 10 12 1 10 12 1 1 10 100 1 10 12 1 10 12 10 12 1 10 12 1 10 12 1 1 10 12 1 9 12 1 10 100 12 1 1 8 1 10 100 12 1 1 1 8 1 10 100 12 1 1 1 9 12 1 100 1 10 7 1 10 10 7 12 1 1 1 7 1 10 10 7 12 1 1 1 7 1 9 12 1 1 1 1 1 1 1 1 1 1 1 1 1 1 1 1 1 1 1 1 1 1 1 1 1 1 1 1 1 1 1 1 1 1 1 1 1 1 1 1 1 1 1 1 1 1 1 1 1 1 1 1 1 1 1 1 1 1 1 1 1 1 1 1 1 1 1 1 1 1 1 1 1 1 1 1 1 1 1 1 1 1 1 1
staticfield java/lang/reflect/AccessibleObject reflectionFactory Ljdk/internal/reflect/ReflectionFactory; jdk/internal/reflect/ReflectionFactory
ciInstanceKlass java/lang/reflect/Member 1 1 37 100 1 10 12 1 1 100 1 100 1 1 1 1 3 1 3 1 1 1 1 1 1 1 1 1 1 1 1 1 1 1 1 1 1 1 1
ciInstanceKlass java/lang/reflect/Field 1 1 457 9 7 12 1 1 1 10 12 1 1 10 100 12 1 1 1 10 100 12 1 1 9 12 1 1 10 12 1 1 10 12 1 1 10 100 12 1 1 10 7 12 1 1 1 9 12 1 1 9 12 1 9 12 1 9 12 1 1 9 12 1 1 9 12 1 9 12 1 1 9 12 1 1 100 1 8 1 10 12 1 10 12 1 9 12 1 1 9 12 1 10 12 1 10 7 12 1 1 10 12 1 1 10 12 1 1 10 12 1 10 12 1 1 9 100 12 1 1 1 10 100 12 1 1 1 100 1 10 12 1 1 10 12 1 1 10 12 1 1 10 12 1 10 12 1 10 7 1 10 100 12 1 1 100 1 10 8 1 10 12 1 1 10 12 1 1 8 1 10 12 10 12 1 8 1 8 1 10 11 100 1 9 12 1 10 12 1 1 10 12 1 1 11 7 12 1 1 1 10 12 1 11 12 1 1 11 12 1 1 11 12 1 1 11 12 1 1 11 12 1 1 11 12 1 1 11 12 1 1 11 12 1 1 11 12 1 1 11 12 1 1 11 12 1 1 11 12 1 1 11 12 1 1 11 12 1 1 11 12 1 1 11 12 1 1 11 12 1 1 10 12 1 10 100 12 1 1 10 12 1 10 12 1 10 12 1 9 12 1 1 10 7 12 1 1 1 10 12 1 1 10 12 1 10 7 12 1 1 10 12 1 1 11 7 1 10 12 1 7 1 10 100 12 1 1 1 10 7 12 1 1 1 9 12 1 10 7 12 1 1 1 11 7 12 1 1 1 10 12 1 1 10 12 1 1 9 100 12 1 1 10 100 12 1 1 1 10 12 1 1 100 1 1 1 1 1 1 1 1 1 1 1 1 1 1 1 1 1 1 1 1 1 1 1 1 1 1 1 1 1 1 1 1 1 1 1 1 1 1 1 100 1 1 1 1 1 1 1 1 1 1 1 1 1 1 1 1 1 1 1 1 1 1 1 1 1 1 1 1 1 1 1 1 100 1 1 1 1 1 1 1 1 1 100 1 1
ciInstanceKlass java/lang/reflect/Parameter 0 0 243 10 100 12 1 1 1 9 100 12 1 1 1 9 12 1 1 9 12 1 1 9 12 1 10 12 1 1 10 12 1 1 10 100 12 1 1 1 100 1 10 10 12 1 1 11 100 12 1 1 1 10 12 1 10 100 12 1 1 1 10 12 1 1 10 12 1 10 12 1 8 1 8 1 10 100 12 1 1 1 10 12 1 10 12 9 100 12 1 1 1 10 100 12 1 1 1 10 12 1 8 1 10 12 1 9 12 1 1 10 12 1 1 9 12 1 1 10 12 1 1 10 12 1 1 10 12 1 1 10 12 1 10 10 12 1 10 100 12 1 1 1 10 12 1 1 11 100 12 1 1 10 100 12 1 1 100 1 10 100 12 1 1 1 10 12 1 1 10 12 1 1 10 12 1 1 10 12 1 1 9 12 1 100 1 10 11 12 1 1 11 12 1 1 100 1 1 1 1 1 1 1 1 1 1 1 1 1 1 1 1 1 1 1 1 1 1 1 1 1 1 1 1 1 1 1 1 1 1 1 1 1 1 1 1 1 100 1 1 1 1 1 1
instanceKlass java/lang/reflect/Constructor
instanceKlass java/lang/reflect/Method
ciInstanceKlass java/lang/reflect/Executable 1 1 581 10 7 12 1 1 1 10 7 12 1 1 1 10 7 12 1 1 1 11 7 12 1 1 1 10 7 12 1 1 1 10 12 1 1 10 7 12 1 1 1 10 100 12 1 1 1 10 12 1 8 1 10 10 12 1 1 10 12 1 1 10 100 12 1 1 1 18 12 1 1 11 100 12 1 1 1 8 1 8 1 8 1 10 100 12 1 1 1 11 12 1 1 100 1 8 1 8 1 10 12 1 100 1 8 1 10 12 1 8 1 11 100 12 1 1 1 100 1 11 100 12 1 1 1 11 12 1 8 1 18 8 1 10 12 1 10 12 1 1 18 8 1 10 12 1 100 1 10 12 1 10 12 1 11 12 1 10 12 1 1 8 1 8 1 10 12 1 1 10 12 1 1 10 10 12 1 9 100 12 1 1 1 10 100 12 1 1 1 10 12 1 10 12 1 1 10 100 12 1 1 10 12 1 10 12 1 10 12 1 10 7 12 1 1 100 1 10 100 12 1 1 1 10 12 1 1 10 100 12 1 1 10 12 1 10 12 1 1 9 100 12 1 1 1 10 100 10 12 1 8 1 10 12 1 10 12 1 3 100 1 8 1 10 12 1 10 12 1 10 10 12 1 10 12 1 1 8 1 8 1 8 1 9 12 1 1 9 12 1 10 12 1 100 1 8 1 10 12 1 10 12 1 10 12 1 1 10 12 1 1 10 12 1 10 12 10 12 1 100 1 10 12 1 10 12 1 1 100 1 10 100 12 1 1 1 100 1 10 7 12 1 1 1 10 12 1 1 11 7 12 1 1 10 12 1 10 100 12 1 1 1 10 12 1 1 9 12 1 10 12 1 1 10 12 1 10 12 1 1 9 100 12 1 1 1 10 100 12 1 1 1 10 12 1 10 12 1 1 9 12 1 10 10 10 10 100 12 1 1 1 10 12 1 9 12 1 10 12 1 1 9 12 1 100 1 100 1 1 1 1 1 1 1 1 1 1 1 1 1 1 1 1 1 1 1 1 1 1 1 1 1 1 1 1 1 1 1 1 1 1 1 1 100 1 1 1 1 1 1 1 1 1 1 1 1 1 1 1 1 1 1 1 100 1 1 1 1 1 1 1 1 1 1 1 1 1 1 1 1 1 1 1 1 1 1 1 1 1 1 1 1 1 1 1 1 1 1 1 1 1 1 1 1 1 1 1 100 1 1 1 1 1 1 1 1 1 1 1 1 1 1 1 1 1 1 1 1 1 1 100 1 1 16 15 16 1 16 1 15 10 12 16 15 10 100 12 1 1 1 1 1 1 100 1 1 100 1 100 1 1
ciInstanceKlass java/lang/reflect/Method 1 1 472 9 7 12 1 1 1 10 100 12 1 1 1 10 100 12 1 1 9 12 1 1 10 12 1 1 10 12 1 1 10 100 12 1 1 10 7 12 1 1 1 9 12 1 1 9 12 1 9 12 1 1 9 12 1 9 12 1 9 12 1 1 9 12 1 9 12 1 1 9 12 1 9 12 1 9 12 1 1 100 1 8 1 10 12 1 10 12 1 9 12 1 1 8 1 10 7 12 1 1 10 7 12 1 1 1 10 12 1 1 10 12 1 1 10 12 1 10 12 1 1 10 12 1 1 9 100 12 1 1 1 10 12 1 1 10 12 10 7 12 1 1 10 12 1 1 10 12 1 10 12 1 10 12 1 10 7 12 1 1 1 10 12 1 1 10 7 1 10 100 12 1 1 1 10 7 12 1 1 10 12 1 1 10 12 1 1 10 12 1 10 7 12 1 1 1 10 12 1 10 8 1 10 12 1 10 12 1 7 1 8 1 8 1 8 1 10 12 1 10 12 1 1 10 12 1 1 10 10 12 1 1 10 12 1 11 100 1 10 12 1 9 12 1 1 10 12 1 1 10 12 1 10 12 1 1 10 12 1 1 11 7 12 1 1 1 11 12 1 9 12 1 1 10 12 1 10 12 1 10 12 1 10 12 1 10 12 1 10 12 1 9 12 1 1 10 7 12 1 1 1 10 7 12 1 1 10 12 1 1 10 7 12 1 1 1 10 7 12 1 1 1 10 7 12 1 1 1 11 7 12 1 1 1 10 7 12 1 1 1 7 1 100 1 100 1 10 12 1 10 12 1 1 10 12 1 100 1 8 1 10 12 1 10 10 12 1 1 10 12 1 1 10 12 1 1 10 12 1 1 8 1 10 12 1 1 1 1 1 1 1 1 1 1 1 1 1 1 1 1 1 1 1 1 1 1 1 1 1 1 1 1 1 1 1 1 1 1 1 1 1 1 1 1 1 1 1 1 1 1 1 1 1 1 1 1 1 100 1 100 1 100 1 1 1 1 1 1 1 1 1 1 1 1 1 1 1 1 1 1 1 1 1 1 1 1 1 1 1 1 1 1
ciInstanceKlass java/lang/reflect/Constructor 1 1 439 10 100 12 1 1 1 10 100 12 1 1 9 7 12 1 1 1 10 12 1 1 10 12 1 1 10 100 12 1 1 9 12 1 1 10 7 12 1 1 1 9 12 1 1 9 12 1 1 9 12 1 9 12 1 1 9 12 1 9 12 1 1 9 12 1 1 9 12 1 100 1 8 1 10 12 1 10 12 1 9 12 1 1 10 7 12 1 1 10 7 12 1 1 1 10 12 1 1 10 12 1 1 10 12 1 7 1 100 1 8 1 10 10 12 1 10 12 1 10 12 1 1 10 12 1 1 9 100 12 1 1 1 10 7 12 1 1 10 12 1 1 10 12 1 10 12 1 1 10 100 12 1 1 1 10 100 12 1 1 10 12 1 1 10 12 1 10 100 12 1 1 1 8 1 10 10 12 1 100 1 8 1 10 12 1 10 12 1 1 10 12 1 1 10 12 1 10 12 1 10 12 1 1 10 12 1 1 9 12 1 1 10 12 1 1 10 12 1 1 10 12 1 1 11 7 12 1 1 1 10 12 1 1 10 12 1 10 12 1 10 12 1 8 1 9 12 1 1 10 7 12 1 1 1 10 7 12 1 1 10 12 1 1 10 12 1 1 10 12 1 1 10 12 1 1 10 12 1 9 100 12 1 1 10 12 1 10 12 1 10 12 1 100 1 8 1 10 10 12 1 1 10 12 1 10 10 12 1 1 10 12 1 1 10 100 12 1 1 1 11 100 12 1 1 1 10 12 1 1 9 100 12 1 1 1 10 100 12 1 1 1 10 12 1 1 1 1 1 1 1 1 1 1 1 1 1 1 1 1 1 1 1 1 1 1 1 1 1 1 1 1 1 1 1 1 1 1 1 1 1 1 1 1 1 1 1 1 1 1 1 1 1 1 1 1 100 1 100 1 100 1 100 1 1 1 1 1 1 1 1 1 1 1 1 1 1 1 1 1 1 1 1 1 1 1 1 1 1 1 1 1 1 1 1 1 100 1 1
ciInstanceKlass jdk/internal/vm/ContinuationScope 0 0 50 10 100 12 1 1 1 10 100 12 1 1 1 100 1 9 100 12 1 1 1 10 12 1 1 10 100 12 1 1 1 10 12 1 1 10 12 1 1 1 1 1 1 1 1 1 1 1 1 1
ciInstanceKlass jdk/internal/vm/Continuation 0 0 549 9 100 12 1 1 1 9 12 1 9 12 1 100 1 100 1 10 12 1 1 8 1 10 12 1 1 10 12 1 10 12 1 1 10 12 1 9 100 12 1 1 1 11 100 12 1 1 1 10 100 1 9 12 1 1 9 12 1 1 10 8 1 10 12 1 9 12 1 1 10 11 12 1 1 100 1 10 100 12 1 1 1 10 12 1 1 10 12 1 10 12 1 1 11 12 1 1 9 12 1 1 10 12 1 1 18 12 1 1 10 100 12 1 1 1 100 1 10 12 1 11 100 12 1 1 1 10 12 1 9 12 1 10 12 1 1 100 1 8 1 10 12 1 10 12 1 1 9 12 1 1 11 12 1 1 9 12 1 1 8 1 10 11 12 1 1 11 12 1 1 10 12 1 1 10 12 1 1 9 12 1 10 12 1 10 10 12 1 8 1 10 12 1 8 1 8 1 10 100 12 1 1 1 10 100 12 1 1 1 10 12 1 9 12 1 11 12 1 100 1 10 12 1 10 12 1 1 9 12 1 1 100 1 10 12 1 1 9 12 1 1 10 12 1 10 12 1 11 100 12 1 1 10 100 1 10 12 1 8 1 9 12 1 10 12 1 1 9 12 1 1 10 100 12 1 1 8 1 8 1 8 1 8 1 10 12 1 1 10 12 1 10 12 1 10 12 1 10 12 1 1 10 12 1 1 8 1 10 12 1 1 9 12 1 1 10 12 1 1 9 12 1 8 1 10 100 12 1 1 1 10 12 1 8 1 100 1 8 1 10 9 12 1 1 8 1 10 100 12 1 1 10 100 12 1 1 8 1 8 1 10 12 10 100 12 1 1 1 10 100 1 10 100 12 1 1 1 18 11 100 12 1 1 1 18 12 1 11 12 1 1 100 1 10 100 12 1 1 10 12 1 1 8 10 12 1 1 10 100 12 1 1 1 10 100 12 1 1 10 12 1 8 1 10 12 1 100 1 100 1 10 12 1 1 1 1 1 1 1 1 1 1 1 1 1 1 1 1 1 1 1 1 1 1 1 1 1 1 1 1 1 1 1 1 1 1 1 1 1 1 1 1 1 1 1 1 1 1 1 1 1 1 1 1 1 1 1 1 1 1 1 1 1 1 1 1 1 1 1 1 1 1 1 1 1 1 1 100 1 1 16 1 15 10 12 16 15 11 100 12 1 1 1 16 1 16 1 15 10 12 16 15 10 100 12 1 1 1 1 1 1 1 1 100 1 100 1 1
ciInstanceKlass jdk/internal/vm/StackChunk 0 0 32 10 100 12 1 1 1 9 100 12 1 1 1 9 12 1 1 9 12 1 1 1 1 1 1 1 1 1 1 1 1 1
instanceKlass jdk/internal/reflect/FieldAccessorImpl
instanceKlass jdk/internal/reflect/ConstructorAccessorImpl
instanceKlass jdk/internal/reflect/MethodAccessorImpl
ciInstanceKlass jdk/internal/reflect/MagicAccessorImpl 1 1 16 10 7 12 1 1 1 100 1 1 1 1 1 1 1 1
ciInstanceKlass jdk/internal/reflect/MethodAccessor 1 0 17 100 1 100 1 1 1 1 100 1 100 1 1 1 1 1 1
instanceKlass jdk/internal/reflect/DirectMethodHandleAccessor
ciInstanceKlass jdk/internal/reflect/MethodAccessorImpl 1 1 38 10 7 12 1 1 1 10 100 12 1 1 1 100 1 1 1 1 1 1 1 100 1 100 1 1 1 1 1 1 1 1 1 1 1 1 1 1
ciInstanceKlass jdk/internal/reflect/ConstructorAccessor 1 0 16 100 1 100 1 1 1 1 100 1 100 1 100 1 1 1
instanceKlass jdk/internal/reflect/DirectConstructorHandleAccessor$NativeAccessor
instanceKlass jdk/internal/reflect/DirectConstructorHandleAccessor
instanceKlass jdk/internal/reflect/NativeConstructorAccessorImpl
ciInstanceKlass jdk/internal/reflect/ConstructorAccessorImpl 1 1 27 10 7 12 1 1 1 100 1 100 1 1 1 1 1 1 1 1 1 100 1 100 1 100 1 1 1
ciInstanceKlass jdk/internal/reflect/DelegatingClassLoader 0 0 18 10 100 12 1 1 1 100 1 1 1 1 1 1 1 1 1 1
ciInstanceKlass jdk/internal/reflect/ConstantPool 1 1 142 10 100 12 1 1 1 9 7 12 1 1 1 10 12 1 1 10 12 1 1 10 12 1 10 12 1 1 10 12 1 1 10 12 1 10 12 1 1 10 12 1 10 12 1 1 10 12 1 10 12 1 10 12 1 10 12 1 1 10 12 1 1 10 12 1 1 10 12 1 1 10 12 1 10 12 1 1 10 100 12 1 1 1 8 11 7 12 1 1 1 10 7 12 1 1 1 1 1 1 1 1 1 1 1 1 1 1 1 1 1 1 1 1 1 1 1 1 1 1 1 1 1 1 1 1 1 1 1 1 1 1 1 1 1 1 1 1 1 1 1 1
ciInstanceKlass jdk/internal/reflect/FieldAccessor 1 0 48 100 1 100 1 1 1 1 100 1 1 1 1 1 1 1 1 1 1 1 1 1 1 1 1 1 1 1 100 1 1 1 1 1 1 1 1 1 1 1 1 1 1 1 1 1 1 1
instanceKlass jdk/internal/reflect/MethodHandleFieldAccessorImpl
instanceKlass jdk/internal/reflect/UnsafeFieldAccessorImpl
ciInstanceKlass jdk/internal/reflect/FieldAccessorImpl 1 1 269 10 7 12 1 1 1 9 7 12 1 1 1 10 100 12 1 1 1 10 100 12 1 1 10 100 12 1 1 1 10 12 1 1 100 1 10 10 12 1 1 10 12 1 1 8 1 10 10 12 1 100 1 8 1 10 12 1 8 1 10 12 1 8 1 10 12 1 100 1 10 12 1 1 10 8 1 10 12 1 1 8 1 10 100 12 1 1 8 1 10 100 12 1 1 8 1 10 100 12 1 1 8 1 10 100 12 1 1 8 1 10 100 12 1 1 8 1 10 100 12 1 1 8 1 10 100 12 1 1 8 1 10 100 12 1 1 10 12 1 1 8 1 10 12 1 1 10 100 12 1 1 1 8 1 10 12 1 8 1 8 1 8 1 8 1 10 100 12 1 1 1 8 1 8 1 8 1 10 12 100 1 1 1 1 1 1 1 1 1 1 1 1 1 1 1 1 1 1 1 1 1 1 1 1 1 1 1 1 1 1 1 1 1 1 1 1 1 1 1 1 1 1 1 1 1 1 1 1 1 1 1 1 1 1 1 1 1 1 1 1 1 1 1 1 1 1 1 1 1 1 1 1 1 1 1 1 1 1 1 1 1 1 1 1 1 1 1 1
instanceKlass jdk/internal/reflect/UnsafeStaticFieldAccessorImpl
ciInstanceKlass jdk/internal/reflect/UnsafeFieldAccessorImpl 0 0 62 10 100 12 1 1 1 10 100 12 1 1 1 10 100 12 1 1 1 9 100 12 1 1 10 12 1 9 12 1 1 10 100 12 1 1 1 9 12 1 1 10 12 1 10 12 1 1 1 1 1 1 1 1 1 1 1 1 1 1 1 1
ciInstanceKlass jdk/internal/reflect/UnsafeStaticFieldAccessorImpl 0 0 47 10 100 12 1 1 1 9 100 12 1 1 1 10 100 12 1 1 1 9 12 1 1 8 11 100 12 1 1 1 10 100 12 1 1 1 1 1 1 1 1 1 1 1 1 1 1
ciInstanceKlass java/lang/annotation/Annotation 1 1 17 100 1 100 1 1 1 1 1 1 1 1 1 1 1 1 1
ciInstanceKlass jdk/internal/reflect/CallerSensitive 0 0 17 100 1 100 1 100 1 1 1 1 1 1 1 1 1 1 1
ciInstanceKlass jdk/internal/reflect/NativeConstructorAccessorImpl 0 0 125 10 100 12 1 1 1 9 100 12 1 1 1 100 1 10 12 1 9 12 1 1 9 12 1 1 10 100 12 1 1 1 10 100 12 1 1 1 10 100 12 1 1 1 9 12 1 9 12 1 1 9 12 1 1 10 100 12 1 1 1 100 1 10 10 12 1 1 10 12 1 10 12 1 1 10 12 1 100 1 10 12 1 1 10 12 1 1 8 10 12 1 1 1 1 1 1 1 1 1 1 1 1 1 1 1 1 1 1 1 1 1 1 100 1 100 1 100 1 1 1 1 1 1 1
instanceKlass java/lang/invoke/DelegatingMethodHandle
instanceKlass java/lang/invoke/BoundMethodHandle
instanceKlass java/lang/invoke/DirectMethodHandle
ciInstanceKlass java/lang/invoke/MethodHandle 1 1 733 100 1 9 7 12 1 1 1 10 7 12 1 1 1 10 7 12 1 1 1 7 1 7 1 10 12 1 1 9 12 1 1 10 12 1 10 12 1 1 10 12 1 1 10 100 12 1 1 1 10 12 1 1 10 12 1 1 11 100 12 1 1 1 10 12 1 1 10 12 1 10 12 1 10 12 1 1 9 12 1 1 9 12 1 1 10 100 12 1 1 1 10 12 1 1 10 12 1 10 12 1 100 1 100 1 10 8 1 10 12 1 1 10 12 1 8 1 10 12 1 1 10 12 1 10 7 12 1 1 1 10 12 1 1 10 12 1 1 10 12 1 1 10 7 12 1 1 1 10 12 1 1 10 12 1 1 10 12 1 10 12 1 1 10 100 12 1 1 10 7 12 1 1 10 12 1 10 12 1 10 12 1 1 10 12 1 1 10 12 1 1 10 12 1 1 10 7 12 1 1 1 10 7 12 1 1 1 10 12 1 1 10 12 1 1 10 12 1 1 8 1 10 7 12 1 1 1 8 1 10 12 1 10 12 1 1 10 12 1 1 10 12 1 8 1 10 12 1 1 8 1 10 12 1 8 1 10 100 12 1 1 1 9 12 1 1 100 1 10 9 100 12 1 1 1 9 100 1 8 1 10 12 1 1 10 12 1 10 12 1 1 10 12 1 10 12 1 1 10 12 1 10 12 1 1 10 12 1 10 12 1 1 10 12 1 1 8 1 10 12 1 1 8 1 10 12 1 10 12 1 1 10 12 1 10 12 1 10 12 1 1 9 100 12 1 1 1 10 12 1 1 11 12 1 10 12 1 10 12 1 1 10 100 12 1 1 100 1 11 12 1 10 100 1 11 12 1 100 1 10 12 1 11 12 1 9 100 12 1 1 1 11 12 1 1 11 100 12 1 1 1 10 12 1 1 9 12 1 11 12 1 9 12 1 9 12 1 9 12 1 11 12 1 1 9 12 1 9 12 1 9 12 1 9 12 1 9 12 1 9 12 1 9 12 1 8 1 10 12 1 10 12 1 8 1 10 12 1 10 12 1 10 12 1 1 10 10 10 7 12 1 1 10 12 1 1 100 1 100 1 8 1 8 1 10 10 12 1 1 10 12 1 10 12 1 100 1 10 100 12 1 1 1 10 9 7 12 1 1 1 10 12 1 1 10 12 1 1 8 1 8 1 10 100 12 1 1 9 12 1 9 12 1 1 9 12 1 1 10 12 1 7 1 10 12 1 10 12 1 1 9 12 1 1 9 12 1 1 10 7 12 1 1 1 11 7 12 1 1 9 12 1 10 12 1 1 9 12 1 10 12 1 8 10 12 1 1 8 1 1 1 1 1 1 1 1 100 1 1 1 1 1 1 1 1 1 1 1 1 1 1 1 1 1 1 1 1 1 1 1 1 1 1 1 1 1 1 100 1 1 1 1 1 1 1 1 1 1 1 1 1 1 1 1 1 1 1 1 1 1 1 1 1 1 1 1 1 1 1 1 1 1 1 1 1 1 1 1 1 1 1 1 1 1 1 1 1 1 1 1 1 1 1 1 1 1 1 1 1 1 1 1 1 1 1 1 1 1 1 1 1 1 1 1 1 1 1 1 1 1 1 1 1 1 100 1 1 100 1 100 1 100 1 1 100 1 1 100 1 1 1 1
staticfield java/lang/invoke/MethodHandle FORM_OFFSET J 20
staticfield java/lang/invoke/MethodHandle UPDATE_OFFSET J 13
staticfield java/lang/invoke/MethodHandle $assertionsDisabled Z 1
instanceKlass java/lang/invoke/DirectMethodHandle$Interface
instanceKlass java/lang/invoke/DirectMethodHandle$Special
instanceKlass java/lang/invoke/DirectMethodHandle$Constructor
instanceKlass java/lang/invoke/DirectMethodHandle$Accessor
instanceKlass java/lang/invoke/DirectMethodHandle$StaticAccessor
ciInstanceKlass java/lang/invoke/DirectMethodHandle 1 1 923 7 1 7 1 100 1 7 1 7 1 10 7 12 1 1 1 10 7 12 1 1 1 100 1 10 12 1 10 12 1 1 10 7 12 1 1 10 12 1 1 10 12 1 10 12 1 7 1 10 12 1 1 10 12 1 1 10 12 1 10 12 1 1 10 7 12 1 1 1 10 12 1 9 12 1 1 100 1 10 9 12 1 1 9 12 1 10 12 1 10 12 1 10 12 1 1 10 12 1 10 12 1 10 12 1 10 7 12 1 1 1 10 12 1 10 12 1 1 8 1 10 12 1 1 7 1 10 12 1 7 1 10 10 12 1 10 12 1 10 12 1 10 7 12 1 1 1 10 12 1 1 7 1 10 12 1 10 12 1 7 1 10 12 1 10 12 1 1 10 12 1 1 10 12 1 8 10 100 12 1 1 1 10 12 1 10 12 1 10 12 1 1 10 12 1 9 7 12 1 1 1 7 1 10 12 1 10 7 12 1 1 1 10 12 1 10 12 1 1 9 12 1 1 100 1 10 8 1 10 12 1 1 10 12 1 1 8 1 10 12 1 10 12 1 10 10 12 1 10 12 1 10 12 1 10 12 1 10 12 1 1 10 12 1 10 12 1 1 10 12 1 10 12 1 1 10 10 7 12 1 1 1 10 12 1 10 12 1 1 10 12 1 10 12 1 1 8 1 9 7 12 1 1 1 8 1 9 12 1 9 12 1 8 1 9 12 1 9 12 1 8 1 9 12 1 9 12 1 8 1 10 12 1 10 12 1 1 9 12 1 1 7 1 10 12 1 1 100 1 10 7 12 1 1 1 10 12 1 1 10 12 1 10 12 1 1 7 1 10 12 1 1 10 12 1 10 12 1 1 7 1 10 12 1 1 10 12 1 10 7 12 1 1 1 10 12 1 10 12 1 1 10 12 1 9 12 1 1 10 7 1 9 12 9 12 1 10 7 12 1 1 1 10 12 1 7 1 7 1 7 1 9 12 1 1 10 7 12 1 1 1 10 12 10 12 1 100 1 10 12 1 10 12 1 1 8 1 9 12 1 9 12 1 10 12 1 1 9 12 1 1 10 100 12 1 1 1 9 12 1 1 9 12 1 1 10 12 1 10 12 1 10 12 1 10 12 1 1 10 12 1 9 12 1 10 12 1 10 12 1 10 12 1 10 12 1 1 10 12 1 1 9 12 1 1 10 12 1 1 9 7 12 1 1 1 9 12 1 9 12 1 9 12 1 9 12 1 9 12 1 9 12 1 9 12 1 9 12 1 9 12 1 9 12 1 9 12 1 9 12 1 9 12 1 9 12 1 9 12 1 9 12 1 9 12 1 9 12 1 9 12 1 9 12 1 9 12 1 9 12 1 9 12 1 9 12 1 9 12 1 9 12 1 9 12 1 9 12 1 9 12 1 9 12 1 9 12 1 9 12 1 9 12 1 9 12 1 9 12 1 9 12 1 8 1 9 12 1 1 9 12 1 1 10 12 1 10 12 1 1 9 7 1 10 12 1 9 12 1 1 10 12 10 12 1 10 12 1 10 12 1 10 12 1 10 8 1 8 1 8 1 8 1 10 12 1 1 9 12 1 1 10 12 1 10 100 12 1 1 1 8 9 12 1 1 10 12 1 1 8 1 8 8 9 12 1 8 1 8 8 8 8 8 1 8 10 12 1 7 1 10 12 1 8 1 8 1 10 12 1 10 12 1 10 12 1 10 12 1 1 7 1 1 1 1 3 1 3 1 3 1 3 1 3 1 3 1 3 1 3 1 3 1 3 1 1 1 1 1 1 1 1 1 1 3 1 3 1 1 1 1 3 1 1 1 1 1 1 1 1 1 1 1 1 1 1 1 1 1 1 1 1 1 1 1 1 1 1 1 1 1 1 1 1 1 1 1 1 1 1 1 1 1 1 1 1 1 1 1 1 1 1 1 1 1 1 1 1 1 100 1 1 1 1 1 1 1 1 1 100 1 1 1 1 1 1 1 1 1 1 1 1 1 1 1 1 1 1 1 1 1 1 1 1 1 1 1 1 1 1 1 1 1 1 1 1 1 1 1 1 1 1 1 1 1 1 1 1 1 1 1 1
staticfield java/lang/invoke/DirectMethodHandle IMPL_NAMES Ljava/lang/invoke/MemberName$Factory; java/lang/invoke/MemberName$Factory
staticfield java/lang/invoke/DirectMethodHandle FT_UNCHECKED_REF I 8
staticfield java/lang/invoke/DirectMethodHandle ACCESSOR_FORMS [Ljava/lang/invoke/LambdaForm; 132 [Ljava/lang/invoke/LambdaForm;
staticfield java/lang/invoke/DirectMethodHandle ALL_WRAPPERS [Lsun/invoke/util/Wrapper; 10 [Lsun/invoke/util/Wrapper;
staticfield java/lang/invoke/DirectMethodHandle NFS [Ljava/lang/invoke/LambdaForm$NamedFunction; 12 [Ljava/lang/invoke/LambdaForm$NamedFunction;
staticfield java/lang/invoke/DirectMethodHandle OBJ_OBJ_TYPE Ljava/lang/invoke/MethodType; java/lang/invoke/MethodType
staticfield java/lang/invoke/DirectMethodHandle LONG_OBJ_TYPE Ljava/lang/invoke/MethodType; java/lang/invoke/MethodType
staticfield java/lang/invoke/DirectMethodHandle $assertionsDisabled Z 1
ciInstanceKlass java/lang/invoke/DirectMethodHandle$StaticAccessor 1 1 96 10 7 12 1 1 1 10 7 12 1 1 1 9 7 12 1 1 1 9 12 1 1 9 12 1 1 10 7 12 1 1 1 9 12 1 1 9 12 1 1 10 12 1 9 12 1 10 12 1 1 100 1 10 12 1 9 12 1 1 10 12 1 1 10 12 1 1 1 1 1 1 1 1 1 1 1 1 1 1 1 1 1 1 1 1 1 1 1 1 1 1 1 1 1 1
staticfield java/lang/invoke/DirectMethodHandle$StaticAccessor $assertionsDisabled Z 1
ciInstanceKlass java/lang/invoke/DirectMethodHandle$Accessor 1 1 93 10 7 12 1 1 1 10 7 12 1 1 1 9 7 12 1 1 1 9 12 1 1 10 7 12 1 1 1 9 12 1 1 9 12 1 1 10 12 1 9 12 1 10 12 1 1 100 1 10 12 1 9 12 1 1 10 12 1 1 10 12 1 1 1 1 1 1 1 1 1 1 1 1 1 1 1 1 1 1 1 1 1 1 1 1 1 1 1 1 1 1 1
staticfield java/lang/invoke/DirectMethodHandle$Accessor $assertionsDisabled Z 1
instanceKlass java/lang/invoke/VarHandleByteArrayAsDoubles$ByteArrayViewVarHandle
instanceKlass java/lang/invoke/VarHandleByteArrayAsLongs$ByteArrayViewVarHandle
instanceKlass java/lang/invoke/VarHandleByteArrayAsFloats$ByteArrayViewVarHandle
instanceKlass java/lang/invoke/VarHandleByteArrayAsInts$ByteArrayViewVarHandle
instanceKlass java/lang/invoke/VarHandleByteArrayAsChars$ByteArrayViewVarHandle
instanceKlass java/lang/invoke/VarHandleByteArrayAsShorts$ByteArrayViewVarHandle
instanceKlass java/lang/invoke/VarHandleReferences$Array
instanceKlass java/lang/invoke/VarHandleInts$FieldInstanceReadOnly
instanceKlass java/lang/invoke/VarHandleReferences$FieldInstanceReadOnly
ciInstanceKlass java/lang/invoke/VarHandle 1 1 473 10 7 12 1 1 1 10 7 12 1 1 9 12 1 1 9 12 1 1 100 1 10 8 1 10 12 1 1 10 7 12 1 1 1 10 12 1 1 10 100 12 1 1 1 9 100 12 1 1 1 10 12 1 1 10 100 12 1 1 1 10 12 1 1 9 12 1 10 12 1 9 12 1 1 10 100 12 1 1 10 12 1 9 100 12 1 1 1 9 12 1 1 10 12 1 1 100 1 100 1 10 8 1 10 12 1 1 10 12 1 8 1 10 12 1 10 12 1 9 12 1 1 9 12 1 10 12 1 10 12 1 1 10 12 1 10 10 100 12 1 1 1 10 12 1 1 10 12 1 1 10 100 12 1 1 1 10 100 12 1 1 1 10 100 12 1 1 1 9 12 1 1 9 10 12 1 10 12 1 10 12 1 1 10 12 1 10 100 12 1 1 1 9 12 1 1 10 12 1 1 9 12 1 10 12 1 10 12 1 10 100 12 1 1 100 1 10 9 7 12 1 1 1 9 12 1 1 10 7 12 1 1 1 10 12 1 10 12 1 10 12 1 10 12 1 10 12 1 10 12 1 1 8 10 12 1 1 7 1 10 12 1 1 100 1 1 1 1 1 1 1 1 1 1 1 1 1 1 1 1 1 1 1 1 1 1 1 1 1 1 1 1 1 1 1 1 1 1 1 1 1 1 1 1 1 1 1 1 1 1 1 1 1 1 1 1 1 1 1 1 1 1 1 1 1 1 1 1 1 1 1 1 100 1 1 1 1 1 1 1 1 100 1 1 1 1 1 1 1 1 1 1 1 1 100 1 100 1 1 100 1 100 1 100 1 100 1 100 1 100 1 100 1 100 1 100 1 100 1 100 1 100 1 100 1 100 1 100 1 100 1 100 1 100 1 100 1 100 1 100 1 100 1 100 1 100 1 100 1 100 1 100 1 100 1 100 1 100 1 100 1 100 1 100 1 100 1 100 1 1 1 1 1 1 100 1 1 1 100 1 1 100 1 100 1 100 1 100 1 100 1 100 1 1 1 1 100 1 100 1 100 1 100 1 100 1 100 1 100 1 100 1
staticfield java/lang/invoke/VarHandle VFORM_OFFSET J 16
staticfield java/lang/invoke/VarHandle $assertionsDisabled Z 1
ciInstanceKlass java/lang/invoke/MemberName 1 1 724 7 1 7 1 100 1 9 12 1 1 10 7 12 1 1 1 9 12 1 1 10 12 1 1 10 12 1 1 10 12 1 1 10 12 1 10 12 1 1 10 7 12 1 1 1 10 12 1 9 7 12 1 1 10 12 1 100 1 100 1 10 12 1 8 1 10 12 1 1 10 12 1 10 12 1 1 10 12 1 9 12 1 1 8 1 10 100 12 1 1 1 7 1 10 10 12 1 1 7 1 7 1 10 12 1 9 12 1 1 100 1 8 1 10 12 1 10 12 1 10 12 1 10 12 1 10 12 1 1 10 12 1 10 12 1 10 12 1 1 8 1 8 1 10 12 1 8 1 9 12 1 1 3 10 12 1 10 12 1 10 12 1 10 10 7 12 1 1 1 10 12 1 10 12 1 10 12 1 10 12 1 7 1 8 10 12 1 1 10 12 1 1 8 1 9 100 1 8 9 100 1 10 12 1 1 10 12 1 10 12 1 8 1 10 12 1 1 10 12 1 10 12 1 10 12 1 10 12 1 1 100 1 10 12 1 1 10 12 1 8 1 10 12 1 10 12 1 8 1 10 12 1 1 10 12 1 1 100 1 10 12 1 1 10 12 8 1 8 1 100 1 10 12 1 10 100 12 1 1 1 100 1 10 12 10 12 1 10 12 1 10 12 1 10 12 1 10 10 12 1 10 12 1 10 12 1 3 10 12 1 3 10 12 1 3 3 3 3 3 3 10 12 1 3 9 12 1 10 12 1 1 3 10 12 1 10 10 7 12 1 1 1 10 12 1 1 10 7 12 1 1 10 10 12 1 10 12 1 1 10 12 1 10 10 12 1 1 10 12 1 10 12 1 10 12 1 100 1 10 10 10 12 100 1 10 10 10 12 1 1 10 12 1 1 10 10 12 1 8 10 7 1 10 12 1 10 7 1 10 12 1 10 12 1 10 12 1 10 10 12 1 10 12 1 1 10 12 1 1 10 12 1 10 12 1 10 12 1 100 1 10 12 1 1 100 1 8 1 10 7 1 10 12 1 10 12 10 12 1 1 10 12 1 10 12 1 8 1 8 1 8 1 8 1 10 12 1 10 12 1 10 7 12 1 1 1 8 1 8 1 10 12 1 8 1 10 10 10 12 1 10 12 1 8 1 8 1 10 10 12 1 8 1 10 100 12 1 1 1 8 1 100 1 10 12 1 10 12 1 1 10 12 1 8 1 8 1 8 1 8 1 100 1 10 8 1 8 1 8 1 8 1 10 12 1 100 1 100 1 100 1 10 100 1 10 100 1 10 100 12 1 1 1 9 7 12 1 1 1 100 1 100 1 1 1 1 1 1 1 3 1 3 1 3 1 3 1 3 1 3 1 1 1 1 1 1 1 1 3 1 3 1 1 1 1 1 1 1 1 1 1 1 1 1 1 1 1 1 1 1 1 1 1 1 1 1 1 1 1 1 1 1 1 1 1 1 1 1 1 1 1 1 1 1 1 1 1 1 1 1 1 1 1 1 1 1 1 1 1 1 1 1 1 1 1 1 1 1 1 1 1 1 1 1 1 1 1 1 1 1 1 1 1 1 1 1 1 1 1 1 1 1 1 1 1 1 1 100 1 1 1 1 1 1 1 1 1 1 1 1 1 1 1
staticfield java/lang/invoke/MemberName $assertionsDisabled Z 1
ciInstanceKlass java/lang/invoke/ResolvedMethodName 1 1 16 10 100 12 1 1 1 100 1 1 1 1 1 1 1 1
ciInstanceKlass java/lang/invoke/MethodHandleNatives 1 1 685 100 1 10 7 12 1 1 1 9 7 12 1 1 1 10 12 1 1 100 1 10 10 12 1 1 10 12 1 10 12 1 8 1 8 1 8 1 8 1 8 1 8 1 8 1 8 1 8 1 8 1 10 12 1 1 7 1 10 7 12 1 1 1 10 100 12 1 1 1 7 1 10 10 12 1 1 8 1 10 12 1 8 1 10 12 1 1 8 1 10 12 1 1 9 100 12 1 1 1 8 1 10 100 12 1 1 1 100 1 10 12 100 1 100 1 8 1 7 1 10 10 12 1 7 1 9 7 12 1 1 10 12 1 1 10 12 1 10 7 12 1 1 1 10 12 1 1 9 12 1 8 1 10 12 1 1 10 12 1 8 1 10 12 1 1 7 1 10 12 1 10 7 12 1 1 1 10 12 1 10 12 1 1 10 12 1 1 8 1 10 12 1 1 8 1 10 12 1 8 1 8 1 8 1 100 1 10 12 1 8 1 10 100 12 1 1 1 10 12 1 1 10 100 12 1 1 10 10 12 1 1 10 12 1 10 100 12 1 1 1 100 1 8 1 10 100 12 1 1 1 7 1 8 1 10 12 1 8 1 8 1 8 1 8 1 8 1 10 12 1 1 10 12 1 1 10 12 1 10 12 1 1 10 12 1 1 7 1 10 12 1 100 1 100 1 10 12 1 10 12 1 8 1 8 1 10 10 12 1 1 10 12 1 1 8 1 10 100 12 1 1 8 1 8 1 10 12 1 1 10 7 12 1 1 1 100 1 10 12 1 1 7 1 9 12 1 1 10 7 12 1 1 1 10 10 12 1 9 12 1 10 12 1 9 12 1 9 12 1 10 12 1 1 10 12 1 10 12 1 1 7 1 7 1 10 12 1 1 10 12 1 10 12 1 1 10 7 12 1 1 1 10 12 1 8 1 10 12 1 10 12 1 10 12 1 1 10 12 1 10 7 12 1 1 1 10 12 1 1 100 1 8 1 10 9 7 12 1 1 1 10 12 1 1 10 12 1 1 100 1 10 12 1 1 10 12 1 1 100 1 100 1 10 10 100 1 100 1 10 100 1 10 10 12 1 1 10 100 1 10 12 1 10 12 1 1 10 12 1 1 10 12 1 1 10 12 1 10 12 1 1 10 8 1 10 12 1 10 12 1 10 12 1 10 12 1 10 12 1 1 10 12 1 10 12 1 10 12 1 10 10 7 12 1 1 10 12 1 1 1 1 1 1 1 1 1 1 1 1 1 100 1 1 1 1 1 1 1 1 1 1 1 1 1 1 1 1 1 1 1 1 1 1 1 1 1 1 1 1 1 1 1 1 1 1 1 1 1 1 1 1 1 1 1 1 1 1 1 1 1 1 1 1 1 1 1 1 1 1 1 1 1 1 1 100 1 1 1 1 1 1 1 1 1 1 1 1 1 1 1 1 1 1 1 1 1 1 1 1 1 1 1 1 1 1 1 1 1 100 1 1 1 1 1 1 1 1 1 1 1 1 1 1 1 1 1 1 1 1 1 1 1 1 1 1 1 1 1 1 1 1 100 1 1
staticfield java/lang/invoke/MethodHandleNatives $assertionsDisabled Z 1
ciInstanceKlass java/lang/invoke/LambdaForm 1 1 1059 7 1 100 1 10 7 12 1 1 1 9 12 1 1 9 12 1 9 12 1 9 12 1 1 9 12 1 1 9 12 1 1 9 12 1 1 9 12 1 1 9 12 1 10 7 12 1 1 9 12 1 10 12 1 1 100 1 10 10 12 1 1 10 12 1 10 12 1 10 12 1 1 10 12 1 9 12 1 9 12 1 10 12 1 1 10 7 12 1 1 1 10 12 1 1 9 100 12 1 1 1 10 12 1 1 9 7 12 1 1 10 12 1 10 12 1 1 10 12 1 1 10 12 1 1 7 1 10 7 12 1 1 1 10 12 1 1 10 12 1 10 12 1 1 9 12 1 1 9 12 1 9 12 1 1 10 12 1 9 12 1 10 100 12 1 1 1 10 12 1 1 100 1 10 12 1 9 12 1 1 10 100 12 1 1 1 10 12 1 10 12 1 7 1 10 12 1 10 12 1 10 12 1 1 10 12 1 1 10 12 1 10 12 1 10 12 1 10 12 1 1 8 1 10 12 1 10 12 1 10 10 12 1 8 1 8 1 9 12 1 9 12 1 1 10 12 1 1 10 12 1 9 12 1 10 12 1 1 10 7 12 1 1 1 10 12 1 1 10 12 1 10 12 1 10 100 12 1 1 1 9 12 1 10 12 1 8 1 8 1 8 1 8 1 8 1 8 1 8 1 8 1 10 12 1 9 12 1 7 1 10 12 1 1 9 12 1 10 12 1 10 12 1 1 10 12 10 12 1 10 12 1 1 10 12 1 1 10 10 12 1 1 10 12 1 1 7 1 8 1 10 12 1 1 10 12 1 10 12 1 1 10 8 1 10 12 1 1 8 1 8 1 8 1 10 12 1 10 12 1 10 12 1 1 100 1 10 12 1 1 10 12 1 1 10 7 12 1 1 1 10 12 1 1 9 12 1 1 8 1 10 100 12 1 1 1 10 7 12 1 1 10 12 10 12 1 1 10 12 1 1 9 12 1 8 10 12 1 1 100 1 10 12 1 1 10 12 1 9 7 12 1 1 9 100 12 1 1 1 8 1 10 100 12 1 1 10 12 1 1 100 1 100 1 10 10 12 1 1 10 12 1 1 8 1 8 1 100 1 8 1 10 12 10 12 1 10 12 1 10 12 1 1 8 1 8 1 10 12 1 10 12 1 1 8 1 8 1 8 1 100 1 8 1 100 1 8 1 100 1 8 1 10 12 1 8 1 9 10 7 12 1 1 1 10 12 1 9 12 1 1 10 12 1 10 10 12 1 10 12 1 10 12 1 10 12 1 1 10 12 1 10 12 1 1 10 12 1 1 10 12 1 1 10 12 1 1 8 1 100 10 12 1 10 12 1 9 12 1 1 10 7 12 1 1 8 1 8 1 100 1 8 1 8 1 8 1 8 1 8 1 8 1 8 1 8 1 10 12 1 1 10 12 1 1 10 12 1 10 12 1 10 12 1 10 12 1 8 1 8 1 8 1 10 12 1 8 1 10 12 1 8 1 8 1 8 1 8 1 8 1 10 12 1 10 12 1 10 12 1 1 10 7 12 1 1 1 10 12 1 10 12 1 10 12 1 10 12 1 10 12 1 10 12 1 10 12 1 9 12 1 1 8 1 10 12 1 1 9 12 1 1 10 12 1 1 9 12 1 9 12 1 1 9 12 1 9 12 1 1 7 1 10 7 12 1 1 1 9 12 1 10 12 1 10 12 1 8 1 10 12 1 9 12 1 1 7 1 10 7 12 1 1 1 8 1 100 1 10 12 1 9 12 1 9 12 1 10 12 1 10 12 1 10 7 12 1 1 1 10 12 1 9 7 12 1 1 10 12 1 1 10 12 1 10 12 1 10 12 1 9 12 10 12 1 10 10 12 1 9 12 1 9 9 12 1 7 9 12 1 1 10 12 1 1 9 12 1 10 12 1 10 7 1 9 1 1 1 1 3 1 3 1 1 3 1 3 1 1 1 1 1 1 1 1 1 1 1 1 1 1 1 1 1 1 1 1 1 1 1 1 1 1 1 1 1 1 1 1 1 1 1 1 1 1 1 1 1 1 1 1 1 1 1 1 1 1 1 100 1 1 1 1 1 1 1 1 1 1 1 1 1 1 1 1 1 1 1 1 1 1 1 1 1 1 1 1 1 1 1 1 1 1 1 1 1 1 1 1 1 1 1 1 1 1 1 1 1 1 1 1 1 1 1 1 1 1 1 1 1 1 100 1 1 1 1 1 1 1 1 1 1 1 1 1 1 1 1 1 1 1 1 1 1 1 1 1 1 1 1 1 1 1 1 1 1 100 1 1 1 1 1 1 1 1 1 1 1 1 1 1 1 1 1 1 1 1 1 1 100 1 1 1 100 1 1 100 1 1 1 1 1 1 1 1 1 1 1
staticfield java/lang/invoke/LambdaForm DEFAULT_CUSTOMIZED Ljava/lang/invoke/MethodHandle; 
staticfield java/lang/invoke/LambdaForm DEFAULT_KIND Ljava/lang/invoke/LambdaForm$Kind; java/lang/invoke/LambdaForm$Kind
staticfield java/lang/invoke/LambdaForm COMPILE_THRESHOLD I 0
staticfield java/lang/invoke/LambdaForm INTERNED_ARGUMENTS [[Ljava/lang/invoke/LambdaForm$Name; 5 [[Ljava/lang/invoke/LambdaForm$Name;
staticfield java/lang/invoke/LambdaForm IMPL_NAMES Ljava/lang/invoke/MemberName$Factory; java/lang/invoke/MemberName$Factory
staticfield java/lang/invoke/LambdaForm LF_identity [Ljava/lang/invoke/LambdaForm; 6 [Ljava/lang/invoke/LambdaForm;
staticfield java/lang/invoke/LambdaForm LF_zero [Ljava/lang/invoke/LambdaForm; 6 [Ljava/lang/invoke/LambdaForm;
staticfield java/lang/invoke/LambdaForm NF_identity [Ljava/lang/invoke/LambdaForm$NamedFunction; 6 [Ljava/lang/invoke/LambdaForm$NamedFunction;
staticfield java/lang/invoke/LambdaForm NF_zero [Ljava/lang/invoke/LambdaForm$NamedFunction; 6 [Ljava/lang/invoke/LambdaForm$NamedFunction;
staticfield java/lang/invoke/LambdaForm createFormsLock Ljava/lang/Object; java/lang/Object
staticfield java/lang/invoke/LambdaForm DEBUG_NAME_COUNTERS Ljava/util/HashMap; 
staticfield java/lang/invoke/LambdaForm DEBUG_NAMES Ljava/util/HashMap; 
staticfield java/lang/invoke/LambdaForm TRACE_INTERPRETER Z 0
staticfield java/lang/invoke/LambdaForm $assertionsDisabled Z 1
ciInstanceKlass java/lang/invoke/TypeDescriptor$OfMethod 1 0 43 100 1 100 1 100 1 1 1 1 1 1 1 1 1 1 1 1 1 1 1 1 1 1 1 1 1 1 1 1 1 1 1 1 1 1 1 1 1 1 100 1 1
ciInstanceKlass java/lang/invoke/MethodType 1 1 780 7 1 10 7 12 1 1 1 9 12 1 1 9 12 1 1 9 12 1 1 10 7 12 1 1 1 9 7 12 1 1 8 1 10 100 12 1 1 1 9 7 1 9 7 1 10 12 1 1 100 1 10 8 1 10 12 1 1 10 12 1 10 12 1 1 100 1 8 1 10 12 1 100 1 10 10 12 1 10 12 1 1 10 12 1 1 11 7 12 1 1 1 9 12 1 11 12 1 1 7 10 12 1 1 10 12 1 1 7 1 7 1 10 7 12 1 1 1 10 12 1 10 12 1 9 12 1 1 10 7 12 1 1 10 12 1 1 10 7 12 1 1 1 10 7 12 1 1 1 10 12 1 9 12 1 1 10 12 1 1 10 12 1 1 10 12 1 1 10 12 1 1 10 12 1 1 10 12 1 10 12 1 10 12 1 1 10 12 1 8 1 8 1 10 12 1 1 9 12 1 1 100 1 10 10 12 1 1 10 12 1 10 12 1 1 10 12 1 1 10 12 1 10 12 1 10 12 1 8 1 10 12 1 1 10 100 12 1 1 1 10 12 1 10 12 1 1 10 12 1 10 12 1 10 12 1 1 10 12 1 10 12 1 9 12 1 10 12 1 10 10 12 1 1 10 12 1 9 12 1 1 10 12 1 1 11 12 1 1 10 12 1 1 10 12 1 10 12 1 100 1 8 1 8 1 8 1 10 12 1 10 12 1 10 12 1 1 10 10 12 1 11 12 1 1 11 12 1 10 100 12 1 1 1 9 12 1 10 12 1 10 12 1 1 10 12 1 1 10 12 1 10 12 1 10 100 12 1 1 1 10 12 1 1 10 12 1 10 12 1 10 12 1 10 9 12 1 1 7 1 10 12 1 10 12 1 1 9 100 12 1 1 1 10 100 12 1 1 1 10 100 12 1 1 1 10 12 1 1 10 100 12 1 1 1 10 12 1 1 8 1 10 7 12 1 1 1 11 12 1 1 9 12 1 1 10 12 1 1 10 12 1 10 12 1 1 10 12 1 1 10 100 12 1 1 100 1 10 12 1 1 11 100 12 1 1 18 12 1 1 11 12 1 1 18 12 1 11 12 1 100 1 11 100 12 1 1 10 12 1 100 1 10 12 1 10 100 12 1 1 10 12 1 1 9 12 1 1 9 100 12 1 1 1 10 100 12 1 1 1 9 12 1 10 100 12 1 1 10 12 1 100 10 12 1 1 10 12 1 7 1 10 10 12 1 1 7 1 7 1 9 12 1 1 100 1 100 1 100 1 1 1 5 0 1 1 1 1 1 1 1 3 1 3 1 3 1 1 1 1 1 1 1 1 1 1 1 1 1 1 1 1 1 1 1 1 1 1 1 1 1 1 1 1 1 1 1 1 1 1 1 1 1 1 1 1 1 1 1 1 1 1 1 1 1 1 1 1 1 1 1 1 1 1 1 1 1 1 1 1 1 1 1 1 1 1 1 1 1 1 1 1 1 1 1 1 1 1 1 1 1 1 1 1 1 1 1 1 1 1 1 1 1 1 1 1 1 1 1 1 1 1 1 1 1 1 1 1 1 1 1 1 1 1 1 1 1 1 1 1 1 1 1 1 1 1 100 1 100 1 1 1 1 1 1 1 1 1 1 1 1 1 100 1 1 1 100 1 1 1 1 1 1 1 1 1 1 1 1 1 1 1 1 1 1 1 1 1 1 16 15 10 12 16 16 15 10 12 16 15 10 100 12 1 1 1 1 1 100 1 1 100 1 1 100 1 100 1 1
staticfield java/lang/invoke/MethodType internTable Ljdk/internal/util/ReferencedKeySet; jdk/internal/util/ReferencedKeySet
staticfield java/lang/invoke/MethodType NO_PTYPES [Ljava/lang/Class; 0 [Ljava/lang/Class;
staticfield java/lang/invoke/MethodType objectOnlyTypes [Ljava/lang/invoke/MethodType; 20 [Ljava/lang/invoke/MethodType;
staticfield java/lang/invoke/MethodType METHOD_HANDLE_ARRAY [Ljava/lang/Class; 1 [Ljava/lang/Class;
staticfield java/lang/invoke/MethodType serialPersistentFields [Ljava/io/ObjectStreamField; 0 [Ljava/io/ObjectStreamField;
staticfield java/lang/invoke/MethodType $assertionsDisabled Z 1
ciInstanceKlass java/lang/BootstrapMethodError 0 0 45 10 100 12 1 1 1 10 12 1 10 12 1 10 100 12 1 1 1 10 100 12 1 1 1 1 1 1 5 0 1 1 1 1 1 1 1 1 1 1 1 100 1 1 1
instanceKlass java/lang/invoke/VolatileCallSite
instanceKlass java/lang/invoke/MutableCallSite
instanceKlass java/lang/invoke/ConstantCallSite
ciInstanceKlass java/lang/invoke/CallSite 1 1 296 10 7 12 1 1 1 10 7 12 1 1 1 9 12 1 1 10 7 12 1 1 1 10 12 1 100 1 10 12 1 1 10 12 1 1 9 100 12 1 1 1 10 100 12 1 1 10 12 1 1 100 1 100 1 10 10 100 12 1 1 1 10 12 1 1 8 1 10 12 1 10 12 1 1 10 12 1 10 12 1 1 10 12 1 1 10 10 100 12 1 1 10 12 1 1 9 12 1 9 100 12 1 1 1 8 1 10 7 12 1 1 1 10 12 1 1 100 1 10 12 1 1 9 12 1 8 1 100 1 10 12 1 10 12 1 100 1 8 1 10 10 12 1 10 12 1 1 100 1 10 12 1 1 10 12 1 10 12 1 10 12 1 1 10 12 1 1 9 12 1 1 8 10 12 1 1 9 12 1 1 100 1 10 10 12 1 10 100 12 1 1 1 10 12 1 1 10 12 1 1 10 12 1 10 7 12 1 1 1 100 1 8 1 10 10 12 10 12 1 1 100 1 100 1 100 1 8 1 10 12 1 10 7 12 1 1 1 1 1 1 1 1 1 1 1 1 1 1 1 1 1 1 1 1 1 1 1 1 1 1 1 1 1 1 1 1 1 1 1 1 1 1 1 1 1 1 1 1 1 1 1 1 1 1 1 1 1 1 1 100 1 100 1 1 1
staticfield java/lang/invoke/CallSite $assertionsDisabled Z 1
ciInstanceKlass jdk/internal/foreign/abi/NativeEntryPoint 0 0 194 10 100 12 1 1 1 9 100 12 1 1 1 9 12 1 1 100 1 8 1 10 12 1 10 12 1 1 100 1 10 100 12 1 1 1 10 12 1 9 12 1 1 18 12 1 1 10 100 12 1 1 1 10 100 12 1 1 1 9 100 12 1 1 1 100 1 10 8 1 10 12 1 1 10 12 1 10 12 1 1 8 1 10 12 1 1 100 1 8 1 10 12 1 10 12 1 1 10 12 1 9 12 1 1 18 12 1 1 10 100 12 1 1 1 10 12 1 1 10 12 1 10 100 12 1 1 1 10 1 1 1 1 1 1 1 1 1 1 1 1 1 1 1 1 1 1 1 1 1 1 1 1 1 1 1 1 1 1 1 1 1 1 1 1 1 16 1 15 10 12 16 1 16 15 10 12 15 10 100 12 1 1 1 1 1 100 1 1 100 1 100 1 1
ciInstanceKlass jdk/internal/foreign/abi/ABIDescriptor 0 0 55 10 100 12 1 1 1 9 100 12 1 1 1 9 12 1 1 9 12 1 9 12 1 9 12 1 1 9 12 1 9 12 1 1 9 12 1 9 12 1 9 12 1 9 12 1 1 1 1 1 1 1 1 1 1
ciInstanceKlass jdk/internal/foreign/abi/VMStorage 0 0 91 10 100 12 1 1 1 9 100 12 1 1 1 9 12 1 1 9 12 1 1 9 12 1 1 100 1 10 8 1 10 12 1 1 10 12 1 10 12 1 1 10 12 1 18 12 1 18 12 1 1 18 12 1 1 1 1 1 1 1 1 1 1 1 1 1 1 1 1 1 1 1 8 1 15 15 15 15 15 10 100 12 1 1 1 1 100 1 100 1 1
ciInstanceKlass jdk/internal/foreign/abi/UpcallLinker$CallRegs 0 0 66 10 100 12 1 1 1 9 100 12 1 1 1 9 12 1 18 12 1 1 18 12 1 1 18 12 1 1 1 1 1 1 1 1 1 1 1 1 1 1 1 1 1 1 100 1 1 1 8 1 15 15 15 10 100 12 1 1 1 1 1 100 1 100 1 1
ciInstanceKlass java/lang/invoke/ConstantCallSite 1 1 65 10 7 12 1 1 1 9 7 12 1 1 1 9 12 1 1 10 7 12 1 1 1 10 12 1 100 1 10 12 9 12 1 1 100 1 10 10 12 1 1 10 12 1 1 1 1 1 1 1 1 1 1 1 1 1 100 1 1 1 1 1 1 1 1
staticfield java/lang/invoke/ConstantCallSite UNSAFE Ljdk/internal/misc/Unsafe; jdk/internal/misc/Unsafe
ciInstanceKlass java/lang/invoke/MutableCallSite 0 0 63 10 100 12 1 1 1 10 12 1 9 100 12 1 1 1 10 12 1 10 12 1 1 9 12 1 1 10 100 12 1 1 1 10 100 12 1 1 1 10 12 1 1 1 1 1 1 1 1 1 1 1 1 1 1 1 1 1 1 100 1 1 1
ciInstanceKlass java/lang/invoke/VolatileCallSite 0 0 37 10 100 12 1 1 1 10 12 1 10 100 12 1 1 1 10 12 1 10 12 1 1 1 1 1 1 1 1 1 1 1 1 1 1 1 1
ciInstanceKlass java/lang/AssertionStatusDirectives 0 0 24 10 100 12 1 1 1 100 1 1 1 1 1 1 1 1 1 1 1 1 1 1 1 1
ciInstanceKlass java/lang/Appendable 1 0 14 100 1 100 1 1 1 1 100 1 1 1 1 1
instanceKlass java/lang/StringBuilder
instanceKlass java/lang/StringBuffer
ciInstanceKlass java/lang/AbstractStringBuilder 1 1 599 7 1 10 7 12 1 1 1 9 7 12 1 1 1 9 12 1 9 12 1 1 9 12 1 1 10 7 12 1 1 1 10 12 1 1 7 1 3 3 10 12 1 10 12 1 1 11 7 1 100 1 100 1 10 8 1 10 12 1 10 12 1 10 12 1 1 10 12 1 10 12 1 9 12 1 10 12 1 9 12 1 1 10 12 1 1 10 7 12 1 1 1 10 10 12 1 10 12 1 10 12 1 1 10 12 1 1 10 7 12 1 1 1 10 7 12 1 1 1 100 1 8 1 10 10 12 1 1 100 1 10 12 10 12 1 1 10 10 12 1 1 10 12 1 1 10 12 1 1 10 12 1 1 10 10 7 12 1 1 1 10 12 1 100 1 10 10 100 12 1 1 1 9 12 1 1 9 12 1 10 12 1 1 10 10 12 1 1 10 12 10 12 1 10 12 1 1 10 12 1 1 10 12 1 1 10 12 1 10 12 1 1 10 12 1 1 10 12 1 10 12 1 1 8 1 10 12 1 1 10 12 1 10 12 1 10 12 1 10 12 1 10 12 1 10 12 1 10 7 12 1 1 10 12 1 10 12 1 10 100 12 1 1 1 100 1 100 1 10 12 1 10 100 12 1 1 10 12 1 10 12 1 10 12 1 10 12 1 1 10 12 1 10 12 1 1 10 12 1 1 10 10 7 12 1 1 1 10 12 1 10 12 1 10 12 1 1 10 12 1 10 12 1 10 12 1 10 12 1 10 12 1 10 12 1 10 12 1 10 12 1 1 10 12 1 10 12 1 10 12 10 12 1 1 18 12 1 1 100 1 10 100 12 1 1 1 18 10 12 1 1 10 12 1 10 12 1 1 11 12 1 1 10 12 1 10 12 10 10 10 12 1 10 5 0 10 10 12 1 1 100 1 8 1 10 10 12 1 1 10 100 12 1 1 1 10 12 1 10 12 1 1 100 1 10 12 100 1 10 100 1 10 100 1 1 1 1 1 1 1 1 1 1 1 100 1 1 1 1 1 1 1 1 1 1 1 1 1 1 1 1 1 1 1 1 1 1 1 1 1 1 1 1 1 1 1 1 1 1 1 1 1 1 1 1 1 1 1 1 1 1 1 1 1 1 1 1 1 1 1 1 1 1 1 1 1 1 1 1 1 1 1 1 1 1 1 1 1 1 1 1 1 1 1 1 1 1 1 1 1 1 1 1 1 1 1 1 1 1 1 1 1 1 1 1 100 1 1 1 1 1 1 1 1 1 1 1 1 1 1 1 1 1 100 1 1 1 1 1 1 100 1 1 16 1 15 10 12 16 15 10 12 15 10 100 12 1 1 1 1 1 1 1 100 1 100 1 1
staticfield java/lang/AbstractStringBuilder EMPTYVALUE [B 0
ciInstanceKlass java/lang/StringBuffer 0 0 483 10 100 12 1 1 1 10 12 1 10 12 1 10 12 1 1 9 100 12 1 1 1 10 12 1 1 10 12 1 10 12 1 1 9 12 1 1 10 12 1 10 12 1 1 10 12 1 1 10 12 1 10 12 1 1 10 12 1 10 12 1 1 10 12 1 1 10 100 12 1 1 1 10 12 1 1 10 12 1 10 12 1 10 12 1 10 12 1 10 12 1 10 12 1 10 12 1 10 12 1 10 12 1 10 12 1 10 12 1 10 12 1 10 12 1 10 12 1 1 10 12 1 10 12 1 1 10 12 1 1 10 10 12 1 1 10 12 1 10 12 1 10 12 1 10 12 1 10 12 1 10 12 1 10 12 10 12 1 10 12 1 10 12 1 10 12 1 1 10 12 1 10 12 1 10 10 12 1 1 10 12 1 10 12 1 10 12 1 10 10 100 12 1 1 1 10 10 12 1 1 9 12 1 1 10 100 12 1 1 10 100 1 8 10 100 12 1 1 1 8 10 12 1 8 1 10 12 1 10 12 1 10 100 12 1 1 1 10 100 12 1 1 1 100 1 10 12 100 1 8 1 10 10 12 1 1 10 12 1 1 10 12 1 10 12 1 10 12 1 1 10 12 1 10 12 1 10 12 1 10 12 1 10 12 1 10 12 10 12 1 10 12 1 10 12 1 10 12 1 10 12 1 10 12 1 10 12 1 10 12 1 10 12 1 10 12 1 10 12 10 12 10 12 1 10 12 1 10 12 1 10 12 10 12 1 10 12 1 10 12 1 10 12 1 10 12 1 10 12 1 10 12 1 10 12 1 10 12 1 10 12 1 10 12 1 100 1 10 12 1 9 100 12 1 1 1 9 100 1 9 12 1 1 100 1 100 1 100 1 100 1 1 1 1 5 0 1 1 1 1 1 1 1 1 1 1 1 1 1 1 1 1 1 1 1 1 1 1 1 1 1 1 1 1 1 1 1 1 1 1 1 1 1 1 1 1 1 1 1 1 1 1 1 1 1 1 1 1 1 1 1 1 1 1 1 1 1 100 1 1 1 1 1 100 1 1 1 1 1 1 1 1 1 1 1 1 1 1 1 1 1 1
ciInstanceKlass java/lang/StringBuilder 1 1 422 10 7 12 1 1 1 10 12 1 10 12 1 10 12 1 1 10 7 12 1 1 1 10 7 12 1 1 1 10 12 1 10 12 1 10 12 1 10 12 1 10 12 1 10 12 1 10 12 1 10 12 1 10 12 1 10 12 1 10 12 1 10 12 1 10 12 1 10 12 1 1 10 12 1 10 12 1 1 10 12 1 1 10 12 1 10 12 1 10 12 1 10 12 1 10 12 1 10 12 1 10 12 1 10 12 10 12 1 10 12 1 10 12 1 10 12 1 1 10 12 1 10 12 1 10 12 10 12 1 1 10 12 1 10 12 1 10 12 1 10 100 12 1 1 1 9 12 1 1 10 12 1 10 12 1 1 10 12 1 1 9 12 1 1 10 100 12 1 1 1 10 100 1 10 12 1 1 10 100 12 1 1 10 12 1 10 12 1 1 100 1 100 1 8 1 10 10 12 1 1 10 12 1 10 12 1 10 12 1 1 10 12 1 10 12 1 10 12 1 10 12 1 10 12 1 10 12 10 12 1 10 12 1 10 12 1 10 12 1 10 12 1 10 12 1 10 12 1 10 12 1 10 12 1 1 10 12 1 1 10 12 1 10 12 1 10 12 1 10 12 10 12 10 12 1 10 12 1 10 12 1 10 12 10 12 1 10 12 1 10 12 1 10 12 1 10 12 1 10 12 1 10 12 1 10 12 1 10 12 1 1 10 12 1 10 12 1 1 10 12 1 10 12 1 1 10 12 1 10 12 1 1 10 12 1 10 12 1 10 12 1 10 10 12 1 10 12 1 100 1 100 1 100 1 100 1 1 1 1 5 0 1 1 1 1 1 1 1 1 1 1 1 1 1 1 1 1 1 1 1 1 1 1 1 1 1 1 1 1 1 1 1 1 1 1 1 1 1 1 1 1 1 1 1 1 100 1 1 1 100 1 1 1 1 1 1 1 1 1 1 1
ciInstanceKlass jdk/internal/misc/UnsafeConstants 1 1 34 10 100 12 1 1 1 9 7 12 1 1 1 9 12 1 9 12 1 1 9 12 1 9 12 1 1 1 1 1 1 1 1 1
staticfield jdk/internal/misc/UnsafeConstants ADDRESS_SIZE0 I 8
staticfield jdk/internal/misc/UnsafeConstants PAGE_SIZE I 4096
staticfield jdk/internal/misc/UnsafeConstants BIG_ENDIAN Z 0
staticfield jdk/internal/misc/UnsafeConstants UNALIGNED_ACCESS Z 1
staticfield jdk/internal/misc/UnsafeConstants DATA_CACHE_LINE_FLUSH_SIZE I 0
ciInstanceKlass jdk/internal/misc/Unsafe 1 1 1287 10 7 12 1 1 1 9 7 12 1 1 1 9 12 1 1 10 12 1 1 10 7 12 1 1 1 10 12 1 1 10 12 1 1 10 12 1 1 10 12 1 1 10 12 1 1 10 12 1 1 10 12 1 1 10 12 1 1 10 12 1 1 10 12 1 1 10 12 1 1 10 12 1 1 10 12 1 1 10 12 1 10 12 1 100 1 10 10 12 1 1 10 12 1 1 5 0 10 12 1 1 10 12 1 1 10 7 12 1 1 1 10 12 1 1 10 12 1 10 12 1 10 12 1 1 10 12 1 1 10 12 1 10 12 1 100 1 100 1 10 8 1 10 12 1 1 10 12 1 8 1 10 12 1 1 10 12 1 10 12 1 10 12 1 1 10 12 1 10 12 1 1 10 12 1 1 10 12 1 10 12 1 10 12 1 10 12 1 1 10 12 1 10 12 1 10 12 1 1 10 12 1 5 0 5 0 5 0 10 12 1 10 12 1 10 12 1 10 12 1 10 12 1 10 12 1 10 12 1 10 12 1 10 12 1 1 10 12 1 10 12 1 100 1 8 1 10 100 1 10 10 12 1 1 10 12 1 1 10 12 1 10 12 1 1 10 12 1 1 10 12 1 10 12 1 1 10 12 1 9 7 12 1 1 9 12 1 100 1 10 10 12 1 1 8 1 10 8 1 8 1 10 12 1 1 9 7 12 1 1 1 9 100 1 9 7 1 9 100 1 9 9 100 1 9 100 1 9 100 1 10 12 1 1 10 12 1 1 10 12 1 1 10 12 1 1 5 0 5 0 9 12 1 1 10 12 1 10 12 1 10 12 1 1 10 12 1 1 10 12 1 8 1 3 10 12 1 1 10 12 1 1 10 12 1 10 12 1 1 10 12 1 1 10 12 1 10 12 1 10 12 1 10 12 1 10 12 1 10 12 1 1 10 12 1 1 10 12 1 10 12 1 10 12 1 10 12 1 10 12 1 10 12 1 1 10 12 1 1 10 12 1 10 12 1 10 12 1 10 12 1 10 12 1 10 12 1 1 10 12 1 1 10 12 1 1 10 12 1 1 10 12 1 10 12 1 10 12 1 10 12 1 10 12 1 10 12 1 10 12 1 1 10 12 1 1 10 12 1 10 12 1 10 12 1 10 12 1 10 12 1 10 12 1 10 12 1 1 10 12 1 1 10 12 1 10 12 1 10 12 1 10 12 1 10 12 1 10 12 1 10 12 1 10 12 1 1 10 12 1 10 12 1 10 12 1 10 12 1 10 12 1 1 10 12 1 10 12 1 10 12 1 10 12 1 10 12 1 10 12 1 10 12 1 10 12 1 1 10 12 1 10 12 1 10 12 1 10 12 1 10 12 1 10 12 1 1 10 12 1 10 12 1 10 12 1 1 10 12 1 10 12 1 10 12 1 10 12 1 10 12 1 10 12 1 10 12 1 10 12 1 10 12 1 10 12 1 10 12 1 10 12 1 10 12 1 10 12 1 10 12 1 10 12 1 10 12 1 10 12 1 10 12 1 10 12 1 10 12 1 10 12 1 10 12 1 100 1 10 100 1 10 9 12 1 5 0 10 12 1 1 5 0 10 12 1 5 0 10 12 1 10 12 1 10 12 1 1 10 12 1 1 10 12 1 10 12 1 10 12 1 10 12 1 1 10 12 1 10 12 1 10 12 1 10 12 1 10 12 1 1 10 12 1 10 12 1 10 12 1 10 12 1 1 10 12 1 10 12 1 10 12 1 1 10 12 1 10 12 1 10 12 1 10 12 1 1 10 12 1 10 10 12 1 1 10 12 1 10 12 1 1 10 12 1 10 12 5 0 5 0 5 0 10 12 1 1 10 12 1 10 12 1 10 12 10 7 12 1 1 8 1 7 1 11 12 1 1 8 1 11 12 1 1 10 7 12 1 1 10 12 1 10 12 1 10 12 1 10 12 1 10 12 1 1 10 12 1 10 12 1 10 12 1 10 12 1 10 12 1 10 12 1 10 7 1 10 12 1 9 12 1 7 1 9 12 1 7 1 9 12 1 7 1 9 12 1 7 1 9 12 1 7 1 9 12 1 7 1 9 12 1 7 1 9 12 1 7 1 9 12 1 10 12 1 9 12 1 9 12 1 9 12 1 9 12 1 9 12 1 9 12 1 9 12 1 9 12 1 9 12 1 9 12 1 1 1 3 1 1 1 1 1 1 1 1 1 1 1 1 1 1 1 1 1 1 1 1 1 1 1 1 1 1 1 1 1 1 1 1 1 1 1 1 1 1 1 1 1 1 1 1 1 1 1 1 1 1 1 1 1 1 1 1 1 1 1 1 1 1 1 1 1 1 1 1 1 1 1 1 1 1 1 1 1 1 1 1 1 1 1 1 1 1 1 1 1 100 1 1 1 1 1 1 1 1 1 1 1 1 1 1 1 1 1 1 1 1 1 1 1 1 1 1 1 1 1 1 1 1 1 1 1 1 1 1 1 1 1 1 1 1 1 1 1 1 1 1 1 1 1 1 1 1 1 1 1 1 1 1 1 1 1 1 1 1 1 1 1 1 1 1 1 1 1 1 1 1 1 1 1 1 1 1 1 1 1 1 1 1 1 1 1 1 1 1 1 1 1 1 1 1 1 1 1 1 1 1 1 1 1 1 1 1 1 1 1 1 1 1 1 1 1 1 1 1 1 1 1 1 1 1 1 1 1 1 1 1 1 1 1 1 1 1 1 1 1 1 1 1 1 1 1 1 1 1 1 1 1 1 1 1 1 1 1 1 1 1 1 1 1 1 1 1 1 1 1 1 1 1 1 1 1 1 1 1 1 1 1 1 1 1 1 1 1 1 1 1 1 1 1 1 1 1 3 1 1 1 1 1 1 1 1 1 1 1 1 1 1 1 1 1 1 1 1 1
staticfield jdk/internal/misc/Unsafe theUnsafe Ljdk/internal/misc/Unsafe; jdk/internal/misc/Unsafe
staticfield jdk/internal/misc/Unsafe ARRAY_BOOLEAN_BASE_OFFSET I 16
staticfield jdk/internal/misc/Unsafe ARRAY_BYTE_BASE_OFFSET I 16
staticfield jdk/internal/misc/Unsafe ARRAY_SHORT_BASE_OFFSET I 16
staticfield jdk/internal/misc/Unsafe ARRAY_CHAR_BASE_OFFSET I 16
staticfield jdk/internal/misc/Unsafe ARRAY_INT_BASE_OFFSET I 16
staticfield jdk/internal/misc/Unsafe ARRAY_LONG_BASE_OFFSET I 16
staticfield jdk/internal/misc/Unsafe ARRAY_FLOAT_BASE_OFFSET I 16
staticfield jdk/internal/misc/Unsafe ARRAY_DOUBLE_BASE_OFFSET I 16
staticfield jdk/internal/misc/Unsafe ARRAY_OBJECT_BASE_OFFSET I 16
staticfield jdk/internal/misc/Unsafe ARRAY_BOOLEAN_INDEX_SCALE I 1
staticfield jdk/internal/misc/Unsafe ARRAY_BYTE_INDEX_SCALE I 1
staticfield jdk/internal/misc/Unsafe ARRAY_SHORT_INDEX_SCALE I 2
staticfield jdk/internal/misc/Unsafe ARRAY_CHAR_INDEX_SCALE I 2
staticfield jdk/internal/misc/Unsafe ARRAY_INT_INDEX_SCALE I 4
staticfield jdk/internal/misc/Unsafe ARRAY_LONG_INDEX_SCALE I 8
staticfield jdk/internal/misc/Unsafe ARRAY_FLOAT_INDEX_SCALE I 4
staticfield jdk/internal/misc/Unsafe ARRAY_DOUBLE_INDEX_SCALE I 8
staticfield jdk/internal/misc/Unsafe ARRAY_OBJECT_INDEX_SCALE I 4
staticfield jdk/internal/misc/Unsafe ADDRESS_SIZE I 8
ciInstanceKlass jdk/internal/module/Modules 1 1 504 10 100 12 1 1 1 9 7 12 1 1 1 11 7 12 1 1 1 11 12 1 1 11 12 1 1 11 12 1 1 11 12 1 11 12 1 11 12 1 11 12 1 11 12 1 1 10 100 12 1 1 1 10 100 12 1 1 1 18 12 1 1 10 100 12 1 1 1 100 1 10 100 12 1 1 1 10 100 12 1 1 1 10 100 12 1 1 10 12 1 1 11 12 1 9 12 1 1 11 100 12 1 1 1 10 12 1 1 10 10 12 1 10 9 12 1 1 10 100 12 1 1 10 12 1 1 10 100 12 1 1 100 1 11 100 12 1 1 1 10 100 12 1 1 1 11 100 12 1 1 10 12 1 1 10 100 12 1 1 10 100 12 1 1 1 10 12 1 1 10 12 1 1 11 12 1 1 18 12 1 1 11 100 12 1 1 10 100 12 1 1 1 11 100 12 1 1 1 100 1 11 12 1 1 11 100 12 1 1 1 11 12 1 1 10 12 1 1 10 100 12 1 1 18 12 1 1 11 12 1 1 18 12 1 1 11 12 1 1 10 12 1 18 18 10 12 1 1 9 12 1 1 11 100 12 1 1 1 100 1 10 11 12 1 11 12 1 1 11 12 1 1 10 100 1 10 12 1 1 10 100 12 1 1 10 12 1 1 11 12 10 12 1 1 100 1 10 18 12 1 10 12 1 1 100 1 8 1 10 12 1 10 100 12 1 1 18 12 1 11 11 12 10 12 1 10 10 100 1 18 12 1 10 10 10 7 12 1 1 10 7 12 1 1 1 10 12 1 1 1 1 1 1 1 1 1 1 1 1 1 1 1 1 1 1 1 1 1 1 1 1 1 1 1 1 1 1 1 1 1 100 1 1 1 1 1 1 1 1 1 1 1 1 1 1 1 1 1 1 1 1 1 1 1 1 1 1 1 1 1 1 1 1 1 1 1 100 1 1 1 1 1 1 1 1 1 1 1 1 1 1 1 1 1 1 1 1 1 1 1 16 15 10 12 1 16 16 15 10 12 1 16 1 16 1 15 10 12 1 16 1 16 1 15 10 12 16 1 15 10 16 1 15 10 12 16 1 15 10 12 16 15 10 12 16 15 10 12 15 10 100 12 1 1 1 1 1 1 100 1 100 1 1
staticfield jdk/internal/module/Modules JLA Ljdk/internal/access/JavaLangAccess; java/lang/System$2
staticfield jdk/internal/module/Modules JLMA Ljdk/internal/access/JavaLangModuleAccess; java/lang/module/ModuleDescriptor$1
staticfield jdk/internal/module/Modules $assertionsDisabled Z 1
ciInstanceKlass java/lang/AutoCloseable 1 0 12 100 1 100 1 1 1 1 100 1 1 1
ciInstanceKlass java/io/Closeable 1 0 14 100 1 100 1 100 1 1 1 1 100 1 1 1
instanceKlass sun/nio/ch/ChannelInputStream
instanceKlass org/jetbrains/kotlin/protobuf/RopeByteString$RopeInputStream
instanceKlass org/jetbrains/kotlin/com/intellij/util/io/UnsyncByteArrayInputStream
instanceKlass org/jetbrains/kotlin/com/fasterxml/aalto/in/MergedStream
instanceKlass java/util/zip/ZipFile$ZipFileInputStream
instanceKlass java/io/FilterInputStream
instanceKlass java/io/FileInputStream
instanceKlass java/io/ByteArrayInputStream
ciInstanceKlass java/io/InputStream 1 1 195 100 1 10 7 12 1 1 1 100 1 10 10 7 12 1 1 1 10 7 12 1 1 1 10 12 1 100 1 3 10 12 1 1 100 1 8 1 10 12 1 10 100 12 1 1 1 3 100 1 8 1 10 10 100 12 1 1 1 100 1 10 11 100 12 1 1 1 10 12 1 1 11 12 1 1 11 100 12 1 1 1 11 12 1 1 100 1 10 100 12 1 1 1 5 0 10 12 1 10 12 1 1 100 1 10 8 1 10 8 1 8 1 10 12 1 1 10 100 12 1 1 1 100 1 5 0 10 12 1 100 1 100 1 1 1 1 3 1 3 1 1 1 1 1 1 1 1 1 1 1 1 1 1 1 1 1 1 1 1 1 1 1 1 1 1 1 1 1 1 1 1 1 1 1 1 1 1 1 1 1 1 1 1 1 1 1 1 1 1 1 1 1 1 1
ciInstanceKlass java/io/ByteArrayInputStream 1 1 117 10 7 12 1 1 1 9 7 12 1 1 1 9 12 1 1 9 12 1 9 12 1 10 100 12 1 1 1 10 7 12 1 1 1 10 7 12 1 1 1 10 100 12 1 1 1 10 12 1 1 3 10 100 1 10 100 12 1 1 1 9 12 1 1 100 1 10 10 7 12 1 1 1 1 1 1 1 1 1 1 1 1 1 1 1 1 1 1 1 1 1 1 1 1 1 1 1 1 1 1 1 100 1 1 1 1 1 1 1 1 1 1 1 1 1 1
staticfield java/io/ByteArrayInputStream $assertionsDisabled Z 1
ciInstanceKlass java/net/URL 1 1 771 10 7 12 1 1 1 10 12 1 10 7 12 1 1 9 12 1 1 9 12 1 10 7 12 1 1 1 10 12 1 1 10 12 1 1 9 12 1 1 10 7 12 1 1 1 8 1 10 12 1 1 100 1 10 10 12 1 1 8 1 10 12 1 1 9 12 1 100 1 8 1 10 12 1 10 12 1 8 1 9 12 1 10 12 1 1 9 12 1 10 12 1 10 12 1 9 12 1 9 12 1 8 1 9 12 1 10 12 1 1 8 1 9 12 1 1 10 12 1 1 10 7 12 1 1 1 8 1 10 12 1 7 1 10 12 1 10 12 1 10 12 1 10 12 1 1 10 12 1 1 8 1 10 12 1 1 10 12 1 8 1 9 12 1 8 1 10 12 1 10 7 12 1 1 1 100 1 10 12 1 10 12 1 1 10 7 12 1 1 1 100 1 8 1 10 10 12 1 8 1 10 12 1 1 10 12 1 10 12 1 10 12 1 10 12 1 10 12 1 10 12 1 8 1 10 12 1 8 1 10 10 100 1 10 10 12 1 8 1 10 7 12 1 1 1 10 12 1 9 100 12 1 1 1 10 100 12 1 1 1 9 12 1 1 10 12 1 10 100 12 1 1 1 100 1 100 1 10 12 1 10 12 1 10 12 1 10 12 1 10 12 1 10 12 10 10 12 1 10 12 1 10 12 1 1 8 1 9 100 12 1 1 1 10 100 12 1 1 1 10 12 1 1 9 100 12 1 1 1 10 12 1 1 100 1 10 12 1 10 12 1 10 10 12 1 1 10 12 1 1 10 12 1 10 12 1 10 12 1 10 7 12 1 1 1 10 12 1 1 10 12 1 9 12 1 1 9 12 1 1 100 1 8 1 10 10 12 1 9 12 1 1 10 7 12 1 1 8 1 10 7 12 1 1 8 1 10 12 1 1 10 12 1 8 1 8 1 10 7 12 1 1 1 100 1 10 100 12 1 1 1 10 12 1 10 12 1 100 1 10 9 100 12 1 1 1 10 100 12 1 1 10 12 1 1 10 12 1 8 1 100 1 10 10 100 12 1 1 1 10 12 1 8 9 100 12 1 1 1 10 12 1 1 10 12 1 10 12 1 1 10 7 12 1 1 11 7 12 1 1 10 12 1 10 12 1 9 12 1 10 12 1 1 10 100 12 1 1 10 100 12 1 1 1 8 10 100 12 1 1 100 1 10 8 8 10 12 1 8 8 8 100 1 10 12 1 9 12 1 1 10 12 1 10 12 1 1 10 12 1 10 12 10 12 1 1 10 12 1 1 10 10 10 12 1 10 12 1 10 12 1 10 12 1 10 12 1 10 10 12 1 100 1 8 1 10 10 10 12 1 1 10 12 1 10 12 1 1 8 1 7 1 10 10 7 1 10 12 1 9 7 12 1 1 1 9 12 1 1 7 1 10 10 7 12 1 1 1 100 1 1 1 1 1 5 0 1 1 1 1 1 1 1 1 1 1 1 1 1 1 1 1 1 1 1 1 1 1 1 1 1 1 1 1 1 1 1 1 1 1 1 1 1 1 1 1 1 1 1 1 1 1 1 1 100 1 1 1 1 1 1 1 1 1 1 1 1 1 1 1 1 1 1 1 1 1 1 1 1 1 1 1 1 1 1 1 1 1 1 1 1 1 100 1 1 1 1 1 1 1 1 1 1 1 1 1 1 1 1 1 100 1 1 1 1 1 1 1 1 1 1 1 1 1 1 1 1 1 1 1
staticfield java/net/URL defaultFactory Ljava/net/URLStreamHandlerFactory; java/net/URL$DefaultFactory
staticfield java/net/URL streamHandlerLock Ljava/lang/Object; java/lang/Object
staticfield java/net/URL serialPersistentFields [Ljava/io/ObjectStreamField; 7 [Ljava/io/ObjectStreamField;
ciInstanceKlass java/net/URLClassLoader 1 1 600 10 7 12 1 1 1 7 1 10 12 1 9 7 12 1 1 1 10 7 12 1 1 1 9 12 1 1 7 1 10 12 1 9 12 1 1 10 12 1 10 10 12 1 10 100 12 1 1 1 10 12 1 1 10 7 12 1 1 1 10 7 12 1 1 1 100 1 10 12 1 1 10 12 1 1 10 12 1 1 100 1 100 1 10 7 12 1 1 1 100 1 8 1 10 12 1 10 100 12 1 1 1 10 12 1 1 10 12 1 1 11 100 12 1 1 1 11 100 12 1 1 1 11 12 1 1 100 1 11 12 1 11 100 12 1 1 10 12 1 11 12 1 11 12 1 1 11 10 12 1 1 10 12 1 1 10 12 1 1 7 1 10 12 1 10 12 1 1 7 1 100 1 10 12 1 1 100 1 10 10 12 1 1 10 7 12 1 1 10 12 1 100 1 100 1 10 8 1 10 12 1 1 8 1 10 12 1 1 10 10 12 1 8 1 8 1 10 12 1 1 10 7 12 1 1 1 10 7 12 1 1 1 10 12 1 1 10 12 1 1 10 12 1 1 10 12 1 10 12 1 100 1 100 1 8 1 10 12 1 10 12 1 1 10 12 1 1 7 1 10 12 1 10 7 12 1 1 1 10 12 1 1 10 12 1 1 10 12 1 1 10 12 1 10 7 12 1 1 1 10 12 1 1 8 1 10 12 1 1 11 7 12 1 1 1 9 7 12 1 1 1 10 7 12 1 1 1 9 12 1 9 12 1 9 12 1 9 12 1 9 12 1 9 12 1 10 7 12 1 1 1 8 1 10 12 1 1 100 1 10 10 12 1 10 12 1 1 10 12 1 1 100 1 10 12 1 10 12 1 1 10 12 1 10 12 1 1 7 1 10 7 12 1 1 9 7 12 1 1 1 10 12 1 8 1 100 1 8 1 10 12 1 10 12 1 8 1 10 12 1 10 12 1 9 12 1 1 10 100 12 1 1 10 12 1 10 12 1 10 100 1 8 1 10 100 1 10 12 1 10 7 12 1 100 1 10 12 1 10 12 1 100 1 10 10 7 12 1 1 1 1 1 1 1 1 1 1 1 1 1 1 1 1 1 1 1 1 1 1 1 1 1 1 1 1 1 1 1 1 1 1 1 1 1 100 1 100 1 100 1 100 1 1 1 1 1 1 1 1 1 1 1 1 1 1 1 1 1 1 1 1 1 1 1 1 1 1 1 1 1 1 1 1 1 1 1 1 1 1 1 1 1 1 1 1 1 1 100 1 1 1 1 1 1 1 1 1 1 1 1 1 1 1 1 1 1 1 1 1 1 1 1 1 1 1 1 1 1 1 1 1 1 1 1 1 100 1 1 1
instanceKlass org/jetbrains/kotlin/fir/resolve/inference/CalculatorForNestedCall$FixationDirection
instanceKlass org/jetbrains/kotlin/com/intellij/psi/stubs/StubList$ChildrenStorage
instanceKlass org/jetbrains/kotlin/com/intellij/psi/impl/cache/TypeInfo$TypeKind
instanceKlass org/jetbrains/kotlin/com/intellij/openapi/projectRoots/JavaSdkVersion
instanceKlass org/jetbrains/kotlin/types/SmartcastStability
instanceKlass org/jetbrains/kotlin/fir/declarations/utils/FirScriptCustomizationKind
instanceKlass org/jetbrains/kotlin/fir/resolve/calls/FirSyntheticPropertiesScope$SyntheticGetterCompatibility
instanceKlass org/jetbrains/kotlin/contracts/description/EventOccurrencesRange
instanceKlass org/jetbrains/kotlin/serialization/deserialization/ProtoBufContractDeserializer$PrimitiveExpressionType
instanceKlass org/jetbrains/kotlin/serialization/deserialization/ProtoBufContractDeserializer$ComplexExpressionType
instanceKlass org/jetbrains/kotlin/fir/resolve/dfa/Operation
instanceKlass org/jetbrains/kotlin/fir/resolve/dfa/PropertyStability
instanceKlass org/jetbrains/kotlin/fir/declarations/CallToPotentiallyHiddenSymbolResult
instanceKlass org/jetbrains/kotlin/types/TypeCheckerState$LowerCapturedTypePolicy
instanceKlass org/jetbrains/kotlin/types/TypeApproximatorConfiguration$IntersectionStrategy
instanceKlass org/jetbrains/kotlin/types/model/TypeVariance
instanceKlass org/jetbrains/kotlin/fir/resolve/transformers/FirCallCompletionResultsWriterTransformer$Mode
instanceKlass org/jetbrains/kotlin/resolve/calls/inference/components/TypeVariableDirectionCalculator$ResolveDirection
instanceKlass org/jetbrains/kotlin/resolve/calls/inference/components/VariableFixationFinder$TypeVariableFixationReadiness
instanceKlass org/jetbrains/kotlin/resolve/calls/inference/components/ConstraintSystemCompletionMode
instanceKlass org/jetbrains/kotlin/resolve/ForbiddenNamedArgumentsTarget
instanceKlass org/jetbrains/kotlin/fir/resolve/calls/stages/FirCallArgumentsProcessor$State
instanceKlass org/jetbrains/kotlin/resolve/calls/inference/model/ConstraintKind
instanceKlass org/jetbrains/kotlin/fir/resolve/calls/ConstructorFilter
instanceKlass org/jetbrains/kotlin/resolve/calls/tasks/ExplicitReceiverKind
instanceKlass org/jetbrains/kotlin/fir/resolve/calls/tower/ProcessResult
instanceKlass org/jetbrains/kotlin/resolve/calls/inference/model/NewConstraintSystemImpl$State
instanceKlass org/jetbrains/kotlin/fir/resolve/dfa/cfg/EdgeKind
instanceKlass org/jetbrains/kotlin/fir/resolve/transformers/body/resolve/FirExpressionsResolveTransformer$CallResolutionMode
instanceKlass org/jetbrains/kotlin/fir/resolve/dfa/cfg/ControlFlowGraph$Kind
instanceKlass org/jetbrains/kotlin/fir/scopes/ProcessorAction
instanceKlass org/jetbrains/kotlin/types/model/CaptureStatus
instanceKlass kotlin/DeprecationLevel
instanceKlass org/jetbrains/kotlin/metadata/ProtoBuf$Effect$InvocationKind
instanceKlass org/jetbrains/kotlin/metadata/ProtoBuf$Expression$ConstantValue
instanceKlass org/jetbrains/kotlin/metadata/ProtoBuf$Effect$EffectType
instanceKlass org/jetbrains/kotlin/fir/types/ProjectionKind
instanceKlass org/jetbrains/kotlin/fir/deserialization/AbstractAnnotationDeserializer$CallableKind
instanceKlass org/jetbrains/kotlin/serialization/deserialization/descriptors/DeserializedContainerAbiStability
instanceKlass org/jetbrains/kotlin/metadata/ProtoBuf$VersionRequirement$VersionKind
instanceKlass org/jetbrains/kotlin/metadata/ProtoBuf$VersionRequirement$Level
instanceKlass org/jetbrains/kotlin/metadata/jvm/JvmProtoBuf$StringTableTypes$Record$Operation
instanceKlass java/lang/annotation/ElementType
instanceKlass org/jetbrains/kotlin/load/java/structure/impl/classFiles/BinaryClassSignatureParser$JavaSignatureVariance
instanceKlass org/jetbrains/kotlin/load/java/typeEnhancement/TypeComponentPosition
instanceKlass org/jetbrains/kotlin/load/java/typeEnhancement/MutabilityQualifier
instanceKlass org/jetbrains/kotlin/load/java/typeEnhancement/NullabilityQualifier
instanceKlass org/jetbrains/kotlin/fir/java/FirJavaTypeConversionMode
instanceKlass org/jetbrains/kotlin/resolve/deprecation/DeprecationLevelValue
instanceKlass org/jetbrains/kotlin/fir/java/declarations/FirJavaTypeParameter$BoundsEnhancementState
instanceKlass org/jetbrains/kotlin/descriptors/annotations/KotlinTarget
instanceKlass kotlin/annotation/AnnotationTarget
instanceKlass kotlin/annotation/AnnotationRetention
instanceKlass org/jetbrains/kotlin/descriptors/EffectiveVisibility$Permissiveness
instanceKlass javaslang/collection/HashArrayMappedTrieModule$Action
instanceKlass org/jetbrains/kotlin/load/kotlin/header/KotlinClassHeader$Kind
instanceKlass org/jetbrains/kotlin/fir/scopes/impl/DefaultImportPriority
instanceKlass org/jetbrains/kotlin/resolve/jvm/NotFoundPackagesCachingStrategy$CacheType
instanceKlass org/jetbrains/kotlin/fir/resolve/calls/tower/InvokeResolvePriority
instanceKlass org/jetbrains/kotlin/resolve/calls/tower/CandidateApplicability
instanceKlass org/jetbrains/kotlin/fir/resolve/FirTowerDataMode
instanceKlass org/jetbrains/kotlin/fir/resolve/transformers/StatusComputationSession$StatusComputationStatus
instanceKlass org/jetbrains/kotlin/contracts/description/LogicOperationKind
instanceKlass org/jetbrains/kotlin/descriptors/annotations/AnnotationUseSiteTarget
instanceKlass org/jetbrains/kotlin/fir/diagnostics/DiagnosticKind
instanceKlass java/math/RoundingMode
instanceKlass org/jetbrains/kotlin/fir/expressions/FirAnnotationResolvePhase
instanceKlass org/jetbrains/kotlin/fir/expressions/FirOperation
instanceKlass org/jetbrains/kotlin/types/Variance
instanceKlass org/jetbrains/kotlin/fir/declarations/InlineStatus
instanceKlass org/jetbrains/kotlin/fir/declarations/FirPropertyBodyResolveState
instanceKlass org/jetbrains/kotlin/fir/expressions/FirFunctionCallOrigin
instanceKlass org/jetbrains/kotlin/fir/builder/AbstractRawFirBuilder$ValueParameterDeclaration
instanceKlass org/jetbrains/kotlin/fir/lightTree/fir/modifier/ModifierFlag
instanceKlass org/jetbrains/kotlin/parsing/KotlinParsing$DeclarationParsingMode
instanceKlass org/jetbrains/kotlin/parsing/KotlinParsing$NameParsingMode
instanceKlass org/jetbrains/kotlin/parsing/KotlinParsing$AnnotationParsingMode
instanceKlass org/jetbrains/kotlin/parsing/KotlinExpressionParsing$Precedence
instanceKlass org/jetbrains/kotlin/load/java/SpecialGenericSignatures$TypeSafeBarrierDescription
instanceKlass org/jetbrains/kotlin/builtins/PrimitiveType
instanceKlass org/jetbrains/kotlin/resolve/jvm/JvmPrimitiveType
instanceKlass org/jetbrains/kotlin/fir/analysis/checkers/MppCheckerKind
instanceKlass org/jetbrains/kotlin/descriptors/ClassKind
instanceKlass org/jetbrains/kotlin/fir/declarations/impl/FirDeclarationStatusImpl$Modifier
instanceKlass org/jetbrains/kotlin/descriptors/Modality
instanceKlass org/jetbrains/kotlin/fir/declarations/FirResolvePhase
instanceKlass org/jetbrains/kotlin/metadata/ProtoBuf$Type$Argument$Projection
instanceKlass org/jetbrains/kotlin/load/java/AnnotationQualifierApplicabilityType
instanceKlass org/jetbrains/kotlin/container/ComponentStorageState
instanceKlass org/jetbrains/kotlin/fir/types/ConeNullability
instanceKlass org/jetbrains/kotlin/fir/FirSession$Kind
instanceKlass org/jetbrains/kotlin/metadata/ProtoBuf$QualifiedNameTable$QualifiedName$Kind
instanceKlass org/jetbrains/kotlin/metadata/ProtoBuf$TypeParameter$Variance
instanceKlass org/jetbrains/kotlin/metadata/ProtoBuf$Annotation$Argument$Value$Type
instanceKlass org/jetbrains/kotlin/protobuf/WireFormat$JavaType
instanceKlass org/jetbrains/kotlin/protobuf/WireFormat$FieldType
instanceKlass org/jetbrains/kotlin/config/LanguageFeature$State
instanceKlass org/jetbrains/kotlin/config/LanguageFeature$Kind
instanceKlass org/jetbrains/kotlin/config/LanguageFeature
instanceKlass org/jetbrains/kotlin/com/intellij/diagnostic/ActivityCategory
instanceKlass org/jetbrains/kotlin/konan/target/Architecture
instanceKlass org/jetbrains/kotlin/konan/target/Family
instanceKlass org/jetbrains/kotlin/platform/wasm/WasmTarget
instanceKlass java/nio/file/attribute/PosixFilePermission
instanceKlass kotlin/io/FileWalkDirection
instanceKlass org/jetbrains/kotlin/cli/jvm/index/JavaRoot$RootType
instanceKlass org/jetbrains/kotlin/cli/jvm/compiler/jarfs/ZipEntryDescription$CompressionKind
instanceKlass java/lang/invoke/MethodHandleImpl$ArrayAccess
instanceKlass java/nio/file/AccessMode
instanceKlass org/jetbrains/kotlin/metadata/ProtoBuf$MemberKind
instanceKlass org/jetbrains/kotlin/metadata/ProtoBuf$Class$Kind
instanceKlass org/jetbrains/kotlin/metadata/ProtoBuf$Modality
instanceKlass org/jetbrains/kotlin/metadata/ProtoBuf$Visibility
instanceKlass java/util/stream/Collector$Characteristics
instanceKlass org/jetbrains/kotlin/com/intellij/pom/java/LanguageLevel
instanceKlass org/jetbrains/kotlin/com/intellij/openapi/util/LowMemoryWatcher$LowMemoryWatcherType
instanceKlass org/jetbrains/kotlin/com/intellij/ide/plugins/ActionDescriptorName
instanceKlass kotlin/coroutines/intrinsics/CoroutineSingletons
instanceKlass kotlinx/coroutines/CoroutineStart
instanceKlass org/jetbrains/kotlin/com/intellij/openapi/progress/impl/CoreProgressManager$CheckCanceledBehavior
instanceKlass org/jetbrains/kotlin/com/intellij/util/messages/Topic$BroadcastDirection
instanceKlass org/jetbrains/kotlin/com/intellij/openapi/extensions/ExtensionPoint$Kind
instanceKlass org/jetbrains/kotlin/com/intellij/util/messages/impl/BusState
instanceKlass org/jetbrains/kotlin/com/intellij/diagnostic/LoadingState
instanceKlass org/jetbrains/kotlin/cli/jvm/compiler/EnvironmentConfigFiles
instanceKlass org/jetbrains/kotlin/config/JvmSerializeIrMode
instanceKlass org/jetbrains/kotlin/config/JvmAbiStability
instanceKlass androidx/compose/compiler/plugins/kotlin/FeatureFlag
instanceKlass kotlin/reflect/jvm/internal/impl/resolve/jvm/JvmPrimitiveType
instanceKlass kotlin/reflect/jvm/internal/impl/builtins/PrimitiveType
instanceKlass kotlin/reflect/jvm/internal/impl/builtins/functions/FunctionClassKind
instanceKlass kotlin/LazyThreadSafetyMode
instanceKlass java/util/stream/StreamShape
instanceKlass java/util/stream/MatchOps$MatchKind
instanceKlass java/util/stream/StreamOpFlag$Type
instanceKlass java/util/stream/StreamOpFlag
instanceKlass org/jetbrains/kotlin/config/JvmTarget
instanceKlass org/jetbrains/kotlin/storage/LockBasedStorageManager$NotValue
instanceKlass org/jetbrains/kotlin/load/java/ReportLevel
instanceKlass org/jetbrains/kotlin/config/IrVerificationMode
instanceKlass java/util/regex/Pattern$Qtype
instanceKlass org/jetbrains/kotlin/config/LanguageVersion
instanceKlass java/lang/reflect/ProxyGenerator$PrimitiveTypeInfo
instanceKlass java/lang/annotation/RetentionPolicy
instanceKlass org/jetbrains/kotlin/config/JvmDefaultMode
instanceKlass org/jetbrains/kotlin/config/JVMAssertionsMode
instanceKlass org/jetbrains/kotlin/config/ExplicitApiMode
instanceKlass org/jetbrains/kotlin/cli/common/messages/CompilerMessageSeverity
instanceKlass org/jetbrains/kotlin/com/intellij/openapi/diagnostic/LogLevel
instanceKlass org/jetbrains/kotlin/cli/common/CompilerSystemProperties
instanceKlass java/lang/invoke/MethodHandles$Lookup$ClassOption
instanceKlass java/lang/invoke/VarHandle$AccessType
instanceKlass java/lang/invoke/VarHandle$AccessMode
instanceKlass java/lang/invoke/MethodHandleImpl$Intrinsic
instanceKlass java/lang/invoke/LambdaForm$BasicType
instanceKlass java/lang/invoke/LambdaForm$Kind
instanceKlass sun/invoke/util/Wrapper
instanceKlass java/io/JbExtendedOpenOptions
instanceKlass org/jetbrains/kotlin/cli/common/ExitCode
instanceKlass java/util/zip/ZipCoder$Comparison
instanceKlass java/nio/file/LinkOption
instanceKlass sun/nio/fs/WindowsPathType
instanceKlass java/nio/file/StandardOpenOption
instanceKlass java/io/File$PathStatus
instanceKlass java/lang/module/ModuleDescriptor$Requires$Modifier
instanceKlass java/lang/reflect/AccessFlag$Location
instanceKlass java/lang/reflect/AccessFlag
instanceKlass java/lang/module/ModuleDescriptor$Modifier
instanceKlass com/jetbrains/internal/IoOverNio$Debug
instanceKlass java/lang/reflect/ClassFileFormatVersion
instanceKlass java/util/concurrent/TimeUnit
instanceKlass java/lang/Thread$State
ciInstanceKlass java/lang/Enum 1 1 204 9 7 12 1 1 1 9 12 1 1 10 7 12 1 1 1 9 12 1 10 7 12 1 1 1 100 1 10 10 12 1 1 10 12 1 100 1 10 10 7 12 1 1 10 12 1 1 18 12 1 1 10 100 12 1 1 1 10 12 1 1 11 7 12 1 1 1 100 1 8 1 10 12 1 100 1 100 1 10 8 1 10 12 1 1 10 12 1 1 8 1 10 12 1 10 100 1 8 1 10 10 12 1 1 10 100 12 1 1 1 100 1 100 1 100 1 1 1 1 1 1 1 1 1 1 1 1 1 1 1 1 1 1 1 1 1 1 1 1 1 1 1 1 1 1 1 1 1 1 1 1 1 1 1 1 1 1 1 1 1 1 1 3 1 1 1 1 100 1 100 1 1 100 1 1 1 1 1 1 1 1 1 1 1 16 15 10 12 16 15 10 100 12 1 1 1 1 1 100 1 100 1 1
ciInstanceKlass java/util/jar/Manifest 1 1 339 10 7 12 1 1 1 7 1 10 9 7 12 1 1 1 7 1 10 9 12 1 1 9 12 1 1 10 12 1 10 12 1 1 10 12 1 1 10 12 1 1 10 12 1 1 11 7 1 11 12 1 1 10 12 1 1 10 100 12 1 1 1 100 1 100 1 10 8 1 10 12 1 1 10 12 1 1 10 12 1 10 12 1 11 100 1 10 12 1 10 12 1 1 11 12 1 1 10 12 1 11 12 1 1 11 100 12 1 1 1 11 100 12 1 1 11 12 1 1 100 1 10 12 1 8 1 11 12 1 100 1 10 12 1 1 11 12 1 10 12 1 10 12 1 10 100 12 1 1 1 8 1 10 12 1 1 10 9 100 12 1 1 1 10 12 1 1 10 100 12 1 10 12 1 10 12 1 9 100 12 1 1 1 8 1 10 12 1 8 1 8 1 7 1 10 12 1 10 12 1 10 12 1 1 100 1 8 1 10 12 1 1 8 1 10 10 12 1 1 8 1 10 12 1 1 10 100 12 1 1 1 10 12 1 10 11 12 1 1 10 12 1 10 100 12 1 1 1 10 12 1 1 10 12 1 10 12 1 1 11 10 12 1 11 10 12 1 100 1 1 1 1 1 1 1 1 1 1 1 1 1 1 1 1 1 1 1 1 1 1 1 1 1 1 1 1 1 1 1 1 1 1 1 1 1 1 1 1 1 1 1 100 1 1 1 1 1 1 1 1 1 1 1 1 1 1 100 1 1 1 1 1 1 1 1 1 1 1
instanceKlass jdk/internal/loader/ClassLoaders$BootClassLoader
instanceKlass jdk/internal/loader/ClassLoaders$PlatformClassLoader
instanceKlass jdk/internal/loader/ClassLoaders$AppClassLoader
ciInstanceKlass jdk/internal/loader/BuiltinClassLoader 1 1 757 9 7 12 1 1 1 10 7 12 1 1 1 10 7 12 1 1 1 9 12 1 1 9 12 1 1 7 1 10 12 1 9 12 1 10 12 1 9 12 1 10 7 12 1 1 1 10 7 12 1 1 1 10 7 12 1 1 1 11 7 12 1 1 1 100 1 100 1 10 10 12 1 1 8 1 10 12 1 10 12 7 1 10 12 1 10 12 1 1 11 7 12 1 1 1 11 7 12 1 1 1 11 12 1 1 7 1 8 1 8 1 10 9 12 1 1 10 7 12 1 1 11 12 1 1 10 12 1 1 10 12 1 1 10 12 1 1 10 7 12 1 1 1 10 12 1 10 100 12 1 1 1 10 12 1 1 11 7 12 1 1 1 10 100 12 1 1 100 1 10 7 12 1 1 1 10 12 1 100 1 8 1 10 12 1 1 10 8 1 10 12 1 1 10 12 1 1 10 12 1 1 11 7 12 1 1 11 12 1 100 1 10 11 12 1 1 11 10 12 1 1 100 1 10 12 1 10 7 12 1 10 12 1 7 1 10 12 1 10 7 12 1 1 1 100 1 10 12 1 1 11 12 1 100 1 100 1 10 12 1 10 12 1 1 100 1 100 1 10 12 1 10 12 1 18 12 1 1 10 12 1 10 12 1 1 18 100 1 10 100 12 1 1 1 7 1 10 10 12 1 1 10 12 1 1 10 12 1 1 10 12 1 9 12 1 1 100 1 10 10 12 1 1 10 12 1 1 10 12 1 10 12 10 12 1 1 10 12 1 1 10 12 1 1 10 12 1 10 7 12 1 1 1 10 12 1 1 10 7 12 1 1 18 12 1 7 1 100 1 10 12 1 1 10 12 1 1 10 12 1 10 12 1 1 10 12 1 100 1 10 12 1 100 1 10 12 1 10 7 12 1 1 1 10 12 1 11 12 1 100 1 10 12 1 7 1 100 1 10 12 1 10 12 1 11 12 1 1 10 12 1 1 10 12 1 1 10 12 1 1 10 12 1 1 10 12 1 10 12 1 10 12 1 10 12 1 8 1 10 12 1 1 10 7 12 1 1 10 12 1 100 1 8 1 8 1 10 10 12 1 8 1 8 1 10 7 12 1 1 1 11 7 12 1 1 1 9 7 12 1 1 1 10 7 12 1 1 1 9 12 1 9 12 1 9 12 1 9 12 1 9 12 1 9 12 1 10 7 12 1 1 1 8 1 10 12 1 7 1 10 12 1 1 10 12 1 7 1 10 11 12 1 1 10 12 10 12 1 10 12 1 100 1 10 12 1 10 12 1 10 10 12 1 10 7 12 1 1 8 1 10 7 12 1 1 10 12 1 1 1 1 1 1 1 1 1 1 1 1 1 1 1 1 1 1 1 1 1 1 1 1 1 1 1 1 1 1 1 1 1 1 1 1 1 1 1 1 1 1 1 1 1 1 1 1 1 1 1 1 1 1 1 1 100 1 1 1 1 1 1 1 1 1 1 1 1 1 1 1 1 1 1 100 1 1 1 1 1 1 100 1 1 1 1 1 1 1 1 1 1 1 1 1 1 1 1 1 1 1 1 1 1 1 1 1 1 1 1 1 1 1 1 1 1 1 1 1 1 1 1 1 1 1 1 1 1 1 1 100 1 1 16 15 10 12 16 15 10 12 16 15 10 12 16 1 15 10 100 12 1 1 1 1 1 1 100 1 1 1 1 1 100 1 100 1 1
staticfield jdk/internal/loader/BuiltinClassLoader packageToModule Ljava/util/Map; java/util/concurrent/ConcurrentHashMap
staticfield jdk/internal/loader/BuiltinClassLoader $assertionsDisabled Z 1
ciInstanceKlass jdk/internal/loader/ClassLoaders 1 1 183 10 100 12 1 1 1 10 7 12 1 1 1 10 12 1 1 10 100 12 1 1 1 9 7 12 1 1 1 9 12 1 1 9 12 1 1 7 1 11 100 12 1 1 1 100 1 11 12 1 1 11 12 1 1 10 100 12 1 1 1 10 100 12 1 1 1 100 1 100 1 10 7 12 1 1 1 9 12 1 1 10 12 1 1 7 1 10 12 1 1 10 12 1 7 1 8 1 10 7 12 1 1 1 10 12 1 1 7 1 10 12 1 10 12 1 10 12 1 8 1 10 7 12 1 1 8 1 8 1 10 12 1 7 1 10 12 1 10 12 1 10 12 1 1 1 1 1 1 1 1 1 1 1 1 1 1 1 1 1 1 1 1 100 1 1 1 1 1 1 1 1 1 1 1 1 1 1 1 1 1 1 1
staticfield jdk/internal/loader/ClassLoaders JLA Ljdk/internal/access/JavaLangAccess; java/lang/System$2
staticfield jdk/internal/loader/ClassLoaders BOOT_LOADER Ljdk/internal/loader/ClassLoaders$BootClassLoader; jdk/internal/loader/ClassLoaders$BootClassLoader
staticfield jdk/internal/loader/ClassLoaders PLATFORM_LOADER Ljdk/internal/loader/ClassLoaders$PlatformClassLoader; jdk/internal/loader/ClassLoaders$PlatformClassLoader
staticfield jdk/internal/loader/ClassLoaders APP_LOADER Ljdk/internal/loader/ClassLoaders$AppClassLoader; jdk/internal/loader/ClassLoaders$AppClassLoader
ciInstanceKlass jdk/internal/loader/ClassLoaders$AppClassLoader 1 1 119 8 1 10 7 12 1 1 1 10 7 12 1 1 1 10 100 12 1 1 1 10 12 1 1 10 100 12 1 1 1 10 12 1 1 10 12 1 1 7 1 8 1 10 12 10 7 12 1 1 1 10 100 12 1 1 10 12 1 1 10 12 1 1 10 7 12 1 1 1 100 1 10 12 1 1 1 1 1 1 1 1 1 1 1 1 1 1 1 1 1 1 1 1 1 100 1 1 1 1 1 1 1 1 1 1 1 1 1 1 1 1 1 1 1 100 1 1 1
ciInstanceKlass jdk/internal/loader/ClassLoaders$PlatformClassLoader 1 1 42 8 1 10 7 12 1 1 1 10 7 12 1 1 1 100 1 10 12 1 100 1 1 1 1 1 1 1 1 1 1 1 1 1 1 100 1 1 1 100 1 1
ciInstanceKlass java/security/CodeSource 1 1 398 10 7 12 1 1 1 9 7 12 1 1 1 9 12 1 1 9 12 1 1 9 12 1 1 10 7 12 1 1 1 9 12 1 1 10 100 12 1 1 10 100 10 100 12 1 1 1 10 100 12 1 1 1 10 12 1 1 100 1 10 10 100 12 1 1 1 10 100 12 1 1 1 10 12 1 1 100 1 10 12 1 1 10 12 1 1 10 12 1 1 10 12 1 10 10 10 12 1 1 10 100 12 1 1 1 10 12 1 10 12 1 10 12 1 8 1 10 12 1 10 12 1 10 12 1 1 10 12 1 8 1 10 12 1 1 10 100 1 10 10 12 1 1 8 1 10 12 1 10 12 1 10 12 1 8 1 8 1 9 12 1 1 100 1 8 1 10 12 1 10 12 1 1 8 1 10 12 1 8 1 8 1 8 1 10 100 12 1 1 10 12 1 1 10 12 1 10 12 1 1 10 12 1 1 10 12 1 1 100 1 100 1 10 12 1 10 12 10 12 1 1 10 100 12 1 1 10 12 1 100 1 10 12 10 100 12 1 1 1 10 8 1 10 12 1 10 12 1 10 12 1 1 100 1 10 12 1 1 100 1 100 1 8 1 8 1 10 10 12 1 1 10 100 12 1 1 1 100 1 10 12 10 12 1 1 11 100 12 1 1 10 10 12 1 11 10 12 1 8 1 100 1 10 12 1 10 12 1 1 10 12 1 11 12 1 1 100 1 1 1 1 5 0 1 1 1 1 1 1 1 1 1 1 1 1 1 1 1 1 1 1 1 1 1 1 1 1 1 1 1 1 1 1 1 1 1 1 1 1 1 1 1 1 1 1 1 1 1 1 1 1 1 1 1 1 1 1 1 1 1 1 1 1 1 1 1 1 1 1 100 1 1 1 1 1 1 1
ciInstanceKlass java/util/concurrent/ConcurrentMap 1 1 208 11 7 12 1 1 1 10 7 12 1 1 11 12 1 1 11 100 12 1 1 1 11 100 12 1 1 1 11 12 1 1 100 1 11 12 1 11 12 1 100 1 11 100 12 1 1 1 18 12 1 11 12 1 1 11 7 12 1 1 11 12 1 1 11 100 12 1 11 12 1 1 11 12 1 1 100 1 100 1 1 1 1 1 1 1 1 1 1 1 1 1 1 1 1 1 1 1 1 1 1 1 1 1 1 1 1 1 1 1 1 1 1 1 1 1 1 1 1 1 1 1 1 1 1 1 1 1 1 1 1 1 1 1 1 1 1 1 1 16 15 11 12 15 10 100 12 1 1 1 1 1 100 1 100 1 1 1 100 1 8 1 1 12 10 1 1 1 8 1 1 1 8 1 1 8 1 1 1 8 1 1 1 8 1 1 1 8 1 1 1 8 1 1 1 8 1 1 1 8 1 1 1 8 1 1 8 1
instanceKlass kotlin/collections/AbstractMutableMap
instanceKlass java/util/Collections$SingletonMap
instanceKlass org/jetbrains/kotlin/protobuf/SmallSortedMap
instanceKlass org/jetbrains/kotlin/com/intellij/util/containers/ConcurrentRefHashMap
instanceKlass org/jetbrains/kotlin/com/intellij/util/containers/RefHashMap
instanceKlass java/util/EnumMap
instanceKlass java/util/TreeMap
instanceKlass java/util/IdentityHashMap
instanceKlass java/util/WeakHashMap
instanceKlass java/util/Collections$EmptyMap
instanceKlass sun/util/PreHashedMap
instanceKlass java/util/HashMap
instanceKlass java/util/ImmutableCollections$AbstractImmutableMap
instanceKlass java/util/concurrent/ConcurrentHashMap
ciInstanceKlass java/util/AbstractMap 1 1 196 10 7 12 1 1 1 10 7 12 1 1 1 11 7 12 1 1 1 10 11 12 1 1 11 7 12 1 1 1 11 12 1 1 7 1 11 12 1 10 12 1 1 11 12 1 100 1 10 11 12 1 11 7 1 10 12 1 1 11 12 1 9 12 1 1 7 1 10 12 1 9 12 1 1 100 1 10 11 11 12 1 1 11 12 1 100 1 100 1 11 12 1 8 1 100 1 10 10 12 1 1 8 1 10 12 1 10 12 1 1 10 12 1 1 1 1 1 1 1 1 1 1 1 1 1 1 1 1 1 1 1 1 1 1 1 1 1 1 1 1 1 1 1 1 1 1 1 1 1 1 1 1 100 1 1 1 1 1 1 1 100 1 1 1 1 1 1 1 1 1 100 1 1 1 1 1 1 1 1 1 100 1 100 1 100 1 100 1 100 1 1 1 1 1 1
ciInstanceKlass java/util/concurrent/ConcurrentHashMap 1 1 1210 7 1 7 1 3 10 12 1 1 3 100 1 10 7 12 1 1 1 100 1 10 100 12 1 1 1 100 1 11 12 1 1 11 12 1 11 12 1 1 9 12 1 1 9 12 1 1 9 12 1 10 7 12 1 1 1 7 1 10 12 1 1 10 12 1 1 10 7 12 1 1 1 4 10 12 1 9 12 1 10 12 1 1 100 1 10 5 0 10 12 1 10 12 1 1 5 0 10 12 1 1 10 12 1 9 12 1 1 10 12 1 1 9 12 1 9 12 1 1 10 12 1 1 9 12 1 10 12 1 1 9 12 1 1 10 12 1 1 100 1 10 100 1 10 12 1 10 12 1 1 10 12 1 1 10 12 1 1 10 12 1 10 12 1 1 10 12 1 1 100 1 10 12 1 1 7 1 100 1 8 1 10 12 1 10 12 1 1 10 12 1 1 11 7 12 1 1 10 12 1 1 11 12 1 1 11 7 12 1 1 1 11 7 12 1 1 1 11 12 1 7 1 11 12 1 11 12 1 10 12 1 1 10 12 1 1 9 12 1 1 10 100 12 1 1 1 9 10 12 1 1 9 12 1 10 12 1 1 5 0 9 12 1 1 7 1 10 12 1 9 12 1 1 7 1 10 12 1 9 12 1 7 1 10 100 1 10 10 12 1 1 8 1 10 12 1 10 12 1 1 11 100 1 10 12 1 10 100 12 1 1 1 8 1 10 100 12 1 1 1 8 1 10 12 1 8 1 10 12 1 10 12 1 1 10 100 12 1 1 10 12 1 10 12 1 10 12 1 9 12 1 9 10 12 1 9 12 1 1 11 100 12 1 1 1 11 7 12 1 1 1 100 1 10 12 11 100 12 1 1 10 11 7 12 1 10 12 1 100 1 10 12 1 100 1 10 10 9 7 12 1 1 1 10 12 3 10 100 12 1 1 9 12 1 10 12 1 1 9 12 1 1 9 12 1 10 12 1 1 10 100 12 1 1 9 12 1 9 7 12 1 1 10 12 1 1 10 12 1 3 9 12 1 9 12 1 10 12 1 1 7 1 9 3 9 12 1 100 1 10 12 1 9 12 1 10 12 1 9 12 1 10 12 1 9 12 1 10 100 12 1 1 1 100 10 12 1 100 1 5 0 10 100 12 1 1 100 1 10 12 1 1 10 12 1 10 12 1 100 1 10 12 1 10 100 1 100 1 10 10 12 1 10 100 1 10 12 1 10 100 1 10 12 1 10 100 1 10 12 1 1 100 1 10 12 1 10 10 12 1 100 1 10 12 1 10 10 12 1 100 1 10 12 1 10 100 1 10 12 1 10 100 1 10 12 1 10 100 1 10 12 1 10 100 1 10 12 1 10 100 1 10 12 1 10 100 1 10 12 1 10 100 1 10 12 1 10 100 1 10 10 100 1 10 10 100 1 10 10 100 1 10 12 1 10 100 1 10 12 1 10 100 1 10 12 1 10 100 1 10 12 1 10 100 1 10 12 1 10 100 1 10 10 100 1 10 10 100 1 10 10 100 1 10 12 1 10 100 1 10 12 1 10 100 1 10 12 1 10 100 1 10 12 1 10 100 1 10 12 1 10 10 12 1 10 7 12 1 1 1 10 12 1 7 1 7 1 10 12 1 9 12 1 1 9 12 1 1 10 12 1 1 8 10 12 1 1 8 8 8 8 7 10 12 1 1 10 12 1 100 1 8 1 10 7 1 100 1 100 1 1 1 5 0 1 1 3 1 3 1 1 1 1 3 1 3 1 3 1 1 1 1 1 3 1 3 1 3 1 1 1 1 1 1 1 1 1 1 1 1 1 1 1 1 1 1 1 1 1 1 1 1 1 100 1 1 1 1 1 1 1 1 1 1 1 1 1 1 1 1 1 1 1 1 1 1 1 1 1 1 1 1 1 1 1 1 1 1 1 1 1 1 1 1 1 1 1 1 1 1 1 1 1 1 1 1 1 1 1 1 1 1 1 1 1 1 1 1 1 1 1 1 1 1 1 1 1 1 1 1 1 1 1 1 1 1 1 1 100 1 1 1 1 1 1 1 1 1 1 1 100 1 1 1 1 1 1 1 1 1 1 1 1 1 1 1 1 1 1 1 1 1 1 1 1 1 1 1 1 1 1 1 1 1 1 1 1 1 1 1 1 1 1 1 1 1 1 1 1 1 1 1 1 1 1 1 1 1 1 1 1 1 1 1 1 1 1 1 1 1 1 1 1 1 1 1 1 1 1 1 1 1 1 1 1 1 1 1 1 1 1 1 1 1 1 1 1 1 1 1 1 1 1 1 1 1 1 1 1 1 1 1 1 1 1 1 1 1 1 1 1 1 1 1 1 1 1 1 1 1 1 1 1 1 1 1 1 1 1 1 1 1 1 1 1 1 1 1 1 1 1 1 1 1 1 1 1 1 1 1 1 1 1 1 1 1 1 1 1 1 1 1 1 1 1 1 1 1 1 1 1 1 1 1 1 1 1 1 1 1 1 1 1 1 1 1 1 1 1 1 1 1 1 1 1 1 1 1 1 1 1 1 1 1 1 1 1 1 1 1 1 1 1 1 100 1 100 1 100 1 100 1 100 1 100 1 100 1 100 1 100 1 1 1 1 1 1 1 1 1 1 1 1 1 1 1 1 1 1 1 1 1 1 1 1 1 1 1 1 1 1 1 1 1 1 1 1 1 1 1 1 1 1 1 1 1 1 1 1 1 1 1 1 1 1 1 1 1 1
staticfield java/util/concurrent/ConcurrentHashMap NCPU I 4
staticfield java/util/concurrent/ConcurrentHashMap serialPersistentFields [Ljava/io/ObjectStreamField; 3 [Ljava/io/ObjectStreamField;
staticfield java/util/concurrent/ConcurrentHashMap U Ljdk/internal/misc/Unsafe; jdk/internal/misc/Unsafe
staticfield java/util/concurrent/ConcurrentHashMap SIZECTL J 20
staticfield java/util/concurrent/ConcurrentHashMap TRANSFERINDEX J 32
staticfield java/util/concurrent/ConcurrentHashMap BASECOUNT J 24
staticfield java/util/concurrent/ConcurrentHashMap CELLSBUSY J 36
staticfield java/util/concurrent/ConcurrentHashMap CELLVALUE J 144
staticfield java/util/concurrent/ConcurrentHashMap ABASE I 16
staticfield java/util/concurrent/ConcurrentHashMap ASHIFT I 2
ciInstanceKlass java/lang/Iterable 1 1 62 10 7 12 1 1 1 11 7 12 1 1 1 11 7 12 1 1 1 11 12 1 1 11 7 12 1 1 1 10 100 12 1 1 1 100 1 1 1 1 1 1 1 1 1 1 1 1 1 1 1 1 1 1 1 1 1 1 1 1 1 1
ciInstanceKlass java/util/Collection 1 1 115 11 100 12 1 1 1 100 1 11 7 12 1 1 1 10 100 12 1 1 1 11 12 1 1 11 100 12 1 1 1 11 12 1 1 11 100 12 1 1 1 11 12 1 1 10 100 12 1 1 1 11 12 1 10 7 12 1 1 1 100 1 100 1 1 1 1 1 1 1 1 1 1 1 1 1 1 1 1 1 1 1 1 1 1 1 1 1 1 1 1 1 1 1 1 1 1 1 1 1 1 1 1 1 1 1 1 1 1 1 1 1 1 1 1
ciInstanceKlass java/util/SequencedCollection 1 1 109 100 1 10 12 1 1 11 100 12 1 1 1 11 100 12 1 1 1 11 12 1 1 11 12 1 100 1 100 1 1 1 1 1 1 1 1 1 1 1 1 1 1 1 1 1 1 1 1 1 1 1 1 1 1 1 1 1 100 1 8 1 1 12 10 1 1 1 8 1 1 1 8 1 1 1 8 1 1 1 8 1 1 8 1 1 1 8 1 1 8 1 1 1 8 1 1 8 1 1 1 8 1 1 8 1 1 8 1
ciInstanceKlass java/util/List 1 1 251 10 100 12 1 1 1 11 100 12 1 1 1 11 100 12 1 1 1 11 12 1 1 11 100 12 1 1 11 12 1 1 11 12 1 1 10 100 12 1 1 1 100 1 100 1 10 12 1 1 100 1 10 100 12 1 1 1 11 12 1 1 11 12 1 11 12 1 100 1 10 12 1 11 12 1 1 11 12 1 1 11 12 1 10 100 12 1 1 1 9 7 12 1 1 1 7 1 10 12 10 12 1 7 1 10 12 1 1 10 12 1 10 12 1 1 11 12 1 1 100 1 1 1 1 1 1 1 1 1 1 1 1 1 1 1 1 1 1 1 1 1 1 1 1 1 1 1 1 1 1 1 1 1 1 1 1 1 1 1 1 1 1 1 1 100 1 100 1 1 1 1 1 1 1 1 1 1 1 1 1 1 1 1 1 1 1 1 1 1 1 1 1 1 1 1 1 1 1 1 1 1 1 1 1 1 1 1 1 1 1 1 1 1 1 1 1 1 1 1 1 1 1 1 1 1 1 1 1 1 1 1 1 1 1 1 1 1 1 1 1 1 1 1 100 1 1 100 1 1 1
ciInstanceKlass java/util/RandomAccess 1 0 7 100 1 100 1 1 1
instanceKlass kotlin/collections/AbstractMutableCollection
instanceKlass org/jetbrains/kotlin/com/google/common/collect/ImmutableCollection
instanceKlass org/jetbrains/kotlin/it/unimi/dsi/fastutil/ints/AbstractIntCollection
instanceKlass org/jetbrains/kotlin/it/unimi/dsi/fastutil/objects/AbstractObjectCollection
instanceKlass org/jetbrains/kotlin/com/intellij/util/containers/UnsafeWeakList
instanceKlass java/util/AbstractQueue
instanceKlass org/jetbrains/kotlin/com/google/common/collect/Multimaps$Entries
instanceKlass org/jetbrains/kotlin/com/google/common/collect/AbstractMapBasedMultimap$WrappedCollection
instanceKlass java/util/HashMap$Values
instanceKlass java/util/LinkedHashMap$LinkedValues
instanceKlass org/jetbrains/kotlin/com/intellij/util/containers/ImmutableList
instanceKlass java/util/ArrayDeque
instanceKlass java/util/AbstractSet
instanceKlass java/util/ImmutableCollections$AbstractImmutableCollection
instanceKlass java/util/AbstractList
ciInstanceKlass java/util/AbstractCollection 1 1 160 10 7 12 1 1 1 10 7 12 1 1 1 10 12 1 1 11 7 12 1 1 1 11 12 1 1 10 12 1 1 10 100 12 1 1 1 10 12 1 1 10 12 1 1 10 7 12 1 1 10 7 12 1 1 1 7 1 10 100 12 1 1 1 10 100 12 1 1 1 100 1 10 11 12 1 11 7 1 10 12 1 10 12 1 10 7 12 1 1 1 11 8 1 7 1 10 10 12 1 1 8 1 10 12 1 10 12 1 1 1 1 1 1 1 1 1 1 1 1 1 1 1 1 1 1 1 1 1 1 1 1 1 1 1 1 1 1 1 1 1 1 1 1 1 1 1 1 1 1 1 1 1 1 1 1 1 1 1 1
instanceKlass org/jetbrains/kotlin/com/intellij/psi/stubs/StubList$1
instanceKlass org/jetbrains/kotlin/com/intellij/util/containers/ContainerUtilRt$EmptyList
instanceKlass org/jetbrains/kotlin/com/intellij/psi/stubs/StubList
instanceKlass java/util/AbstractList$SubList
instanceKlass org/jetbrains/kotlin/com/intellij/lang/impl/PsiBuilderImpl$1
instanceKlass org/jetbrains/kotlin/com/intellij/lang/impl/PsiBuilderImpl$RelativeTokenTypesView
instanceKlass java/util/AbstractSequentialList
instanceKlass kotlin/collections/AbstractMutableList
instanceKlass org/jetbrains/kotlin/protobuf/UnmodifiableLazyStringList
instanceKlass org/jetbrains/kotlin/protobuf/LazyStringArrayList
instanceKlass java/util/ArrayList$SubList
instanceKlass org/jetbrains/kotlin/com/intellij/util/containers/DisposableWrapperList
instanceKlass org/jetbrains/kotlin/com/intellij/util/SmartList
instanceKlass java/util/Vector
instanceKlass java/util/Collections$SingletonList
instanceKlass org/jetbrains/kotlin/utils/SmartList
instanceKlass java/util/Arrays$ArrayList
instanceKlass java/util/Collections$EmptyList
instanceKlass java/util/ArrayList
ciInstanceKlass java/util/AbstractList 1 1 218 10 7 12 1 1 1 9 7 12 1 1 1 10 12 1 1 10 12 1 1 100 1 10 10 12 1 1 11 7 12 1 1 1 11 12 1 1 11 12 1 10 100 12 1 1 1 10 12 1 11 12 1 11 12 1 11 12 1 10 12 1 1 10 12 1 1 11 100 12 1 1 1 11 100 1 11 7 1 10 12 1 7 1 10 12 1 10 12 1 1 7 1 7 1 10 12 1 7 1 10 100 1 100 1 10 8 1 10 12 1 1 10 12 1 10 12 1 1 10 12 1 8 1 100 1 8 1 8 1 8 1 10 100 1 11 10 10 12 1 11 12 1 10 12 1 1 8 1 8 1 1 1 1 1 1 1 1 1 1 1 1 1 1 1 1 1 1 1 1 1 1 1 1 1 1 1 1 1 1 1 1 1 1 1 1 1 1 1 1 1 1 1 1 1 1 1 1 1 1 1 1 1 1 1 1 1 1 100 1 100 1 1 1 1 1 1 1
instanceKlass org/jetbrains/kotlin/com/intellij/util/containers/NotNullList
instanceKlass org/jetbrains/kotlin/com/intellij/util/containers/Stack
instanceKlass org/jetbrains/kotlin/config/MavenComparableVersion$ListItem
ciInstanceKlass java/util/ArrayList 1 1 509 10 7 12 1 1 1 7 1 9 7 12 1 1 1 9 12 1 100 1 100 1 10 8 1 10 12 1 1 10 12 1 10 12 1 1 10 12 1 9 12 1 11 7 12 1 1 1 9 12 1 1 11 12 1 1 7 10 7 12 1 1 1 9 12 1 10 12 1 10 12 1 1 10 7 12 1 1 1 10 7 12 1 1 1 10 12 1 1 10 12 1 1 10 12 1 1 10 12 1 10 12 1 1 100 1 100 1 10 12 1 10 10 7 12 1 1 1 10 7 12 1 1 10 12 1 100 1 10 10 12 10 12 1 1 10 12 1 1 10 12 1 10 12 10 12 1 1 7 1 10 12 1 1 10 12 1 1 10 12 1 100 1 10 11 12 1 1 11 100 12 1 1 1 11 12 1 10 12 1 10 12 1 10 12 1 1 100 1 10 12 1 1 10 10 12 1 1 10 12 1 8 1 8 1 8 1 8 1 10 12 1 1 10 12 1 1 11 12 1 100 1 10 100 12 1 1 10 12 1 10 12 1 1 10 100 12 1 1 10 12 1 10 100 12 1 1 1 11 100 12 1 1 1 10 12 1 100 1 8 1 10 7 1 10 12 1 7 1 10 12 1 10 12 1 1 7 1 10 12 1 10 12 1 1 11 100 12 1 1 100 1 10 12 1 10 12 1 1 11 7 12 1 1 10 12 1 1 10 12 1 1 10 12 1 1 10 12 1 1 11 7 12 1 1 10 12 1 1 100 1 100 1 100 1 1 1 1 5 0 1 3 1 1 1 1 1 1 1 1 1 1 1 1 1 1 1 1 1 1 1 1 1 1 1 1 1 1 1 1 1 1 1 1 1 1 1 1 1 1 1 1 1 1 1 1 1 1 1 1 1 1 1 1 1 1 1 1 1 1 1 1 1 1 1 1 1 1 1 1 1 1 1 1 1 1 1 1 1 1 1 1 1 1 1 1 1 1 1 1 1 1 1 1 1 1 1 1 1 1 1 1 1 1 1 1 100 1 1 1 1 100 1 1 1 1 1 1 1 1 1 1 1 1 1 1 1 1 1 1 1 1 1 1 1 1 1 1 1 1 1 100 1 1 1 1 1 1 1 1 1 1 1 1 1 1 1 1 1 1 100 1 100 1 1 1 1 1 1
staticfield java/util/ArrayList EMPTY_ELEMENTDATA [Ljava/lang/Object; 0 [Ljava/lang/Object;
staticfield java/util/ArrayList DEFAULTCAPACITY_EMPTY_ELEMENTDATA [Ljava/lang/Object; 0 [Ljava/lang/Object;
ciInstanceKlass java/lang/StackTraceElement 0 0 235 10 100 12 1 1 1 10 100 12 1 1 9 12 1 1 9 12 1 1 9 12 1 9 12 1 8 1 10 100 12 1 1 1 100 1 9 12 1 8 1 9 12 1 9 12 1 9 12 1 1 10 12 1 1 10 12 1 8 1 10 100 12 1 1 1 100 1 10 12 1 10 12 1 1 10 12 1 10 12 1 1 10 12 1 10 12 1 10 10 12 1 8 1 10 12 1 10 12 1 1 10 12 1 1 10 12 1 10 12 1 10 12 1 9 12 1 1 10 100 12 1 1 1 10 12 1 1 100 1 10 12 1 1 10 100 12 1 1 10 100 12 1 1 1 10 100 12 1 1 10 100 12 1 1 10 10 12 1 1 10 12 1 1 10 12 1 1 10 12 1 100 1 1 1 1 1 1 1 3 1 3 1 1 5 0 1 1 1 1 1 1 1 1 1 1 1 1 1 1 1 1 1 1 1 1 1 1 1 1 1 1 1 1 1 100 1 100 1 1 1 1 1 1 1 100 1 1 1 1 1 1 1 1 1
instanceKlass java/nio/CharBuffer
instanceKlass java/nio/IntBuffer
instanceKlass java/nio/LongBuffer
instanceKlass java/nio/ByteBuffer
ciInstanceKlass java/nio/Buffer 1 1 256 100 1 10 7 12 1 1 1 9 7 12 1 1 1 9 12 1 9 12 1 1 9 12 1 9 12 1 1 10 12 1 1 10 12 1 1 10 12 100 1 100 1 10 8 1 10 12 1 1 10 12 1 8 1 8 1 10 12 1 1 10 12 1 8 1 9 12 1 1 100 1 8 1 10 12 1 8 1 8 1 9 12 10 12 1 8 1 8 1 8 1 10 12 1 8 1 8 1 8 1 100 1 10 100 1 10 100 1 10 9 12 1 1 10 7 12 1 1 1 100 1 10 12 1 1 10 12 1 10 100 12 1 1 10 7 12 1 1 1 10 7 12 1 1 1 9 12 1 1 10 7 12 1 1 1 9 12 1 1 7 1 10 10 12 1 1 7 1 10 10 7 12 1 1 1 1 1 3 1 1 1 1 1 1 1 1 1 1 1 1 1 1 100 1 1 1 1 1 1 1 100 1 1 1 1 1 1 1 1 1 1 1 1 1 1 1 1 1 1 1 1 1 1 1 1 1 1 1 1 1 1 1 1 1 1 1 1 1 1 1 100 1 100 1 100 1 100 1 100 1 100 1 100 1 1
staticfield java/nio/Buffer UNSAFE Ljdk/internal/misc/Unsafe; jdk/internal/misc/Unsafe
staticfield java/nio/Buffer SCOPED_MEMORY_ACCESS Ljdk/internal/misc/ScopedMemoryAccess; jdk/internal/misc/ScopedMemoryAccess
staticfield java/nio/Buffer IOOBE_FORMATTER Ljava/util/function/BiFunction; jdk/internal/util/Preconditions$4
staticfield java/nio/Buffer $assertionsDisabled Z 1
ciInstanceKlass java/lang/StackWalker 0 0 271 9 100 12 1 1 1 100 1 10 100 12 1 1 1 10 12 1 1 10 100 12 1 1 1 10 12 1 1 10 12 1 11 100 12 1 1 1 10 12 1 1 10 12 1 1 10 12 1 1 100 1 8 1 10 12 1 10 12 1 10 12 1 10 100 12 1 1 9 12 1 1 9 12 1 1 9 12 1 1 9 12 1 1 10 12 1 1 9 12 1 1 9 12 1 1 9 12 1 1 10 100 12 1 1 1 11 12 1 1 100 1 8 1 10 10 100 12 1 1 9 12 1 1 10 12 1 1 10 100 12 1 1 1 10 100 12 1 1 1 18 12 1 1 100 1 8 1 10 8 1 10 12 1 1 10 100 12 1 1 1 10 12 1 1 9 100 12 1 1 11 100 12 1 1 1 10 12 1 1 1 1 1 1 1 1 1 1 1 1 1 1 1 1 1 1 1 1 1 1 1 1 1 1 1 1 1 1 1 1 1 1 1 1 1 1 1 1 1 1 1 1 1 1 1 1 1 1 1 1 1 1 1 1 1 1 1 1 1 1 1 1 1 1 100 1 1 16 15 10 12 16 1 15 10 100 12 1 1 1 1 1 1 1 1 1 100 1 100 1 1
ciInstanceKlass java/lang/StackStreamFactory$AbstractStackWalker 1 0 375 100 1 100 1 3 10 100 12 1 1 1 10 100 12 1 1 10 100 12 1 1 1 9 12 1 1 10 12 1 1 9 12 1 1 9 12 1 1 9 12 1 1 9 12 1 10 100 12 1 1 1 10 12 1 1 10 100 12 1 1 9 12 1 1 9 12 1 1 10 12 1 1 9 100 12 1 1 1 10 12 1 1 10 12 1 9 12 1 1 10 100 12 1 1 1 10 12 1 1 9 12 1 1 9 100 12 1 1 1 100 1 10 8 1 10 12 1 1 10 12 1 8 1 10 12 1 1 10 100 12 1 1 1 100 1 8 1 10 12 1 8 1 10 12 10 100 12 1 1 9 12 1 8 1 5 0 8 1 8 1 9 12 1 1 10 12 1 1 18 12 1 1 10 100 12 1 1 1 10 12 1 1 10 12 1 10 12 1 9 12 1 10 12 1 10 12 1 10 12 1 10 12 1 10 12 1 10 12 1 1 8 1 10 12 1 10 12 1 10 12 1 10 12 1 1 8 1 10 12 1 1 10 12 1 1 10 12 1 1 10 12 1 10 12 1 10 100 12 1 1 1 10 12 1 10 12 1 9 12 1 8 1 10 12 1 10 12 1 10 12 1 1 10 12 1 10 12 1 10 12 1 1 10 12 1 10 12 1 10 12 1 10 12 1 10 12 1 10 12 1 1 10 12 1 1 10 12 1 8 1 1 1 1 1 1 1 1 1 1 1 1 1 100 1 1 1 1 1 1 1 100 1 1 1 1 100 1 1 1 1 1 1 1 1 1 1 1 1 1 1 1 1 1 1 1 16 15 15 10 100 12 1 1 1 1 1 1 1 1 100 1 100 1 1
ciInstanceKlass java/lang/StackWalker$StackFrame 0 0 41 100 1 10 12 1 1 100 1 100 1 1 1 1 1 1 1 1 1 1 1 1 1 1 1 1 1 1 1 1 1 1 1 1 1 1 1 100 1 1 1
instanceKlass java/lang/LiveStackFrameInfo
ciInstanceKlass java/lang/StackFrameInfo 0 0 142 10 100 12 1 1 1 9 100 12 1 1 1 9 100 1 9 12 1 1 11 100 12 1 1 1 9 12 1 1 11 12 1 1 10 12 1 1 10 100 12 1 1 1 10 12 1 11 12 1 11 12 1 1 11 12 1 10 12 1 1 9 12 1 1 10 12 1 1 10 100 12 1 1 10 12 1 1 11 12 1 1 9 12 1 1 10 100 1 10 12 1 9 12 1 1 10 12 1 1 100 1 8 1 10 12 1 10 100 12 1 1 1 100 1 1 1 1 1 1 1 1 1 1 1 1 1 1 1 1 1 1 100 1 1 100 1 1 1 1 1 1
ciInstanceKlass java/lang/LiveStackFrame 0 0 135 100 1 10 100 12 1 1 1 11 100 12 1 1 1 11 12 1 10 100 12 1 1 1 100 1 8 1 10 12 1 1 10 100 12 1 1 1 9 100 12 1 1 1 10 100 12 1 1 1 10 100 12 1 1 1 11 12 1 10 12 1 100 1 100 1 1 1 1 1 1 1 1 1 1 1 1 1 1 1 1 1 1 1 1 1 1 1 1 1 1 1 1 100 1 1 1 1 1 1 1 100 1 8 1 1 12 10 1 1 1 8 1 1 1 8 1 1 1 8 1 1 1 8 1 1 8 1 1 1 8 1 1 8 1
ciInstanceKlass java/lang/LiveStackFrameInfo 0 0 97 10 100 12 1 1 1 9 100 12 1 1 1 9 12 1 9 12 1 9 12 1 9 12 1 1 100 1 10 12 1 1 10 12 1 8 1 10 12 1 1 8 1 8 1 8 1 10 100 1 10 12 1 100 1 10 12 1 100 1 100 1 1 1 3 1 3 1 1 1 1 1 1 1 1 1 1 1 1 1 1 1 1 1 1 1 1 1 1 1 1 1 1 1 100 1 1
instanceKlass java/util/concurrent/locks/AbstractQueuedSynchronizer
ciInstanceKlass java/util/concurrent/locks/AbstractOwnableSynchronizer 1 1 32 10 7 12 1 1 1 9 7 12 1 1 1 100 1 1 1 1 5 0 1 1 1 1 1 1 1 1 1 1 1 1
ciInstanceKlass java/lang/Boolean 1 1 152 10 7 12 1 1 1 9 7 12 1 1 1 10 12 1 1 10 12 1 8 1 10 7 12 1 1 9 12 1 1 9 12 1 10 12 1 1 10 12 1 1 10 12 1 1 10 7 12 1 1 1 100 1 100 1 10 12 1 1 9 100 12 1 1 9 12 10 100 12 1 1 1 10 12 1 1 8 1 10 7 12 1 1 1 9 12 1 1 100 1 100 1 100 1 1 1 1 1 1 5 0 1 1 1 1 1 1 1 1 1 1 3 1 1 1 1 1 1 1 1 1 1 1 1 1 1 1 1 1 1 100 1 1 1 1 1 1 1 1 1 1 100 1 1 1 1 1 1 1 1 1
staticfield java/lang/Boolean TRUE Ljava/lang/Boolean; java/lang/Boolean
staticfield java/lang/Boolean FALSE Ljava/lang/Boolean; java/lang/Boolean
staticfield java/lang/Boolean TYPE Ljava/lang/Class; java/lang/Class
ciInstanceKlass java/lang/Character 1 1 604 7 1 100 1 100 1 9 12 1 1 8 1 9 12 1 1 100 1 9 12 1 1 10 100 12 1 1 1 10 100 12 1 1 1 10 100 12 1 1 1 10 7 12 1 1 1 9 7 12 1 1 1 10 12 1 10 12 1 1 10 12 1 1 10 100 12 1 1 10 12 1 1 3 3 3 3 3 10 12 1 1 10 12 1 3 11 7 12 1 1 1 11 12 1 1 10 12 1 1 10 12 1 1 100 1 10 10 12 1 3 10 12 1 1 10 12 1 10 12 1 1 100 1 8 1 10 12 1 1 10 12 1 10 12 1 10 12 1 10 100 12 1 1 1 10 12 1 10 12 1 10 12 1 1 10 12 1 10 7 12 1 1 10 10 12 1 10 10 12 1 10 12 1 1 10 12 1 10 10 12 1 10 12 1 10 12 1 10 12 1 10 12 1 10 12 1 10 12 1 10 12 10 10 12 10 10 12 1 10 10 12 1 10 10 12 1 10 10 12 1 10 12 1 10 12 1 10 12 1 10 12 1 10 12 1 10 12 1 10 10 12 1 10 10 12 1 10 10 12 1 1 10 10 12 1 10 5 0 10 12 1 10 12 1 10 10 12 1 10 10 12 1 1 10 10 12 1 10 10 12 1 9 12 1 1 100 1 10 10 12 1 10 12 1 1 3 10 100 12 1 1 1 10 12 1 10 100 12 1 1 100 1 10 10 12 1 1 10 12 1 1 10 12 1 1 8 1 10 12 1 9 100 12 1 1 1 10 12 1 10 10 12 1 10 12 1 1 10 12 1 10 10 12 1 1 10 10 12 1 1 100 1 8 1 10 12 1 1 10 7 12 1 1 1 8 1 10 12 1 1 9 12 1 1 100 1 100 1 100 1 1 1 1 3 1 3 1 3 1 3 1 1 1 1 1 3 1 1 3 1 3 1 3 1 3 1 3 1 3 1 3 1 3 1 3 1 3 1 3 1 3 1 3 1 3 1 3 1 3 1 3 1 3 1 3 1 3 1 3 1 3 1 3 1 3 1 3 1 3 1 3 1 3 1 1 1 1 1 1 1 1 1 1 1 1 1 1 1 1 1 1 1 3 1 1 1 1 1 1 1 3 1 1 3 1 1 1 1 1 3 1 1 5 0 1 1 1 1 1 1 1 1 1 1 1 1 1 1 1 1 1 1 1 1 1 1 1 1 1 1 1 1 1 1 1 1 1 1 1 1 1 1 1 1 1 1 1 1 1 1 1 1 1 1 1 1 1 1 1 1 1 1 1 1 1 1 1 1 1 1 1 1 1 1 1 1 1 1 1 1 1 1 1 1 1 1 1 1 1 1 1 1 1 1 100 1 100 1 1 1 1 1 1
staticfield java/lang/Character TYPE Ljava/lang/Class; java/lang/Class
staticfield java/lang/Character $assertionsDisabled Z 1
instanceKlass java/math/BigInteger
instanceKlass java/util/concurrent/atomic/AtomicLong
instanceKlass java/util/concurrent/atomic/AtomicInteger
instanceKlass java/lang/Long
instanceKlass java/lang/Integer
instanceKlass java/lang/Short
instanceKlass java/lang/Byte
instanceKlass java/lang/Double
instanceKlass java/lang/Float
ciInstanceKlass java/lang/Number 1 1 37 10 7 12 1 1 1 10 100 12 1 1 1 100 1 1 1 1 5 0 1 1 1 1 1 1 1 1 1 1 1 1 1 1 1 1 1
ciInstanceKlass java/lang/Float 1 1 279 7 1 100 1 10 100 12 1 1 1 10 100 12 1 1 1 4 100 1 10 12 1 1 10 12 1 1 8 1 8 1 10 100 12 1 1 1 10 12 1 1 10 12 1 1 10 7 1 4 10 7 12 1 1 9 12 1 1 10 12 1 1 10 12 1 10 10 12 1 1 10 12 1 10 12 1 3 3 100 1 4 4 4 3 10 12 1 1 9 12 1 1 100 1 10 3 3 4 4 10 12 1 3 3 3 10 12 1 1 10 12 1 1 10 12 1 10 100 12 1 1 1 10 12 1 1 10 12 1 1 10 7 12 1 1 1 8 1 10 12 1 1 9 12 1 1 100 1 100 1 100 1 1 1 1 4 1 4 1 1 1 4 1 1 3 1 3 1 3 1 3 1 3 1 1 1 1 5 0 1 1 1 1 1 1 1 1 1 1 100 1 1 1 1 1 1 1 1 1 1 1 1 1 3 1 1 1 1 1 1 1 1 1 1 1 1 1 1 1 1 1 1 1 1 1 1 1 1 1 1 1 1 1 1 1 1 1 1 1 1 1 1 1 1 1 1 1 1 1 1 1 1 1 1 1 1 1 1 1 1 1 1 1 1 1 100 1 1 1 1 1 1 1 100 1 100 1 1
staticfield java/lang/Float TYPE Ljava/lang/Class; java/lang/Class
staticfield java/lang/Float $assertionsDisabled Z 1
ciInstanceKlass java/lang/Double 1 1 290 7 1 100 1 10 100 12 1 1 1 10 12 1 1 10 100 1 10 12 1 1 10 100 12 1 1 1 6 0 8 1 10 12 1 1 8 1 10 12 1 1 8 1 6 0 10 12 1 1 100 1 5 0 5 0 8 1 8 1 10 100 12 1 1 1 10 100 12 1 1 1 8 1 10 12 1 1 8 1 8 1 8 1 10 12 1 1 10 12 1 10 12 1 1 10 12 1 10 12 1 10 12 1 1 10 12 1 10 7 1 6 0 10 7 12 1 1 9 12 1 1 10 12 1 10 12 1 10 12 1 10 12 1 10 12 1 5 0 10 12 1 1 10 12 1 10 12 1 10 100 12 1 1 1 10 12 1 1 10 12 1 1 8 1 10 7 12 1 1 1 9 12 1 1 100 1 100 1 100 1 1 1 6 0 1 6 0 1 6 0 1 1 1 6 0 1 1 3 1 3 1 3 1 3 1 3 1 1 1 1 5 0 1 1 1 1 1 1 1 1 1 1 1 1 1 1 1 1 100 1 1 1 1 1 1 1 1 1 1 1 1 3 1 1 1 1 1 1 1 1 1 1 1 1 1 1 1 1 1 1 1 1 1 1 1 1 1 1 1 1 1 1 1 1 1 1 100 1 1 1 1 1 1 1 100 1 100 1 1
staticfield java/lang/Double TYPE Ljava/lang/Class; java/lang/Class
ciInstanceKlass java/lang/Byte 1 1 213 7 1 100 1 10 100 12 1 1 1 9 12 1 1 8 1 9 12 1 1 100 1 10 12 1 1 10 12 1 1 10 100 12 1 1 1 10 100 12 1 1 1 9 7 12 1 1 1 10 12 1 1 100 1 100 1 10 12 1 1 8 1 10 12 1 1 8 1 10 12 1 10 12 1 10 12 1 10 12 1 1 10 12 1 10 12 1 10 12 1 1 10 8 1 8 1 10 7 1 9 12 1 1 10 12 1 1 10 12 1 1 10 12 1 1 10 12 1 5 0 10 12 1 1 8 1 10 7 12 1 1 1 9 12 1 1 100 1 100 1 1 1 3 1 3 1 1 1 1 3 1 3 1 1 5 0 1 1 1 1 1 1 1 1 1 1 1 1 1 1 1 1 1 1 1 1 1 1 1 1 1 1 1 1 1 1 1 1 1 1 1 1 1 1 1 1 1 1 1 1 1 1 1 1 1 1 1 1 1 1 1 1
staticfield java/lang/Byte TYPE Ljava/lang/Class; java/lang/Class
ciInstanceKlass java/lang/Short 1 1 222 7 1 100 1 100 1 10 100 12 1 1 1 10 12 1 1 100 1 100 1 10 12 1 1 8 1 10 12 1 1 8 1 10 12 1 10 12 1 10 12 1 10 12 1 1 10 12 1 1 10 12 1 9 12 1 1 8 1 9 12 1 1 100 1 10 12 1 1 10 12 1 10 100 12 1 1 1 10 100 12 1 1 1 9 100 12 1 1 1 10 12 1 10 12 1 1 10 8 1 8 1 10 7 1 9 12 1 1 10 12 1 1 10 12 1 1 10 12 1 1 10 12 1 3 3 5 0 10 12 1 1 8 1 10 7 12 1 1 1 9 12 1 1 100 1 100 1 1 1 3 1 3 1 1 1 1 3 1 3 1 1 5 0 1 1 1 1 1 1 1 1 1 1 1 1 1 1 1 1 1 1 1 1 1 1 1 1 1 1 1 3 1 1 1 1 1 1 1 1 1 1 1 1 1 1 1 1 1 1 1 1 1 1 1 1 1 1 1 1 1 1
staticfield java/lang/Short TYPE Ljava/lang/Class; java/lang/Class
ciInstanceKlass java/lang/Integer 1 1 453 7 1 100 1 7 1 7 1 10 12 1 1 9 12 1 1 9 12 1 1 10 100 12 1 1 1 10 12 1 1 10 100 12 1 1 1 10 10 12 1 1 10 100 12 1 1 1 10 12 1 10 12 1 1 10 7 12 1 1 1 10 12 1 1 10 12 1 1 10 12 1 10 12 1 10 12 1 1 10 10 12 1 9 12 1 1 9 12 1 100 1 8 1 10 12 1 100 1 10 12 1 8 1 10 12 1 1 10 12 1 8 1 10 12 1 8 1 10 12 1 1 3 10 12 1 1 3 10 12 1 1 10 12 1 1 10 7 12 1 1 1 11 7 1 10 12 1 1 11 10 12 1 1 8 1 10 12 1 1 8 1 100 1 10 12 1 1 10 12 1 1 5 0 8 1 10 12 1 10 12 1 10 12 1 10 12 1 1 7 1 9 12 1 1 9 12 1 1 10 12 1 10 7 1 9 12 1 10 12 1 10 12 1 10 12 1 1 10 7 12 1 1 1 100 1 100 1 10 12 1 1 10 12 1 1 8 1 8 1 10 12 1 1 8 1 8 1 8 1 8 1 8 1 8 1 10 12 1 10 12 1 5 0 3 3 3 3 10 12 1 10 12 1 3 10 12 1 10 100 12 1 1 1 10 12 1 1 10 12 1 1 8 1 10 7 12 1 1 1 9 12 1 1 100 1 100 1 100 1 1 1 1 3 1 1 1 3 1 3 1 1 5 0 1 1 1 1 1 1 1 1 1 100 1 1 1 1 1 1 1 1 1 1 1 1 1 1 1 1 1 1 1 1 1 1 1 1 1 1 1 1 1 1 1 1 1 1 1 1 1 1 1 1 3 1 1 1 1 1 1 1 1 1 1 1 1 1 1 1 1 100 1 1 1 1 1 1 1 1 1 1 1 1 1 1 1 1 1 1 1 1 1 1 1 1 1 1 1 1 1 1 1 1 1 1 1 1 1 1 1 1 1 1 1 1 1 1 100 1 1 1 1 1 1 1 1 1 100 1 100 1 1
staticfield java/lang/Integer TYPE Ljava/lang/Class; java/lang/Class
staticfield java/lang/Integer digits [C 36
staticfield java/lang/Integer DigitTens [B 100
staticfield java/lang/Integer DigitOnes [B 100
ciInstanceKlass java/lang/Long 1 1 524 7 1 100 1 7 1 7 1 10 12 1 1 9 12 1 1 9 7 12 1 1 1 10 100 12 1 1 1 10 12 1 1 10 100 12 1 1 1 10 10 12 10 12 1 10 12 1 10 12 1 5 0 5 0 100 1 10 12 1 1 10 12 1 1 10 12 1 10 12 1 10 12 1 10 12 1 1 10 100 12 1 1 10 12 1 10 12 1 1 10 12 1 1 10 12 1 1 10 12 1 1 10 100 12 1 1 1 10 12 1 1 10 12 1 10 12 1 10 12 1 10 12 1 1 10 10 12 1 5 0 5 0 9 12 1 1 9 12 1 5 0 100 1 8 1 10 12 1 8 1 10 12 1 8 1 8 1 10 12 1 1 5 0 10 12 1 1 5 0 10 12 1 1 10 12 1 1 10 100 12 1 1 1 11 100 1 10 12 1 1 11 10 12 1 1 8 1 10 12 1 1 8 1 100 1 10 12 1 1 10 12 1 8 1 8 1 11 12 1 1 10 12 1 10 12 1 10 12 1 5 0 5 0 9 7 12 1 1 1 10 12 1 10 12 1 1 8 1 8 1 10 12 1 1 8 1 8 1 8 1 8 1 8 1 8 1 10 12 1 10 7 1 9 12 1 1 10 12 1 10 12 1 1 10 12 1 1 10 7 12 1 1 1 100 1 100 1 10 12 1 1 10 12 1 1 5 0 10 12 1 10 12 1 5 0 5 0 5 0 10 12 1 1 10 12 1 5 0 5 0 10 12 1 10 12 1 10 100 12 1 1 1 10 12 1 1 10 12 1 1 8 1 10 7 12 1 1 1 9 12 1 1 100 1 100 1 100 1 1 1 1 5 0 1 1 1 1 3 1 3 1 5 0 1 1 1 1 1 1 1 1 1 100 1 1 1 1 1 1 1 1 1 1 1 1 1 1 1 1 1 1 1 1 1 1 1 1 1 1 1 1 1 1 1 1 1 1 1 1 1 1 1 1 1 1 1 1 1 1 1 1 1 1 1 1 1 1 1 3 1 1 1 1 1 1 1 1 1 1 1 1 1 1 1 100 1 1 1 1 1 1 1 1 1 1 1 1 1 1 1 1 1 1 1 1 1 1 1 1 1 1 1 1 1 1 1 1 1 1 1 1 1 1 1 1 1 1 1 100 1 1 1 1 1 1 1 1 1 100 1 100 1 1
staticfield java/lang/Long TYPE Ljava/lang/Class; java/lang/Class
ciInstanceKlass java/util/Iterator 1 1 53 100 1 8 1 10 12 1 1 10 100 12 1 1 1 11 100 12 1 1 1 11 12 1 1 11 100 12 1 1 1 100 1 1 1 1 1 1 1 1 1 1 1 1 1 1 1 1 1 1 1 1 1
ciInstanceKlass java/lang/reflect/RecordComponent 0 0 196 10 100 12 1 1 1 9 100 12 1 1 1 9 12 1 1 9 12 1 10 12 1 1 10 12 1 1 10 100 12 1 1 1 10 12 1 1 9 12 1 1 10 12 1 1 10 12 1 1 10 12 1 10 100 12 1 1 10 100 12 1 1 9 12 1 1 10 100 12 1 1 1 11 100 12 1 1 1 10 9 100 12 1 1 1 10 100 12 1 1 1 9 12 1 1 10 100 12 1 1 1 10 12 1 1 11 100 12 1 1 10 100 12 1 1 100 1 9 12 1 9 12 1 1 9 12 1 10 100 12 1 1 1 10 12 1 1 10 12 1 1 100 1 10 10 12 1 10 12 1 1 8 1 10 12 1 10 12 1 9 12 1 100 1 1 1 1 1 1 1 1 1 1 1 1 1 1 1 1 1 1 1 1 1 1 100 1 1 1 1 1 1 100 1 1
ciInstanceKlass jdk/internal/vm/vector/VectorSupport 0 0 573 100 1 10 100 12 1 1 1 9 12 1 1 10 12 1 1 100 1 10 12 1 11 100 12 1 1 1 11 100 12 1 1 1 11 100 12 1 1 11 100 12 1 1 11 100 12 1 1 1 11 100 12 1 1 11 100 12 1 1 11 100 12 1 1 11 100 12 1 1 11 100 12 1 1 11 100 12 1 1 11 100 12 1 1 1 11 100 12 1 1 11 100 12 1 1 1 11 100 12 1 1 1 11 100 12 1 1 11 100 12 1 1 1 11 100 12 1 1 100 1 10 12 1 1 11 100 12 1 1 11 100 12 1 1 11 100 12 1 1 11 100 12 1 1 11 100 12 1 1 11 100 12 1 1 9 12 1 1 10 100 12 1 1 11 100 12 1 1 10 12 1 1 10 100 12 1 1 1 10 12 1 10 12 1 1 10 12 1 1 1 1 1 3 1 3 1 3 1 3 1 3 1 3 1 3 1 3 1 3 1 3 1 3 1 3 1 3 1 3 1 3 1 3 1 3 1 3 1 3 1 3 1 3 1 3 1 3 1 3 1 3 1 3 1 3 1 3 1 3 1 3 1 3 1 3 1 3 1 3 1 3 1 3 1 3 1 3 1 3 1 3 1 3 1 3 1 3 1 3 1 3 1 3 1 3 1 3 1 3 1 3 1 3 1 3 1 3 1 1 1 1 1 1 1 1 1 1 1 1 1 1 1 1 1 1 1 1 1 1 1 1 1 1 1 1 1 1 1 1 1 1 1 1 1 1 1 1 1 1 1 1 1 1 1 1 1 1 1 1 1 1 1 1 1 1 1 1 1 1 1 1 1 1 1 1 1 1 1 1 1 1 1 1 1 1 1 1 1 1 1 1 1 1 1 1 1 1 1 1 1 1 1 1 1 1 1 1 1 1 1 1 1 1 1 1 1 1 1 1 1 1 1 1 1 1 1 1 1 1 1 1 1 1 1 1 1 1 1 1 1 1 1 1 1 1 1 1 1 1 1 1 1 1 1 1 1 1 1 1 1 1 1 1 1 1 1 1 1 1 1 1 1 1 1 1 1 1 1 1 1 1 1 1 1 1 1 1 1 1 1 1 1 1 1 1 1 1 1 1 1 1 1 1 1 1 1 1 1 1 1 1 1 1 1 1 1 1 1 1 1 1 1 1 1 1 1 1 1 1 1 1 1 1 1 1 1 1 1 1 1 1 1 100 1 100 1 100 1 100 1 100 1 1 1 1 1 1 1 1 1 1 1 1 1 1 1 1 1 1 1 1 1 1 1 1 1 1 1 1 1 1 1
instanceKlass jdk/internal/vm/vector/VectorSupport$VectorShuffle
instanceKlass jdk/internal/vm/vector/VectorSupport$VectorMask
instanceKlass jdk/internal/vm/vector/VectorSupport$Vector
ciInstanceKlass jdk/internal/vm/vector/VectorSupport$VectorPayload 0 0 32 10 100 12 1 1 1 9 100 12 1 1 1 10 100 12 1 1 1 1 1 1 1 1 1 1 1 1 1 1 1 1
ciInstanceKlass jdk/internal/vm/vector/VectorSupport$Vector 0 0 28 10 100 12 1 1 1 100 1 1 1 1 1 1 1 1 1 1 1 1 1 1 1 100 1 1 1 1
ciInstanceKlass jdk/internal/vm/vector/VectorSupport$VectorMask 0 0 28 10 100 12 1 1 1 100 1 1 1 1 1 1 1 1 1 1 1 1 1 1 1 100 1 1 1 1
ciInstanceKlass jdk/internal/vm/vector/VectorSupport$VectorShuffle 0 0 28 10 100 12 1 1 1 100 1 1 1 1 1 1 1 1 1 1 1 1 1 1 1 100 1 1 1 1
ciInstanceKlass jdk/internal/vm/FillerObject 0 0 16 10 100 12 1 1 1 100 1 1 1 1 1 1 1 1
instanceKlass kotlin/KotlinNullPointerException
ciInstanceKlass java/lang/NullPointerException 1 1 52 10 100 12 1 1 1 10 12 1 9 100 12 1 1 1 10 12 1 1 9 12 1 1 10 12 1 1 10 12 1 1 1 1 5 0 1 1 1 1 1 1 1 1 100 1 100 1 100 1 1 1
ciInstanceKlass java/lang/ArithmeticException 1 1 26 10 100 12 1 1 1 10 12 1 100 1 1 1 1 5 0 1 1 1 1 1 1 1 1 1
ciInstanceKlass java/util/Set 1 1 144 100 1 10 100 12 1 1 1 9 7 12 1 1 1 7 1 10 12 1 1 10 12 1 7 1 7 1 10 12 1 7 1 7 1 11 7 12 1 1 1 11 12 1 1 7 1 10 12 1 10 12 1 1 11 12 1 1 1 1 1 1 1 1 1 1 1 1 1 1 1 1 1 1 1 1 1 1 1 1 1 1 1 1 1 1 1 1 1 1 1 1 1 1 1 1 1 1 1 1 1 1 1 1 1 1 1 1 1 1 1 1 1 1 1 1 1 1 1 1 1 1 1 1 1 1 1 1 1 1 1 1 1 1 1 1 1 1 1 1 1 1 1 1
ciInstanceKlass java/lang/StringLatin1 1 1 392 7 1 10 100 12 1 1 1 10 12 1 1 10 7 12 1 1 1 10 7 12 1 1 1 10 12 1 10 7 12 1 1 1 10 12 1 1 10 7 12 1 1 1 10 7 12 1 1 1 10 12 1 1 10 12 1 1 10 10 12 1 10 12 1 10 9 7 12 1 1 1 10 12 1 1 10 100 12 1 1 1 10 12 10 12 1 1 10 12 1 1 10 12 1 10 12 1 1 10 12 1 1 10 7 12 1 1 1 10 12 1 10 12 1 1 9 12 1 1 100 1 10 10 12 1 1 10 7 12 1 1 1 10 12 1 10 12 1 100 1 100 1 8 1 10 12 1 8 1 10 12 1 1 100 1 10 10 12 10 7 12 1 1 1 8 1 8 1 8 1 10 12 1 1 10 100 12 1 1 10 12 1 10 12 1 1 10 12 1 1 10 12 1 1 10 12 1 10 12 10 12 10 12 1 10 12 10 10 12 1 10 12 1 10 12 1 10 100 12 1 1 1 10 100 12 1 1 1 10 12 1 1 10 12 1 1 10 10 7 12 1 1 1 1 1 1 1 1 1 1 1 1 1 1 1 1 1 1 1 1 1 1 1 1 1 1 1 1 1 1 1 1 1 1 1 1 1 1 1 1 1 1 1 1 1 1 1 1 1 1 1 1 100 1 1 1 1 1 1 1 1 1 1 1 1 1 1 1 1 1 1 1 1 1 1 1 1 1 1 1 1 1 1 1 1 1 1 1 1 1 1 1 1 1 1 100 1 1 1 1 1 1 1 1 1 1 1 1 1 1 1 1 1 1 1 1 1 1 1 100 1 1 1 1 1 1 1 1 1 1 1 1 1 1 1 1 1 1 1 1 1 1 1 1 1 1 100 1 1 1 1
staticfield java/lang/StringLatin1 $assertionsDisabled Z 1
instanceKlass java/lang/ProcessEnvironment
instanceKlass java/util/LinkedHashMap
ciInstanceKlass java/util/HashMap 1 1 629 10 7 12 1 1 1 100 1 10 12 1 1 100 1 10 7 12 1 1 1 100 1 11 12 1 1 11 12 1 11 12 1 1 10 7 12 1 1 1 7 1 3 10 7 12 1 1 1 100 1 100 1 10 8 1 10 12 1 1 10 12 1 10 12 1 1 10 12 1 10 7 12 1 1 1 8 1 10 12 1 9 12 1 1 10 12 1 9 12 1 1 4 10 12 1 10 12 1 1 11 7 12 1 1 9 12 1 1 10 7 12 1 1 1 6 0 10 12 1 1 11 12 1 1 11 7 12 1 1 1 11 7 12 1 1 1 11 12 1 1 7 1 11 12 1 11 12 1 10 12 1 10 12 1 1 9 12 10 12 1 1 9 7 12 1 1 1 9 12 9 12 1 10 12 1 1 9 12 1 7 1 10 12 1 1 10 12 1 1 10 12 1 1 10 12 1 1 10 12 1 1 9 12 1 10 12 1 1 3 4 10 12 1 1 10 12 1 1 9 12 1 1 9 10 12 1 1 10 12 1 1 10 12 1 1 10 12 1 9 12 1 1 7 1 10 12 1 10 12 1 10 7 12 1 1 1 7 1 9 12 1 1 7 1 10 9 12 7 1 10 100 1 10 11 7 12 1 1 1 100 1 10 11 7 12 1 1 11 100 12 1 1 1 10 12 1 100 1 100 1 10 12 1 10 12 1 10 12 1 10 100 12 1 1 10 12 1 1 10 12 1 1 10 100 12 1 1 1 8 10 100 12 1 1 1 100 1 10 4 4 10 12 1 1 10 100 12 1 1 1 10 12 1 8 1 6 0 10 100 12 1 1 1 100 1 11 100 12 1 1 1 10 12 1 10 12 1 10 10 12 1 1 6 0 8 1 10 12 1 10 12 100 1 100 1 1 1 1 5 0 1 3 1 1 1 3 1 3 1 3 1 1 1 1 1 1 1 1 1 1 1 1 1 1 1 1 1 1 1 1 1 1 100 1 1 1 1 1 1 1 1 1 1 1 1 1 1 1 1 1 1 1 1 1 1 1 1 1 1 1 1 1 1 1 1 1 100 1 1 1 1 1 1 1 1 1 1 1 1 1 1 1 1 1 1 1 1 1 1 1 1 1 1 1 1 1 1 1 1 1 1 1 1 1 1 1 1 1 1 1 1 1 1 1 1 1 1 1 100 1 1 1 1 1 1 1 1 1 1 1 1 1 1 1 1 1 1 1 1 1 1 1 1 1 1 1 1 1 1 1 1 1 1 1 1 1 1 1 1 1 1 1 1 1 1 1 1 100 1 1 1 1 1 1 1 1 100 1 1 1 1 1 1 1 1 1 1 1 1 1 1 1 1 1 1 100 1 100 1 100 1 100 1 100 1 100 1 100 1 100 1 1 1 1 1 1 1 1 1 1 1 1 1 1 1 1 1 1
ciInstanceKlass jdk/internal/util/ArraysSupport 1 1 378 7 1 100 1 8 1 10 12 1 1 10 12 1 1 10 100 12 1 1 9 7 12 1 1 1 9 12 1 1 10 7 12 1 1 1 9 12 1 1 10 7 12 1 1 1 9 12 1 10 12 9 12 1 10 12 1 1 10 12 7 1 10 12 1 1 10 12 1 100 1 10 12 1 1 10 12 100 1 10 12 1 100 1 10 12 1 100 1 100 1 10 8 1 10 12 1 1 10 12 1 10 12 1 1 10 9 12 1 1 11 7 12 1 1 1 9 12 1 9 12 1 10 12 1 1 9 12 1 9 12 1 9 12 1 9 12 1 9 12 1 9 12 1 9 12 1 10 12 1 1 10 100 12 1 1 1 9 12 1 9 12 1 10 12 1 1 10 12 1 9 12 1 10 12 1 10 100 12 1 1 1 9 12 1 9 12 1 10 12 1 10 12 1 10 7 12 1 1 1 3 10 12 1 100 1 8 1 8 1 8 1 10 10 100 12 1 1 1 11 100 12 1 1 1 10 12 1 10 100 12 1 1 1 10 12 1 1 10 12 1 1 9 12 1 10 12 1 9 12 1 9 12 1 9 12 1 9 12 1 9 12 1 9 12 1 9 12 1 100 1 10 7 12 1 1 1 1 1 3 1 3 1 3 1 3 1 3 1 3 1 3 1 3 1 1 1 1 1 1 1 1 1 1 1 1 1 1 1 1 1 1 1 1 1 1 1 1 1 1 1 1 1 1 1 1 1 1 1 1 1 1 1 1 1 1 1 1 1 1 1 1 1 1 1 1 1 1 1 1 1 1 1 1 1 1 1 1 1 1 1 1 1 1 1 1 1 1 1 1 1 1 1 100 1 1 1 1
staticfield jdk/internal/util/ArraysSupport U Ljdk/internal/misc/Unsafe; jdk/internal/misc/Unsafe
staticfield jdk/internal/util/ArraysSupport BIG_ENDIAN Z 0
staticfield jdk/internal/util/ArraysSupport LOG2_ARRAY_BOOLEAN_INDEX_SCALE I 0
staticfield jdk/internal/util/ArraysSupport LOG2_ARRAY_BYTE_INDEX_SCALE I 0
staticfield jdk/internal/util/ArraysSupport LOG2_ARRAY_CHAR_INDEX_SCALE I 1
staticfield jdk/internal/util/ArraysSupport LOG2_ARRAY_SHORT_INDEX_SCALE I 1
staticfield jdk/internal/util/ArraysSupport LOG2_ARRAY_INT_INDEX_SCALE I 2
staticfield jdk/internal/util/ArraysSupport LOG2_ARRAY_LONG_INDEX_SCALE I 3
staticfield jdk/internal/util/ArraysSupport LOG2_ARRAY_FLOAT_INDEX_SCALE I 2
staticfield jdk/internal/util/ArraysSupport LOG2_ARRAY_DOUBLE_INDEX_SCALE I 3
staticfield jdk/internal/util/ArraysSupport LOG2_BYTE_BIT_SIZE I 3
staticfield jdk/internal/util/ArraysSupport JLA Ljdk/internal/access/JavaLangAccess; java/lang/System$2
ciInstanceKlass java/util/Map$Entry 1 0 178 18 12 1 1 100 1 100 1 18 10 100 12 1 1 1 18 12 1 18 100 1 11 7 12 1 1 1 11 12 1 11 7 12 1 1 1 10 100 12 1 1 1 10 100 12 1 1 1 8 1 10 12 1 1 8 1 8 1 8 1 10 12 1 10 12 1 8 10 100 1 10 12 1 8 10 12 1 8 1 10 12 1 8 10 12 1 8 1 10 12 1 1 8 1 100 1 8 1 10 12 1 1 11 12 100 1 11 12 1 1 1 1 1 1 1 1 1 1 1 1 1 1 1 1 1 1 1 1 1 1 1 1 1 1 1 1 1 1 1 1 1 1 1 1 1 1 1 16 15 11 12 16 3 3 15 11 12 15 11 12 15 11 12 15 10 100 12 1 1 1 1 1 100 1 100 1 1
instanceKlass java/util/LinkedHashMap$Entry
ciInstanceKlass java/util/HashMap$Node 1 1 95 10 7 12 1 1 1 9 7 12 1 1 1 9 12 1 1 9 12 1 9 12 1 1 100 1 10 10 12 1 1 8 1 10 12 1 10 12 1 1 10 7 12 1 1 1 100 1 11 12 1 1 10 12 1 1 11 12 1 1 1 1 1 1 1 1 1 1 1 1 1 1 1 1 1 1 1 1 1 1 1 1 1 1 1 1 1 1 100 1 1 1 100 1 1
instanceKlass java/util/HashMap$TreeNode
ciInstanceKlass java/util/LinkedHashMap$Entry 1 1 41 10 7 12 1 1 1 100 1 1 1 1 1 1 1 1 1 1 1 1 1 1 1 1 1 1 1 1 1 1 1 1 1 1 100 1 1 100 1 1 1
ciInstanceKlass java/util/HashMap$TreeNode 0 0 250 100 1 10 100 12 1 1 1 9 100 12 1 1 1 9 12 1 1 9 12 1 9 12 1 1 9 12 1 1 10 12 1 1 100 1 10 12 1 9 12 1 9 12 1 9 12 1 1 10 100 12 1 1 1 10 12 1 1 10 12 1 1 10 12 1 1 10 12 1 1 10 12 1 1 10 100 12 1 1 1 10 100 12 1 1 1 10 100 12 1 1 1 9 12 1 10 12 1 1 10 12 1 1 10 12 1 1 10 12 1 1 9 100 1 10 12 1 1 10 12 1 1 10 12 1 10 12 1 1 10 12 1 10 12 1 10 12 1 1 1 1 1 1 1 1 1 1 1 1 1 1 1 1 1 1 1 1 1 1 1 1 1 1 100 1 1 1 1 1 1 1 1 1 1 1 1 1 1 1 1 1 1 1 1 1 1 1 1 1 1 1 1 1 1 1 1 1 1 1 1 1 1 1 1 1 1 1 1 1 1 1 1 1 1 1 1 1 1 1 1 1 1 1 1 1 1 1 1 1 1 1 1 1 1 1 1 1 1 1 1 1 1 1 1 100 1 1 1 1
ciInstanceKlass jdk/internal/util/Preconditions 1 1 194 10 100 12 1 1 1 11 100 12 1 1 1 11 100 12 1 1 1 100 1 100 1 10 7 12 1 1 1 10 12 1 8 1 100 1 10 100 12 1 1 1 10 12 1 1 8 1 8 1 10 100 12 1 1 7 1 10 12 1 8 1 10 100 12 1 1 1 8 1 10 12 1 1 10 12 1 1 11 12 1 8 1 8 1 11 12 1 1 8 1 8 1 8 1 10 12 1 1 10 12 1 1 10 12 1 10 12 1 10 12 1 10 12 7 1 10 10 12 1 1 9 12 1 1 7 1 10 9 12 1 7 1 10 9 12 1 1 1 1 1 1 1 1 1 1 1 1 1 1 1 1 1 1 1 1 1 1 1 1 1 1 1 1 1 1 1 1 1 1 1 1 1 1 1 1 1 1 1 1 1 1 1 1 1 1 1 1 1 1 1 1 1 1
staticfield jdk/internal/util/Preconditions SIOOBE_FORMATTER Ljava/util/function/BiFunction; jdk/internal/util/Preconditions$4
staticfield jdk/internal/util/Preconditions AIOOBE_FORMATTER Ljava/util/function/BiFunction; jdk/internal/util/Preconditions$4
staticfield jdk/internal/util/Preconditions IOOBE_FORMATTER Ljava/util/function/BiFunction; jdk/internal/util/Preconditions$4
ciInstanceKlass java/util/function/BiFunction 1 1 65 10 100 12 1 1 1 18 12 1 1 11 100 12 1 1 11 100 12 1 100 1 1 1 1 1 1 1 1 1 1 1 1 1 1 1 1 1 1 1 1 1 1 1 1 1 1 1 16 15 11 12 15 10 100 12 1 1 1 1 100 1 100 1 1
ciInstanceKlass jdk/internal/util/Preconditions$4 1 1 61 9 7 12 1 1 1 10 7 12 1 1 1 10 100 12 1 1 1 11 100 12 1 1 1 100 1 100 1 100 1 10 12 1 100 1 1 1 1 1 1 1 1 1 1 1 1 1 1 1 1 1 1 1 1 1 12 1 1 1 1
ciInstanceKlass java/util/Arrays 1 1 1029 10 7 12 1 1 1 10 100 12 1 1 1 10 7 12 1 1 1 10 12 1 10 12 1 10 12 1 10 12 1 10 12 1 10 12 1 10 100 12 1 1 1 100 1 100 1 10 8 1 10 12 1 1 10 12 1 8 1 8 1 10 12 1 1 10 12 1 100 1 10 12 1 9 100 12 1 1 1 10 7 12 1 1 100 1 10 12 1 1 10 7 12 1 1 10 7 12 1 1 1 100 1 10 12 1 10 12 1 1 7 1 9 7 12 1 1 1 10 12 1 1 10 100 12 1 1 10 12 1 10 12 1 1 10 12 1 10 12 1 1 100 1 11 12 1 1 10 12 1 10 7 12 1 1 1 10 12 10 12 1 10 12 1 10 12 10 12 1 11 100 12 1 1 1 10 7 12 1 1 1 100 1 10 12 1 10 100 1 10 12 1 10 100 1 10 12 1 10 100 1 10 12 1 10 10 12 1 1 10 12 1 10 12 1 10 12 1 10 12 1 10 12 1 10 100 12 1 1 1 10 12 1 10 100 12 1 1 1 10 12 1 10 12 1 10 7 12 1 1 1 10 12 1 10 12 1 10 12 1 10 12 1 10 12 1 10 12 1 10 12 1 10 12 1 10 12 1 10 12 1 10 12 1 10 12 1 10 12 1 10 12 1 10 12 1 10 12 1 1 10 12 1 1 10 7 12 1 1 1 10 7 1 10 100 1 10 7 1 10 100 1 10 100 1 10 100 1 10 100 1 10 100 1 10 12 1 8 1 10 12 1 1 10 12 1 1 10 12 1 1 10 12 1 1 10 12 1 1 10 12 1 1 10 12 1 1 10 12 1 1 10 12 1 1 7 1 10 12 10 12 1 1 10 12 1 10 12 1 1 10 12 1 1 9 7 12 1 1 1 10 12 1 9 100 1 10 12 1 9 100 1 10 12 1 9 100 1 10 12 1 9 100 1 10 12 1 9 100 1 10 12 1 9 10 12 1 10 12 1 10 12 1 9 12 1 100 1 10 10 12 1 1 10 12 1 10 12 1 10 12 1 10 12 1 10 12 1 10 12 1 10 12 1 10 12 1 10 12 1 8 1 8 1 10 12 1 10 12 1 8 1 10 12 1 10 12 1 10 12 1 10 100 12 1 1 1 3 10 100 1 10 10 12 1 1 11 100 12 1 1 10 12 1 1 10 12 1 10 12 1 10 12 1 10 12 1 10 12 1 10 12 1 10 12 1 10 12 1 11 12 1 8 1 10 11 12 1 11 100 12 1 1 1 11 100 12 1 1 1 11 12 1 1 18 12 1 1 11 12 1 1 11 100 12 1 1 1 18 12 1 11 100 12 1 1 1 18 12 1 11 100 12 1 1 1 18 12 1 100 1 10 7 12 1 1 1 10 12 1 10 12 1 10 12 1 10 12 1 10 12 1 10 12 1 10 12 1 10 12 1 1 10 12 1 10 100 12 1 1 10 12 1 10 12 1 10 12 1 1 10 12 1 10 12 1 10 12 1 1 10 12 1 10 12 1 10 12 1 1 10 12 1 10 12 1 10 12 1 10 12 1 10 12 10 12 1 10 12 10 12 10 12 1 10 12 10 12 1 10 12 1 10 12 1 1 1 1 3 1 3 1 1 1 1 1 1 1 1 1 1 1 1 1 1 1 1 1 1 1 1 1 1 1 1 1 1 1 1 1 1 1 1 1 1 1 1 1 1 1 1 1 1 1 1 1 1 1 1 1 1 1 1 1 1 1 1 1 1 1 1 1 1 1 1 1 1 1 1 1 1 1 1 1 1 1 1 1 1 1 1 1 1 1 1 1 1 1 1 1 1 1 1 1 1 1 1 1 1 1 1 1 1 1 1 1 1 1 1 1 1 1 1 1 1 1 1 1 1 1 1 1 1 1 1 1 1 1 1 1 1 1 1 1 1 1 1 1 1 1 1 1 1 1 1 1 1 1 1 1 1 1 1 1 1 1 1 1 1 1 1 1 1 1 1 1 1 1 1 1 1 1 1 1 1 1 1 1 1 1 1 1 1 1 1 1 1 1 1 1 1 1 1 1 1 1 1 1 1 1 1 1 1 1 1 1 1 1 1 1 1 1 1 1 1 1 1 1 1 1 1 1 1 1 1 1 1 1 1 1 1 1 1 1 1 1 1 1 1 1 1 1 1 1 1 1 1 1 1 1 1 1 1 1 1 100 1 1 16 15 10 12 15 10 12 15 10 12 15 10 12 15 10 100 12 1 1 1 1 1 100 1 100 1 1 1 1 100 1 1 1 1 1 1 100 1 1 100 1 1 100 1 1 1 100 1 100 1 1
staticfield java/util/Arrays $assertionsDisabled Z 1
instanceKlass java/lang/CharacterDataLatin1
ciInstanceKlass java/lang/CharacterData 1 1 86 10 7 12 1 1 1 10 100 12 1 1 1 9 7 12 1 1 1 9 100 12 1 1 9 100 12 1 1 9 100 1 9 100 1 9 100 1 9 100 1 9 100 1 1 1 1 1 1 1 1 1 1 1 1 1 1 1 1 1 1 1 1 1 1 1 1 1 1 1 1 1 1 1 1 1 1 1 1 1 1 1 1 1 1 1
ciInstanceKlass java/lang/CharacterDataLatin1 1 1 141 9 7 12 1 1 1 9 12 1 1 10 12 1 1 10 12 1 10 12 1 1 10 12 1 9 12 1 1 100 1 3 3 3 3 9 12 1 10 7 12 1 1 1 10 9 12 1 1 3 3 3 3 3 3 3 3 3 3 3 3 3 3 3 3 3 3 3 3 3 3 3 3 3 3 3 3 3 3 3 3 3 3 3 1 1 1 1 1 1 1 1 1 1 1 1 1 1 1 1 1 1 1 1 1 1 1 1 1 1 1 1 1 1 1 1 1 1 1 1 1 1 1 1 1 1 1 1 1 1 1 1 1 1 1 1 1 100 1 1 1
staticfield java/lang/CharacterDataLatin1 DIGITS [B 256
staticfield java/lang/CharacterDataLatin1 instance Ljava/lang/CharacterDataLatin1; java/lang/CharacterDataLatin1
staticfield java/lang/CharacterDataLatin1 A [I 256
staticfield java/lang/CharacterDataLatin1 B [C 256
ciInstanceKlass java/lang/StringUTF16 1 1 604 100 1 7 1 10 100 12 1 1 1 100 1 10 7 1 3 100 1 100 1 10 8 1 10 12 1 1 10 12 1 8 1 10 12 1 1 10 12 1 9 12 1 1 10 12 1 1 100 1 8 1 10 12 1 9 12 1 1 9 12 1 10 10 12 1 1 10 12 1 1 10 100 12 1 1 1 10 12 1 10 12 1 1 10 12 1 1 10 12 1 1 10 12 1 1 10 12 1 10 12 1 1 10 12 1 1 10 12 1 1 10 12 1 1 10 12 1 10 12 1 10 12 1 1 10 12 1 100 1 10 12 1 10 10 12 1 1 10 12 1 10 12 1 1 10 12 1 10 7 12 1 1 1 10 7 12 1 1 1 10 12 10 12 1 1 10 12 1 10 12 1 1 10 12 1 1 10 12 1 10 12 1 10 12 1 7 1 10 12 1 1 10 12 1 3 10 12 1 1 10 12 1 10 12 1 10 12 1 10 12 1 10 12 1 10 12 1 1 9 12 1 10 12 1 10 12 1 10 12 1 10 12 1 10 12 1 10 10 12 10 12 10 10 12 1 1 10 100 12 1 1 1 10 12 1 10 12 1 100 1 8 1 8 1 10 12 1 1 100 1 10 10 100 12 1 1 1 10 100 12 1 1 8 1 8 1 8 1 10 12 1 1 10 12 1 1 10 12 10 12 1 10 100 12 1 1 10 12 1 1 10 12 1 1 10 12 1 10 12 10 12 10 12 1 10 12 10 12 1 10 12 1 10 12 1 10 12 1 10 12 1 10 100 12 1 1 1 10 100 12 1 1 1 10 12 1 1 10 12 1 1 11 100 12 1 1 10 12 1 10 12 1 10 12 1 1 9 12 1 1 9 12 1 5 0 5 0 10 12 1 10 12 10 12 10 7 12 1 1 1 10 12 1 1 1 1 1 1 1 1 1 1 1 1 1 1 1 1 1 1 1 1 1 1 1 1 1 1 1 1 1 1 1 100 1 1 1 1 1 1 1 1 1 1 1 1 1 1 1 1 1 1 1 1 1 1 1 1 1 1 1 1 1 1 1 1 1 1 1 1 1 1 1 1 1 1 1 1 1 1 1 1 1 1 1 1 1 1 1 1 1 1 1 1 1 1 1 1 1 1 1 1 1 1 1 1 1 1 1 1 1 1 1 1 1 100 1 1 1 1 1 1 1 1 1 1 1 1 1 1 1 1 1 100 1 1 1 1 1 1 1 1 1 1 1 1 1 1 1 1 1 1 1 1 1 1 1 1 1 1 1 1 1 1 1 1 1 1 1 1 1 1 1 1 1 1 1 1 1 1 1 1 1 1 1 1 1 1 1 1 1 1 1 1 1 100 1 100 1 1 1 1 1
staticfield java/lang/StringUTF16 HI_BYTE_SHIFT I 0
staticfield java/lang/StringUTF16 LO_BYTE_SHIFT I 8
staticfield java/lang/StringUTF16 $assertionsDisabled Z 1
instanceKlass org/jetbrains/kotlin/utils/exceptions/KotlinIllegalStateExceptionWithAttachments
instanceKlass java/util/concurrent/CancellationException
ciInstanceKlass java/lang/IllegalStateException 0 0 35 10 100 12 1 1 1 10 12 1 10 12 1 10 12 1 100 1 1 1 1 5 0 1 1 1 1 1 1 1 1 1 1 1 1
instanceKlass java/util/ArrayList$ListItr
ciInstanceKlass java/util/ArrayList$Itr 1 1 104 9 7 12 1 1 1 10 7 12 1 1 1 9 12 1 1 9 7 12 1 1 9 12 1 9 12 1 9 12 1 10 12 1 100 1 10 9 12 1 1 100 1 10 100 1 10 10 12 1 1 100 1 10 100 12 1 1 1 10 12 1 1 11 100 12 1 1 1 100 1 1 1 1 1 1 1 1 1 1 1 1 1 1 1 1 100 1 1 1 1 1 1 1 1 1 1 1 1 1 1 1 1 1
ciInstanceKlass java/util/NoSuchElementException 0 0 34 10 100 12 1 1 1 10 12 1 10 12 1 10 12 1 100 1 1 1 1 5 0 1 1 1 1 1 1 1 1 1 1 1
ciInstanceKlass java/util/ConcurrentModificationException 0 0 34 10 100 12 1 1 1 10 12 1 10 12 1 10 12 1 100 1 1 1 1 5 0 1 1 1 1 1 1 1 1 1 1 1
ciInstanceKlass kotlin/reflect/KCallable 1 0 76 1 100 1 1 100 1 100 1 1 1 1 1 1 1 1 1 1 1 1 1 1 1 1 1 1 1 1 1 1 1 1 1 1 3 3 3 1 1 3 1 1 1 1 1 1 1 1 1 1 1 1 1 1 1 1 1 1 1 1 1 1 1 1 1 1 1 100 1 1 1 1 1 1 1 1
instanceKlass kotlin/text/StringsKt__StringsKt
ciInstanceKlass kotlin/text/StringsKt__StringsJVMKt 1 1 735 1 100 1 100 1 1 1 1 8 1 7 1 1 12 10 1 7 1 1 12 10 1 1 1 1 1 1 1 1 8 1 12 10 1 1 12 10 1 12 10 1 1 1 1 12 10 1 1 12 10 1 1 1 1 1 1 1 7 12 10 1 1 1 1 12 10 1 8 1 12 10 1 1 12 10 1 7 1 1 12 10 1 7 11 1 1 12 11 1 100 1 12 10 1 1 12 10 1 1 12 10 1 8 1 1 1 1 1 1 1 1 1 1 1 1 1 1 12 10 1 1 8 1 8 1 12 10 1 7 1 12 10 1 100 1 12 10 1 12 10 1 12 10 1 1 1 1 1 1 1 1 1 12 10 1 1 1 12 10 1 1 12 10 1 1 12 10 1 7 10 1 1 1 12 10 1 12 10 12 10 1 1 1 1 1 1 1 1 1 1 1 1 1 1 12 10 1 8 1 1 1 1 1 1 1 1 100 1 1 12 9 1 12 10 1 1 1 1 12 10 1 8 1 1 12 10 1 1 1 1 1 12 10 1 1 1 1 100 1 1 12 9 1 100 1 1 12 10 1 12 10 1 1 1 1 12 10 1 1 1 1 12 10 1 1 1 12 10 1 1 1 100 1 1 12 9 1 12 10 1 1 1 1 12 10 1 100 1 1 12 10 1 100 1 1 12 9 1 100 1 1 12 10 1 12 10 1 100 1 1 12 10 1 1 12 10 1 100 10 1 1 1 1 1 12 10 1 1 1 1 12 10 1 8 1 1 1 1 12 10 1 8 1 8 1 12 10 1 1 12 10 1 100 1 12 10 12 10 1 12 10 1 1 12 10 1 1 12 10 1 12 10 1 12 10 1 1 12 10 1 12 10 1 1 12 10 1 1 1 1 1 1 100 1 1 12 10 1 1 12 10 1 8 1 1 8 1 1 1 1 1 1 8 1 100 1 1 12 10 12 10 1 8 1 1 1 8 1 1 1 12 10 1 1 1 1 1 1 8 1 12 10 1 100 1 12 10 1 8 100 1 100 1 1 12 10 1 1 1 1 1 12 10 1 1 12 10 1 1 1 1 8 12 10 1 1 12 10 1 1 12 10 1 1 12 10 1 12 10 1 1 8 12 10 1 1 12 10 1 1 1 8 1 8 1 1 1 1 8 1 1 8 1 12 10 1 1 1 8 1 12 10 1 1 8 1 12 10 1 1 12 10 1 1 12 10 1 1 1 12 10 1 1 1 1 8 1 1 12 10 12 10 1 1 1 12 10 1 1 1 8 1 12 10 1 1 1 12 10 1 1 12 10 1 1 12 10 12 10 1 12 10 1 8 1 1 12 10 1 1 1 1 12 10 1 1 1 1 1 12 10 1 12 10 1 12 10 1 1 1 8 1 1 1 1 1 1 1 1 1 1 12 10 1 8 1 1 1 1 1 1 1 1 1 1 12 10 1 8 12 10 1 1 1 10 1 100 1 1 12 10 10 1 1 12 10 12 10 1 1 1 1 1 1 1 1 1 1 1 8 1 12 10 1 100 1 12 10 1 8 1 12 10 1 1 1 1 1 1 100 1 1 1 1 1 12 9 8 1 10 1 1 1 1 3 3 3 1 3 1 3 1 1 1 1 1 1 1 1 1 1 1 1 1 1 1 1 1 1 1 1 1 1 1
instanceKlass kotlin/text/StringsKt
ciInstanceKlass kotlin/text/StringsKt___StringsKt 1 1 1210 1 100 1 100 1 1 1 1 1 8 1 7 1 1 12 10 1 8 1 7 1 1 12 11 1 1 12 11 1 100 1 1 12 10 1 100 1 1 12 11 1 7 1 1 12 10 1 1 1 1 1 1 1 1 100 1 12 10 1 1 1 1 1 8 1 12 10 1 100 1 1 12 10 1 1 1 1 1 1 1 1 1 1 1 1 1 1 100 1 8 1 1 12 10 1 1 1 1 8 1 1 1 1 1 1 1 1 1 8 1 8 1 1 100 1 1 1 1 1 1 1 1 1 1 1 1 1 1 1 1 1 1 1 1 1 1 12 10 1 1 1 1 1 1 1 100 1 1 12 9 1 12 10 1 8 1 1 12 10 1 1 1 1 12 10 1 1 1 100 1 8 10 1 1 8 1 8 1 12 10 1 1 1 1 1 1 1 1 1 1 100 1 12 10 1 8 1 1 12 10 1 12 10 1 8 1 1 12 10 10 1 100 1 1 12 10 1 1 12 11 1 1 1 1 1 100 10 1 1 12 10 1 8 1 12 10 1 1 1 1 12 10 1 12 10 1 1 12 10 1 1 1 1 1 8 1 1 1 1 10 1 12 10 1 1 1 1 1 100 1 12 11 1 1 1 1 1 1 1 8 1 1 1 1 100 1 12 11 1 1 1 1 1 1 1 1 1 1 1 1 1 1 1 1 8 1 1 1 1 1 1 1 1 1 1 1 1 1 1 1 1 1 1 8 1 100 1 12 10 12 10 1 1 1 12 10 1 1 1 100 1 1 12 10 1 12 10 1 100 1 1 12 11 1 100 1 12 11 1 1 12 11 1 100 1 12 10 1 12 10 1 1 1 1 1 1 12 10 1 1 1 1 1 1 1 1 1 1 1 1 1 1 1 1 12 10 1 1 12 10 1 8 1 1 12 10 1 1 1 1 100 1 12 10 1 100 10 1 100 1 100 1 12 10 1 12 10 1 12 11 1 1 1 1 1 1 1 1 1 8 1 1 1 1 1 1 1 8 1 1 1 1 1 1 1 1 1 1 1 1 8 1 1 1 1 1 1 1 1 1 1 1 1 100 1 1 12 11 1 1 1 1 1 1 1 100 10 12 10 1 1 1 1 1 1 12 10 1 1 12 10 1 12 10 1 1 100 1 100 10 1 1 1 1 1 100 1 1 12 10 1 1 12 10 1 100 10 1 100 1 1 1 1 10 1 1 12 10 1 1 1 1 1 1 1 1 1 1 1 1 1 1 1 1 1 1 1 1 1 1 1 10 1 12 11 11 1 1 1 1 1 1 1 1 1 1 1 1 1 1 1 1 1 1 1 1 1 1 1 1 1 1 1 1 100 1 12 10 1 100 1 1 1 1 1 1 1 1 1 1 1 1 1 1 1 1 1 1 1 1 1 1 1 1 1 1 1 1 1 1 1 1 1 1 1 1 1 1 1 1 1 1 1 1 1 1 1 1 1 1 1 1 100 1 100 10 1 100 1 12 10 1 1 1 1 1 1 1 1 1 1 1 1 1 1 1 1 1 8 1 1 1 1 1 1 1 1 100 1 12 11 1 1 1 1 1 1 1 1 1 1 1 1 1 1 8 1 1 1 1 1 1 1 10 1 12 10 1 1 1 1 1 1 8 1 100 1 1 12 11 1 1 1 1 1 1 1 1 1 1 1 1 1 1 1 1 12 10 1 100 1 12 10 1 1 1 1 1 1 12 10 1 12 10 1 1 1 1 1 1 1 100 1 12 10 1 1 1 1 100 1 12 10 1 1 1 1 8 1 100 1 12 11 1 1 1 1 1 1 1 1 1 1 1 1 1 1 1 1 1 1 1 1 1 1 1 1 1 1 12 10 1 12 10 1 1 1 1 1 1 1 1 1 1 1 1 1 1 1 1 1 1 1 1 1 1 1 1 1 1 1 1 1 1 1 100 1 8 10 1 1 1 1 1 1 1 1 1 1 1 1 1 1 1 1 1 1 1 1 1 1 1 1 1 1 1 1 1 1 1 1 10 1 1 1 1 1 1 1 1 1 1 1 1 1 1 1 1 1 1 1 1 1 1 1 1 1 1 1 1 1 1 1 1 1 1 1 1 1 1 1 1 1 1 1 1 1 1 1 1 1 1 1 1 1 1 1 1 1 1 1 1 1 1 1 1 1 12 10 1 1 1 1 1 1 1 100 1 12 10 1 12 10 1 1 1 100 1 12 10 12 10 1 1 1 1 1 1 12 10 1 1 1 1 12 10 1 1 1 1 100 1 1 12 9 1 12 10 1 1 1 1 12 10 1 1 1 1 12 10 1 1 1 1 1 1 1 100 1 12 9 1 1 1 1 1 1 1 100 1 1 12 10 1 1 1 1 1 1 1 1 100 1 12 9 1 1 1 12 10 1 1 1 12 10 1 1 12 10 1 100 1 12 10 1 1 12 10 1 100 1 12 10 1 100 1 12 10 1 1 1 1 1 1 1 8 12 10 1 100 1 1 12 10 1 1 1 1 1 1 1 1 1 1 1 1 1 1 1 1 1 1 1 1 1 1 1 100 10 1 1 1 1 1 12 10 1 100 10 1 100 1 10 1 1 1 1 3 3 3 1 3 1 3 1 1 1 1 1 1 1 1 1 1 1 1 1 1 1 1 1 1 1 1 1 1 1 1 1 1 1 1 1 1 1 1 1 100 1 100 1 1 100 1 1 1 1 1 1 1 1 1 1 1 1 1 1 1 1
ciInstanceKlass kotlin/text/StringsKt 0 0 36 1 100 1 100 1 1 12 10 1 1 1 1 3 3 3 1 3 1 3 1 1 1 1 1 1 1 1 1 1 1 1 1 1 1 1
ciInstanceKlass kotlin/reflect/KProperty 1 0 51 1 100 1 1 100 1 100 1 1 1 1 1 1 1 1 1 3 3 3 1 1 3 1 1 1 1 1 1 1 1 1 1 1 1 1 1 1 1 100 1 100 1 1 100 1 1 1 1 1 1
ciInstanceKlass org/jetbrains/kotlin/name/FqName 1 1 171 1 7 1 7 1 1 1 1 1 1 1 1 1 1 1 1 12 10 1 8 1 7 1 1 12 10 1 1 12 10 1 1 1 1 12 10 1 7 1 12 10 12 9 1 1 1 1 12 9 1 1 12 10 1 100 1 1 1 1 12 10 1 10 1 100 1 8 10 12 10 12 10 1 1 1 12 10 12 10 1 1 1 1 12 10 1 100 1 12 10 1 1 1 12 10 1 100 1 1 12 10 1 1 1 12 10 1 1 12 10 1 12 10 1 1 12 10 1 1 1 1 1 12 10 1 1 8 12 9 1 8 1 8 1 100 8 8 8 8 8 8 8 8 8 8 8 8 8 8 8 8 8 1 1 12 10 1 100 10 1 100 1 1 1 1 1 1 1 1 1
staticfield org/jetbrains/kotlin/name/FqName ROOT Lorg/jetbrains/kotlin/name/FqName; org/jetbrains/kotlin/name/FqName
ciInstanceKlass org/jetbrains/kotlin/name/FqNameUnsafe 1 1 245 1 7 1 7 1 1 7 1 1 1 1 1 1 1 1 1 1 1 1 1 1 1 1 1 1 1 12 10 1 12 10 12 9 12 9 1 1 1 12 9 12 9 1 1 1 1 7 1 1 12 10 1 1 1 12 10 1 1 12 10 1 7 1 1 12 10 1 12 10 12 10 1 7 1 12 9 1 1 12 10 1 1 1 1 1 1 12 10 1 1 1 12 10 1 1 12 10 12 10 1 100 1 8 10 12 10 1 1 10 1 7 10 1 1 12 10 1 8 1 12 10 12 10 1 1 1 1 12 9 12 10 1 1 1 1 100 1 12 10 12 9 1 7 1 1 12 10 12 9 1 7 1 1 12 10 1 100 1 1 1 1 12 10 1 1 12 10 1 1 1 1 1 1 1 12 10 1 1 1 1 1 1 12 10 1 1 1 1 12 10 1 1 8 1 12 10 1 8 1 1 12 10 10 1 8 1 8 1 100 8 8 8 8 8 8 8 8 8 8 8 8 8 8 8 8 8 1 1 12 10 1 100 10 1 100 1 1 1 1 1 1 1 1 1
staticfield org/jetbrains/kotlin/name/FqNameUnsafe ROOT_NAME Lorg/jetbrains/kotlin/name/Name; org/jetbrains/kotlin/name/Name
staticfield org/jetbrains/kotlin/name/FqNameUnsafe SPLIT_BY_DOTS Ljava/util/regex/Pattern; java/util/regex/Pattern
staticfield org/jetbrains/kotlin/name/FqNameUnsafe STRING_TO_NAME Lkotlin/jvm/functions/Function1; org/jetbrains/kotlin/name/FqNameUnsafe$1
ciInstanceKlass org/jetbrains/kotlin/name/Name 1 1 157 1 7 1 1 7 1 100 1 1 1 1 1 1 1 1 1 1 12 10 1 12 10 12 9 12 9 1 1 1 1 1 7 1 1 100 1 100 10 1 8 1 1 12 10 1 12 10 1 12 10 1 12 10 12 10 1 1 1 12 10 1 1 12 10 1 1 12 10 1 1 1 12 10 1 1 1 12 10 1 1 1 12 10 1 8 1 12 10 1 1 12 10 1 1 1 1 1 1 12 10 12 10 1 100 1 8 10 1 12 10 1 1 1 12 10 1 1 1 1 12 10 1 1 12 10 1 8 1 8 1 100 8 8 8 8 8 8 8 8 8 8 8 1 1 12 10 1 100 1 1 1 1 1 1 1 1
ciInstanceKlass org/jetbrains/kotlin/name/ClassId 1 1 257 1 7 1 7 1 1 1 3 3 1 3 1 3 1 1 1 1 1 1 1 1 1 1 1 1 1 1 1 1 1 1 1 1 1 1 1 1 1 1 1 1 1 1 1 1 1 1 1 1 1 1 1 1 1 1 1 1 1 1 1 1 1 1 7 1 1 1 8 1 7 1 1 12 10 8 1 12 10 12 9 12 9 12 9 1 7 1 12 10 1 7 1 12 9 1 7 10 1 8 1 1 12 10 1 12 10 1 8 8 1 100 1 12 10 1 100 1 12 10 1 1 1 8 1 1 12 10 1 8 1 12 10 12 10 1 12 10 1 12 10 1 8 1 1 1 1 12 10 1 8 1 1 8 1 12 10 1 8 12 10 1 12 10 1 12 10 1 8 12 10 1 1 12 10 1 8 1 7 1 1 12 10 1 8 1 8 1 1 1 1 12 10 1 8 1 1 10 1 1 1 12 10 1 12 10 1 7 1 12 10 1 1 1 1 12 10 1 1 7 1 1 12 10 1 1 1 1 1 12 9 12 10 1 1 1 1 12 10 1 1 12 10 1 1 12 10 1 1 1 1 1 1 1 1 1 1
staticfield org/jetbrains/kotlin/name/ClassId Companion Lorg/jetbrains/kotlin/name/ClassId$Companion; org/jetbrains/kotlin/name/ClassId$Companion
ciInstanceKlass kotlin/properties/ReadOnlyProperty 1 0 34 1 100 1 1 100 1 1 1 1 1 1 3 3 3 1 1 3 1 1 1 1 1 1 1 1 1 1 1 1 1 1 1 1
ciInstanceKlass org/jetbrains/kotlin/fir/FirSessionComponent 1 0 22 1 100 1 100 1 1 1 3 3 1 3 1 3 1 1 1 1 1 1 1 1
instanceKlass org/jetbrains/kotlin/util/OneElementArrayMap
instanceKlass org/jetbrains/kotlin/util/ArrayMapImpl
instanceKlass org/jetbrains/kotlin/util/EmptyArrayMap
ciInstanceKlass org/jetbrains/kotlin/util/ArrayMap 1 1 72 1 7 1 1 7 1 100 1 100 1 1 1 3 3 1 3 1 3 1 1 1 1 1 1 1 1 1 1 1 1 1 1 1 1 1 1 1 1 1 1 12 10 1 1 1 1 1 1 1 1 1 1 1 100 1 8 1 12 10 1 10 1 1 1 1 1 1 1 1 1 1
instanceKlass org/jetbrains/kotlin/util/ComponentArrayOwner
instanceKlass org/jetbrains/kotlin/util/AttributeArrayOwner
ciInstanceKlass org/jetbrains/kotlin/util/AbstractArrayMapOwner 1 1 110 1 7 1 1 7 1 100 1 100 1 1 1 3 3 1 3 1 3 1 1 1 1 1 1 1 1 1 1 1 1 1 1 1 1 1 1 1 1 1 1 1 1 1 1 1 1 1 1 1 1 1 100 12 10 1 1 1 1 1 1 8 1 7 1 1 12 10 8 1 7 1 1 12 11 1 1 12 10 12 10 1 1 1 12 10 1 7 12 10 1 1 1 12 10 1 1 12 10 1 1 1 1 1 1 1 1 1 1 1
ciInstanceKlass org/jetbrains/kotlin/protobuf/ExtensionRegistryLite$ObjectIntPair 1 1 42 1 7 1 7 1 1 100 1 1 1 1 1 1 1 1 12 10 12 9 12 9 1 1 1 1 1 7 1 1 12 10 3 1 1 1 1 1 1 1 1 1
instanceKlass org/jetbrains/kotlin/fir/extensions/FirExtensionService
instanceKlass org/jetbrains/kotlin/fir/FirSession
ciInstanceKlass org/jetbrains/kotlin/util/ComponentArrayOwner 1 1 236 1 7 1 1 7 1 1 1 3 3 1 3 1 3 1 1 1 1 1 1 1 1 1 1 1 1 1 1 1 1 1 1 1 1 1 1 1 1 1 1 1 1 1 100 1 100 1 1 1 12 10 1 7 10 1 7 12 9 1 1 1 1 100 8 1 7 1 1 12 10 8 1 1 12 10 1 7 1 1 12 10 1 1 12 10 1 100 1 100 1 12 10 1 100 1 12 10 1 1 1 1 1 1 8 12 10 1 100 1 12 10 1 100 1 100 10 1 8 1 1 12 10 1 12 10 1 8 1 12 10 1 8 1 1 12 10 10 1 12 10 1 1 1 1 12 10 1 8 1 8 1 12 10 1 12 10 1 8 1 8 1 8 1 8 1 1 12 10 1 1 12 11 1 100 1 1 12 11 1 100 1 1 12 11 1 1 12 11 1 12 11 1 12 11 1 100 1 1 12 10 1 8 1 12 10 1 1 12 10 1 100 1 1 12 10 1 8 1 1 1 1 1 1 1 1 1 1 1 1 1 1 1 1 1 1
instanceKlass org/jetbrains/kotlin/fir/java/FirCliSession
ciInstanceKlass org/jetbrains/kotlin/fir/FirSession 1 1 145 1 7 1 1 7 1 1 1 3 3 1 3 1 3 1 1 1 1 1 1 1 1 1 1 1 1 1 1 1 1 1 1 1 1 1 1 1 1 1 1 1 1 1 1 1 1 1 1 1 7 1 100 1 1 1 1 1 8 1 7 1 1 12 10 1 12 10 12 9 12 9 1 7 10 12 9 12 9 1 7 12 9 1 1 1 1 1 8 8 1 1 12 10 1 8 1 12 10 1 1 1 100 1 1 12 10 1 8 1 100 1 100 10 1 8 1 1 12 10 1 1 12 10 1 12 10 12 10 1 1 1 1 12 10 1 1 1 1 1 1 1 1 1 1
staticfield org/jetbrains/kotlin/fir/FirSession Companion Lorg/jetbrains/kotlin/fir/FirSession$Companion; org/jetbrains/kotlin/fir/FirSession$Companion
ciInstanceKlass org/jetbrains/kotlin/util/ArrayMapImpl 1 1 163 1 7 1 1 7 1 1 1 3 3 1 3 1 3 1 1 1 1 1 1 1 1 1 1 1 1 1 1 1 1 1 1 1 1 1 1 1 1 1 1 1 1 1 1 1 1 1 1 7 1 100 1 7 1 1 1 1 12 10 12 9 12 9 1 1 7 12 10 1 1 7 1 1 12 10 1 8 1 7 1 1 12 10 1 1 8 1 12 10 12 10 12 10 1 1 1 1 7 1 1 12 10 1 1 1 1 1 12 10 1 7 1 1 1 100 12 10 1 100 100 12 10 1 1 12 11 1 100 1 1 1 1 1 1 1 1 1 1 1 1 1 1 1 1 1 1 1 1 10 12 9 1 1 1 1 1 1 1 1 1 1 1
staticfield org/jetbrains/kotlin/util/ArrayMapImpl Companion Lorg/jetbrains/kotlin/util/ArrayMapImpl$Companion; org/jetbrains/kotlin/util/ArrayMapImpl$Companion
instanceKlass org/jetbrains/kotlin/fir/resolve/providers/impl/FirBuiltinSyntheticFunctionInterfaceProvider
instanceKlass org/jetbrains/kotlin/fir/resolve/providers/impl/FirExtensionSyntheticFunctionInterfaceProvider
ciInstanceKlass org/jetbrains/kotlin/fir/resolve/providers/impl/FirSyntheticFunctionInterfaceProviderBase 1 1 804 1 7 1 7 1 1 1 3 3 1 3 1 3 1 1 1 1 1 1 1 1 1 1 1 1 1 1 1 1 1 1 1 1 1 1 1 1 1 1 1 1 1 1 1 1 1 1 1 1 1 1 1 1 1 1 1 1 1 1 1 1 1 1 1 1 1 1 7 1 7 1 1 7 1 100 1 7 1 7 1 1 7 1 7 1 7 1 7 1 7 1 1 1 8 1 7 1 1 12 10 8 8 1 12 10 12 9 12 9 1 12 10 1 7 12 9 1 7 1 1 12 10 1 7 1 1 12 10 1 12 10 1 7 1 7 1 1 12 10 12 9 1 1 1 8 1 12 10 1 7 1 7 1 1 12 10 1 7 1 12 9 10 1 1 12 10 1 12 10 1 1 1 1 1 1 1 8 8 8 1 1 1 1 1 1 7 1 1 12 10 1 7 12 10 1 8 1 1 12 10 1 7 1 1 8 1 7 1 1 12 10 1 1 12 10 1 8 1 12 10 1 7 1 12 10 1 1 12 10 1 1 12 10 1 8 1 7 1 1 12 10 1 7 1 12 10 1 12 10 1 7 1 12 10 1 1 12 10 1 1 12 9 1 1 12 10 1 1 12 10 1 1 12 10 1 7 1 12 9 1 7 1 7 1 1 12 9 1 12 9 1 12 10 1 7 1 1 12 10 1 7 1 1 12 9 1 1 12 10 1 7 1 1 12 10 1 1 12 10 1 12 9 1 1 12 10 1 1 12 10 1 1 12 10 1 7 1 12 10 1 7 1 7 1 7 1 1 12 10 1 12 10 1 7 1 1 12 11 1 7 1 7 1 1 12 11 1 7 1 12 10 1 7 10 10 10 10 1 7 10 1 1 12 10 1 12 10 1 12 10 1 7 1 1 12 10 10 1 7 10 1 12 10 1 7 1 1 12 10 1 7 1 1 12 9 1 1 12 10 1 1 12 10 1 12 10 12 10 1 7 1 1 12 10 1 7 1 1 12 10 1 1 12 11 1 1 12 10 1 1 12 11 1 8 1 12 9 11 1 7 1 12 9 1 12 10 1 7 1 12 10 1 12 10 1 12 10 1 1 12 11 1 7 1 7 1 1 12 11 1 1 12 10 1 12 10 1 7 1 7 1 1 12 10 1 12 10 1 12 10 1 7 1 12 9 1 1 12 10 1 7 1 12 10 1 7 1 1 12 10 1 7 1 1 12 10 1 7 1 1 12 10 1 1 12 10 1 1 12 10 1 12 10 1 7 10 10 10 10 1 7 1 1 12 10 10 10 1 7 1 7 1 12 10 1 12 10 1 12 10 1 12 10 1 12 10 1 1 12 10 1 12 10 1 100 1 8 1 7 10 10 1 12 10 1 7 1 1 12 10 10 10 10 10 1 7 12 10 1 12 10 1 1 12 10 1 12 10 1 12 10 1 12 10 1 12 10 1 12 10 1 7 1 1 12 10 1 7 1 1 12 10 1 12 10 1 12 10 1 7 10 1 7 1 1 12 10 1 12 10 1 7 1 12 9 1 7 1 1 12 10 1 12 10 1 12 10 1 7 1 7 1 1 12 10 1 12 10 1 1 1 1 1 1 1 1 1 1 1 1 1 1 1 1 1 1 1 1 1 1 1 1 1 1 1 1 1 1 1 1 1 1 1 1 1 1 1 1 1 1 1 1 1 1 1 1 1 1 1 1 1 1 1 1 1 1 1 1 10 1 1 12 10 1 12 10 1 1 12 10 1 1 12 11 1 1 1 1 1 1 12 10 1 7 1 1 1 1 1 1 12 10 1 1 1 1 1 1 1 1 1 1 1
staticfield org/jetbrains/kotlin/fir/resolve/providers/impl/FirSyntheticFunctionInterfaceProviderBase Companion Lorg/jetbrains/kotlin/fir/resolve/providers/impl/FirSyntheticFunctionInterfaceProviderBase$Companion; org/jetbrains/kotlin/fir/resolve/providers/impl/FirSyntheticFunctionInterfaceProviderBase$Companion
ciInstanceKlass org/jetbrains/kotlin/fir/java/FirCliSession 1 1 52 1 100 1 7 1 1 1 3 3 1 3 1 3 1 1 1 1 1 1 1 1 1 1 1 1 1 100 1 1 1 8 1 7 1 1 12 10 8 1 7 1 12 10 1 1 1 1 1 1 1 1
ciInstanceKlass org/jetbrains/kotlin/util/OneElementArrayMap 1 1 93 1 7 1 1 7 1 1 1 3 3 1 3 1 3 1 1 1 1 1 1 1 1 1 1 1 1 1 1 1 1 1 1 1 1 1 1 1 1 1 1 7 1 1 1 1 8 1 7 1 1 12 10 1 12 10 12 9 12 9 1 1 1 1 100 1 12 10 1 1 1 100 1 1 12 10 1 1 1 12 10 1 7 1 1 1 1 1 1 1 1 1 1
instanceKlass org/jetbrains/kotlin/util/NullableArrayMapAccessor
instanceKlass org/jetbrains/kotlin/util/ArrayMapAccessor
ciInstanceKlass org/jetbrains/kotlin/util/AbstractArrayMapOwner$AbstractArrayMapAccessor 1 1 72 1 7 1 1 7 1 1 1 3 3 1 3 1 3 1 1 1 1 1 1 1 1 1 1 1 1 1 1 1 1 1 1 1 7 1 1 1 12 10 12 9 1 1 1 1 8 1 7 1 1 12 10 1 1 12 10 1 7 1 1 12 10 1 1 1 1 1 1 1 1 1
ciInstanceKlass org/jetbrains/kotlin/util/ArrayMapAccessor 1 1 127 1 7 1 1 7 1 100 1 1 1 3 3 1 3 1 3 1 1 1 1 1 1 1 1 1 1 1 1 1 1 1 1 1 1 1 1 1 1 1 1 1 1 100 1 1 1 1 1 1 8 1 7 1 1 12 10 1 12 10 12 9 12 9 1 1 1 12 10 1 1 8 8 1 1 12 10 1 100 1 100 1 12 10 1 8 1 1 12 10 1 8 1 1 12 10 1 12 10 1 8 1 12 10 1 1 12 10 1 100 10 1 12 10 1 12 10 1 1 1 1 1 1 1 1 1 1
ciInstanceKlass org/jetbrains/kotlin/fir/extensions/FirExtensionService 1 1 170 1 7 1 1 7 1 100 1 1 1 3 3 1 3 1 3 1 1 1 1 1 1 1 1 1 1 1 1 1 1 1 1 1 1 1 1 1 1 1 1 1 1 1 1 1 1 1 1 1 7 1 100 1 1 7 1 1 1 8 1 7 1 1 12 10 1 12 10 12 9 1 1 12 9 1 7 12 9 1 1 1 8 8 1 7 1 12 11 1 7 1 7 1 7 1 1 12 10 1 12 10 1 7 1 1 12 11 1 100 1 7 1 1 12 11 1 1 12 11 1 1 12 11 1 1 12 11 1 1 12 10 1 1 1 1 1 1 1 1 1 1 1 1 1 1 1 1 1 12 10 1 1 12 10 1 1 12 10 1 1 1 1 1 1 1 1 1 1 1
staticfield org/jetbrains/kotlin/fir/extensions/FirExtensionService Companion Lorg/jetbrains/kotlin/fir/extensions/FirExtensionService$Companion; org/jetbrains/kotlin/fir/extensions/FirExtensionService$Companion
instanceKlass org/jetbrains/kotlin/fir/types/FirFunctionTypeKindServiceImpl
ciInstanceKlass org/jetbrains/kotlin/fir/types/FirFunctionTypeKindService 1 1 109 1 7 1 7 1 100 1 1 1 3 3 1 3 1 3 1 1 1 1 1 1 1 1 1 1 1 1 1 1 1 1 1 1 1 1 1 1 1 1 1 1 1 1 1 1 1 1 1 1 7 1 7 1 12 10 1 1 1 1 8 1 7 1 1 12 10 8 12 10 1 1 12 10 1 1 12 10 1 100 1 1 12 10 1 1 12 10 1 12 10 1 1 1 1 1 1 1 1 1 1 1 1 1 1 1 1 1 1
ciInstanceKlass org/jetbrains/kotlin/fir/types/FirFunctionTypeKindServiceImpl 1 1 397 1 7 1 7 1 1 1 3 3 1 3 1 3 1 1 1 1 1 1 1 1 1 1 1 1 1 1 1 1 1 1 1 1 1 1 1 1 1 1 1 1 1 1 1 1 1 1 1 1 1 1 1 1 1 7 1 7 1 1 7 1 1 7 1 1 7 1 1 7 1 7 1 1 7 1 1 1 8 1 7 1 1 12 10 1 12 10 12 9 1 7 10 1 7 12 9 1 7 1 1 12 10 1 1 12 9 1 1 12 11 1 12 9 1 12 9 1 12 9 1 12 10 1 7 1 1 12 10 1 7 1 1 12 10 1 1 12 11 1 7 1 1 12 11 1 1 12 11 1 1 12 10 1 1 12 10 1 7 1 1 12 10 1 12 10 1 7 11 1 7 10 1 1 12 10 1 1 12 10 1 12 10 1 1 12 10 1 12 10 1 12 10 11 1 1 12 10 1 1 12 10 1 8 1 100 1 100 10 1 12 10 1 7 1 12 10 12 9 1 1 1 1 1 1 1 1 1 1 1 1 1 1 1 1 1 1 1 1 1 1 1 1 1 1 1 1 1 1 8 1 12 11 1 7 1 1 12 10 1 7 12 11 1 7 1 12 10 1 1 12 10 1 1 1 1 1 11 1 7 1 12 10 1 7 1 7 1 1 12 10 1 7 1 12 10 1 12 10 1 1 1 1 1 1 1 1 1 1 1 1 1 1 1 1 1 1 1 1 1 1 8 1 7 10 10 1 1 1 1 1 1 1 8 8 12 10 10 1 1 12 10 1 100 1 12 10 1 8 1 12 10 1 1 12 10 1 1 12 10 1 12 10 1 12 10 1 100 10 1 1 1 1 1 1 1 1 1 12 10 1 1 1 1 1 1 1 1 1 1 1 1 1 1 1 1 1
instanceKlass androidx/compose/compiler/plugins/kotlin/k2/KComposableFunction
instanceKlass androidx/compose/compiler/plugins/kotlin/k2/ComposableFunction
instanceKlass org/jetbrains/kotlin/builtins/functions/FunctionTypeKind$KSuspendFunction
instanceKlass org/jetbrains/kotlin/builtins/functions/FunctionTypeKind$KFunction
instanceKlass org/jetbrains/kotlin/builtins/functions/FunctionTypeKind$SuspendFunction
instanceKlass org/jetbrains/kotlin/builtins/functions/FunctionTypeKind$Function
ciInstanceKlass org/jetbrains/kotlin/builtins/functions/FunctionTypeKind 1 1 143 1 7 1 7 1 1 1 3 3 1 3 1 3 1 1 1 1 1 1 1 1 1 1 1 1 1 1 1 1 1 1 1 1 1 1 1 1 1 1 1 1 1 1 1 1 1 1 1 1 1 1 100 1 100 1 100 1 100 1 1 1 1 8 1 7 1 1 12 10 8 1 12 10 12 9 12 9 12 9 12 9 1 8 12 10 1 1 100 1 8 12 10 1 12 10 1 1 7 10 1 1 12 10 1 12 10 10 1 7 1 1 12 10 1 8 1 12 10 1 1 1 7 12 10 1 12 10 1 12 10 1 12 10 1 1 1 1 1 1 1 1 1
ciInstanceKlass org/jetbrains/kotlin/builtins/functions/FunctionTypeKind$Function 1 1 56 1 7 1 7 1 1 1 3 3 1 3 1 3 1 1 1 1 1 1 1 1 1 1 1 100 1 1 1 1 7 1 1 12 9 8 1 12 10 1 1 1 12 9 1 12 10 12 9 1 1 1 1 1 1 1
staticfield org/jetbrains/kotlin/builtins/functions/FunctionTypeKind$Function INSTANCE Lorg/jetbrains/kotlin/builtins/functions/FunctionTypeKind$Function; org/jetbrains/kotlin/builtins/functions/FunctionTypeKind$Function
ciInstanceKlass org/jetbrains/kotlin/builtins/functions/FunctionTypeKind$KFunction 1 1 56 1 7 1 7 1 1 1 3 3 1 3 1 3 1 1 1 1 1 1 1 1 1 1 100 1 1 1 1 1 7 1 1 12 9 8 1 12 10 1 1 1 12 9 1 12 10 12 9 1 1 1 1 1 1 1
staticfield org/jetbrains/kotlin/builtins/functions/FunctionTypeKind$KFunction INSTANCE Lorg/jetbrains/kotlin/builtins/functions/FunctionTypeKind$KFunction; org/jetbrains/kotlin/builtins/functions/FunctionTypeKind$KFunction
ciInstanceKlass org/jetbrains/kotlin/builtins/functions/FunctionTypeKindExtractor 1 1 277 1 7 1 7 1 1 1 3 3 1 3 1 3 1 1 1 1 1 1 1 1 1 1 1 1 1 1 1 1 1 1 1 1 1 1 1 1 1 1 1 1 1 7 1 7 1 1 7 1 1 7 1 1 7 1 1 7 1 7 1 1 1 1 1 1 1 1 8 1 7 1 1 12 10 1 12 10 12 9 1 7 1 7 10 1 7 1 1 12 11 1 7 1 1 12 11 1 1 12 11 1 1 12 10 1 1 12 11 1 7 10 1 7 1 1 12 11 1 1 12 11 12 9 1 1 1 1 1 1 1 1 1 1 1 1 1 1 1 1 1 1 1 1 1 8 8 1 12 10 1 1 12 10 1 1 7 11 1 1 12 10 1 7 1 1 12 10 1 1 12 10 1 1 12 10 1 8 1 12 10 12 10 1 7 1 12 10 1 12 10 1 1 1 1 12 11 1 1 1 12 11 1 7 1 12 11 1 7 1 1 12 10 1 1 1 1 1 7 11 1 1 12 10 1 1 12 10 1 1 1 1 1 1 12 9 12 10 1 12 9 1 1 12 10 1 1 12 9 1 12 9 1 12 9 1 12 9 1 7 1 1 12 10 12 10 1 1 1 1 1 1 1 1 1 1 1
staticfield org/jetbrains/kotlin/builtins/functions/FunctionTypeKindExtractor Companion Lorg/jetbrains/kotlin/builtins/functions/FunctionTypeKindExtractor$Companion; org/jetbrains/kotlin/builtins/functions/FunctionTypeKindExtractor$Companion
staticfield org/jetbrains/kotlin/builtins/functions/FunctionTypeKindExtractor Default Lorg/jetbrains/kotlin/builtins/functions/FunctionTypeKindExtractor; org/jetbrains/kotlin/builtins/functions/FunctionTypeKindExtractor
ciInstanceKlass org/jetbrains/kotlin/fir/resolve/providers/impl/FirSyntheticFunctionInterfaceProviderBase$Companion 1 1 131 1 7 1 7 1 1 1 3 3 1 3 1 3 1 1 1 1 1 1 1 1 1 1 1 1 1 1 1 1 100 1 12 10 1 1 1 1 1 8 1 7 1 1 12 10 8 1 12 10 1 1 12 10 1 7 1 100 1 7 1 1 12 10 1 1 12 10 1 1 12 10 1 7 1 1 12 10 1 8 1 12 10 1 7 1 1 12 10 1 1 12 10 1 7 10 1 7 1 7 1 1 12 10 1 7 1 1 12 10 1 1 12 10 1 1 1 1 1 1 10 1 1 1 1 1 1 1 1 1 1
ciInstanceKlass org/jetbrains/kotlin/fir/types/FirFunctionTypeKindServiceKt 1 1 111 1 7 1 100 1 1 1 3 3 1 1 3 1 1 1 1 1 1 1 1 1 1 1 1 1 1 1 100 1 7 1 1 1 1 1 1 8 1 7 1 1 12 10 12 9 1 7 12 9 1 7 1 1 12 10 1 7 1 1 1 1 7 1 7 8 1 7 1 1 12 10 8 1 8 1 1 12 10 1 7 1 1 12 10 1 12 9 1 7 1 1 12 10 1 1 12 10 1 1 1 1 1 1 1 1 1 1 1 1 1
staticfield org/jetbrains/kotlin/fir/types/FirFunctionTypeKindServiceKt $$delegatedProperties [Lkotlin/reflect/KProperty; 1 [Lkotlin/reflect/KProperty;
staticfield org/jetbrains/kotlin/fir/types/FirFunctionTypeKindServiceKt functionTypeService$delegate Lorg/jetbrains/kotlin/util/ArrayMapAccessor; org/jetbrains/kotlin/util/ArrayMapAccessor
instanceKlass org/jetbrains/kotlin/fir/resolve/providers/impl/FirProviderImpl$SymbolProvider$symbolNamesProvider$1
instanceKlass org/jetbrains/kotlin/fir/resolve/providers/FirSymbolNamesProviderWithoutCallables
instanceKlass org/jetbrains/kotlin/fir/resolve/providers/impl/FirBuiltinSymbolProvider$symbolNamesProvider$1
instanceKlass org/jetbrains/kotlin/fir/resolve/providers/FirCachedSymbolNamesProvider
instanceKlass org/jetbrains/kotlin/fir/resolve/providers/impl/FirSyntheticFunctionInterfaceProviderBase$symbolNamesProvider$1
ciInstanceKlass org/jetbrains/kotlin/fir/resolve/providers/FirSymbolNamesProvider 1 1 118 1 7 1 7 1 1 1 3 3 1 3 1 3 1 1 1 1 1 1 1 1 1 1 1 1 1 1 1 1 1 1 1 1 1 1 1 1 1 1 1 1 1 12 10 1 1 1 1 12 10 1 1 1 1 8 1 7 1 1 12 10 12 10 12 10 1 7 1 1 12 10 12 10 1 7 1 1 12 10 1 1 12 10 1 7 1 1 12 10 1 12 10 1 1 1 8 8 1 7 1 12 10 12 10 1 1 12 11 1 1 1 1 1 1 1 1 1
instanceKlass org/jetbrains/kotlin/fir/resolve/providers/FirCompositeCachedSymbolNamesProvider
instanceKlass org/jetbrains/kotlin/fir/deserialization/AbstractFirDeserializedSymbolProvider$symbolNamesProvider$1
ciInstanceKlass org/jetbrains/kotlin/fir/resolve/providers/FirCachedSymbolNamesProvider 1 1 225 1 7 1 7 1 1 1 3 3 1 3 1 3 1 1 1 1 1 1 1 1 1 1 1 1 1 1 1 1 1 1 1 1 1 1 1 1 1 1 1 1 1 1 1 1 1 1 1 1 1 1 1 1 1 1 1 1 1 8 1 7 1 1 12 10 1 12 10 12 9 1 7 1 1 12 9 1 16 1 1 12 10 15 16 1 7 1 1 12 10 15 1 1 12 18 1 7 1 1 12 10 12 9 1 12 10 15 18 12 9 1 7 1 1 12 10 1 7 1 12 10 1 7 1 7 1 1 12 10 12 9 1 12 10 15 18 12 9 1 7 10 12 9 1 1 1 1 1 1 1 1 1 1 7 1 12 11 1 7 12 10 12 10 8 12 10 1 7 1 1 12 10 1 1 12 11 1 7 1 12 10 12 10 1 1 1 7 1 12 10 1 1 12 10 12 10 12 10 1 1 1 12 10 12 10 1 1 1 12 10 12 10 1 1 1 1 1 1 1 1 1 1 1 1
ciInstanceKlass org/jetbrains/kotlin/fir/deserialization/AbstractFirDeserializedSymbolProvider$symbolNamesProvider$1 1 1 214 1 7 1 7 1 1 7 1 1 12 1 1 3 3 1 3 1 3 1 1 1 1 1 1 1 1 1 1 1 1 1 1 1 1 1 1 1 1 1 1 1 1 1 1 12 9 1 12 10 1 1 1 1 1 1 1 1 1 8 1 7 1 1 12 10 1 12 10 1 7 1 12 11 1 7 1 7 1 7 1 12 10 1 7 1 1 12 11 1 7 1 12 11 1 1 12 11 1 7 1 7 1 1 12 10 1 1 12 11 1 7 1 12 10 1 1 12 10 1 1 12 10 1 12 11 1 1 12 10 1 7 1 1 12 10 11 1 12 10 1 1 12 11 1 1 12 10 1 1 1 1 1 1 1 1 1 1 1 1 1 1 1 1 1 1 1 1 1 1 1 12 10 1 7 1 1 12 10 1 7 1 12 11 1 12 10 1 1 12 10 1 7 1 12 10 1 1 1 1 1 1 1 1 1 1 1 1 1 1 1 1 1 1
instanceKlass org/jetbrains/kotlin/fir/resolve/providers/impl/FirCachingCompositeSymbolProvider$symbolNamesProvider$1
ciInstanceKlass org/jetbrains/kotlin/fir/resolve/providers/FirCompositeCachedSymbolNamesProvider 1 1 210 1 7 1 7 1 1 1 3 3 1 3 1 3 1 1 1 1 1 1 1 1 1 1 1 1 1 1 1 1 1 1 1 1 1 1 1 1 1 1 1 1 1 1 1 1 1 1 1 1 1 7 1 100 1 100 1 1 1 1 1 1 8 1 7 1 1 12 10 8 1 12 10 12 9 1 7 1 7 1 12 11 1 1 12 11 1 7 1 12 11 1 1 12 11 1 7 12 10 12 9 12 10 12 9 12 10 12 9 1 1 1 1 1 1 1 1 1 1 1 1 1 1 1 1 7 1 12 10 1 7 1 12 10 1 7 1 1 12 10 1 7 1 12 10 1 1 1 1 1 1 1 1 1 1 1 1 1 1 1 12 10 1 1 1 8 1 100 1 12 10 1 1 12 10 1 1 12 10 1 1 8 1 12 9 1 12 10 1 100 12 10 1 1 1 12 10 12 9 1 1 1 1 1 1 1 1 1 1 1
staticfield org/jetbrains/kotlin/fir/resolve/providers/FirCompositeCachedSymbolNamesProvider Companion Lorg/jetbrains/kotlin/fir/resolve/providers/FirCompositeCachedSymbolNamesProvider$Companion; org/jetbrains/kotlin/fir/resolve/providers/FirCompositeCachedSymbolNamesProvider$Companion
ciInstanceKlass org/jetbrains/kotlin/fir/resolve/providers/impl/FirCachingCompositeSymbolProvider$symbolNamesProvider$1 1 1 162 1 7 1 7 1 1 100 1 1 12 1 1 3 3 1 3 1 3 1 1 1 1 1 1 1 1 1 1 1 1 1 1 1 1 1 1 1 1 1 1 1 1 1 1 1 1 1 7 1 7 1 1 1 1 1 1 1 12 9 12 9 1 12 10 1 1 1 1 1 1 1 8 1 7 1 1 12 10 12 10 1 1 12 10 1 100 1 100 1 100 1 12 10 1 8 1 1 12 10 1 12 10 1 1 12 10 1 8 1 100 1 100 10 1 12 10 1 1 1 1 1 1 1 1 1 1 12 10 1 8 1 1 12 10 1 8 1 1 1 8 1 12 9 1 1 12 10 1 12 10 1 1 1 1 1 1 1 1 1 1 1
ciInstanceKlass org/jetbrains/kotlin/fir/resolve/providers/FirSymbolNamesProviderKt 1 1 48 1 7 1 100 1 1 1 3 3 1 1 3 1 1 1 1 1 1 1 1 1 1 1 7 1 1 12 10 1 7 1 1 12 11 1 1 1 12 10 1 1 1 1 1 1 1 1
ciInstanceKlass org/jetbrains/kotlin/builtins/functions/FunctionTypeKindExtractor$KindWithArity 1 1 112 1 7 1 7 1 1 1 3 3 1 3 1 3 1 1 1 1 1 1 1 1 1 1 1 1 1 1 1 1 1 1 1 1 1 1 1 100 1 1 1 8 1 7 1 1 12 10 1 12 10 12 9 12 9 1 1 12 10 1 1 12 10 1 1 100 10 1 8 1 1 12 10 1 12 10 1 8 1 12 10 1 12 10 12 10 1 100 12 10 1 100 1 12 10 1 1 1 1 1 12 10 1 1 1 1 1 1 1 1 1 1
ciMethod java/lang/Object <init> ()V 1024 0 1861311 0 80
ciMethod java/lang/Object hashCode ()I 256 0 128 0 -1
ciMethod java/lang/Object equals (Ljava/lang/Object;)Z 512 0 140016 0 -1
ciMethod java/lang/Object clone ()Ljava/lang/Object; 256 0 128 0 -1
ciMethod java/lang/CharSequence length ()I 0 0 1 0 -1
ciMethod java/lang/CharSequence charAt (I)C 0 0 1 0 -1
ciMethod java/lang/String length ()I 512 0 380265 0 112
ciMethod java/lang/String isEmpty ()Z 512 0 111833 0 104
ciMethod java/lang/String charAt (I)C 512 0 496745 0 192
ciMethod java/lang/String startsWith (Ljava/lang/String;I)Z 512 0 16694 0 1264
ciMethod java/lang/String startsWith (Ljava/lang/String;)Z 514 0 56065 0 712
ciMethod java/lang/String hashCode ()I 512 0 10588 0 736
ciMethod java/lang/String lastIndexOf (I)I 512 0 36439 0 -1
ciMethod java/lang/String substring (I)Ljava/lang/String; 108 0 17183 0 1264
ciMethod java/lang/String substring (II)Ljava/lang/String; 512 0 18787 0 1696
ciMethod java/lang/String <init> ([BB)V 512 0 25619 0 -1
ciMethod java/lang/String coder ()B 566 0 517678 0 88
ciMethod java/lang/String isLatin1 ()Z 660 0 596984 0 88
ciMethod java/lang/String checkIndex (II)V 510 0 521295 0 120
ciMethod java/lang/String checkBoundsBeginEnd (III)V 512 0 18815 0 0
ciMethod java/util/Map get (Ljava/lang/Object;)Ljava/lang/Object; 0 0 1 0 -1
ciMethod java/util/List iterator ()Ljava/util/Iterator; 0 0 1 0 -1
ciMethod java/util/ArrayList iterator ()Ljava/util/Iterator; 512 0 15217 0 200
ciMethod java/lang/Character <init> (C)V 256 0 142 0 -1
ciMethod java/lang/Character valueOf (C)Ljava/lang/Character; 512 0 16653 0 0
ciMethod java/lang/Character charValue ()C 256 0 128 0 -1
ciMethod java/lang/Character isDigit (C)Z 768 0 5425 0 0
ciMethod java/lang/Character isDigit (I)Z 768 0 5425 0 0
ciMethod java/lang/Integer intValue ()I 256 0 128 0 -1
ciMethod java/util/Iterator hasNext ()Z 0 0 1 0 -1
ciMethod java/util/Iterator next ()Ljava/lang/Object; 0 0 1 0 -1
ciMethod java/lang/StringLatin1 charAt ([BI)C 510 0 496742 0 0
ciMethod java/lang/StringLatin1 hashCode ([B)I 232 0 3602 0 0
ciMethod java/lang/StringLatin1 newString ([BII)Ljava/lang/String; 452 0 13545 0 1472
ciMethod java/util/HashMap hash (Ljava/lang/Object;)I 582 0 38626 0 0
ciMethod java/util/HashMap getNode (Ljava/lang/Object;)Ljava/util/HashMap$Node; 790 24 23140 0 632
ciMethod jdk/internal/util/ArraysSupport vectorizedMismatch (Ljava/lang/Object;JLjava/lang/Object;JII)I 402 2744 201 0 -1
ciMethod jdk/internal/util/ArraysSupport vectorizedHashCode (Ljava/lang/Object;IIII)I 484 0 8888 0 -1
ciMethod jdk/internal/util/ArraysSupport mismatch ([BI[BII)I 498 116 5370 0 640
ciMethod java/util/HashMap$TreeNode getTreeNode (ILjava/lang/Object;)Ljava/util/HashMap$TreeNode; 0 0 1 0 -1
ciMethod jdk/internal/util/Preconditions outOfBoundsCheckFromToIndex (Ljava/util/function/BiFunction;III)Ljava/lang/RuntimeException; 0 0 1 0 -1
ciMethod jdk/internal/util/Preconditions checkIndex (IILjava/util/function/BiFunction;)I 512 0 2851 0 -1
ciMethod jdk/internal/util/Preconditions checkFromToIndex (IIILjava/util/function/BiFunction;)I 512 0 28274 0 184
ciMethod java/util/Arrays copyOfRange ([BII)[B 512 0 33083 0 1080
ciMethod java/util/Arrays copyOfRangeByte ([BII)[B 418 0 19344 0 -1
ciMethod java/lang/CharacterData isDigit (I)Z 0 0 1 0 -1
ciMethod java/lang/CharacterData of (I)Ljava/lang/CharacterData; 512 0 5449 0 120
ciMethod java/lang/CharacterDataLatin1 isDigit (I)Z 768 0 5425 0 0
ciMethod java/lang/StringUTF16 getChar ([BI)C 768 0 2796 0 -1
ciMethod java/lang/StringUTF16 hashCode ([B)I 0 0 3 0 0
ciMethod java/lang/StringUTF16 newString ([BII)Ljava/lang/String; 0 0 2684 0 -1
ciMethod java/lang/StringUTF16 charAt ([BI)C 0 0 3585 0 0
ciMethod java/lang/StringUTF16 checkIndex (I[B)V 0 0 10504 0 -1
ciMethodData java/lang/Object <init> ()V 2 1860799 orig 80 0 0 0 0 0 0 0 0 0 0 0 0 0 0 0 0 0 0 0 0 0 0 0 0 0 0 0 0 0 0 0 0 0 0 0 0 0 0 0 0 0 0 0 0 0 0 0 0 0 0 0 0 0 0 0 0 0 0 0 0 0 0 0 0 0 0 0 0 0 0 0 0 0 0 0 0 0 0 0 0 data 4 0x0 0x9 0x1 0x0 oops 0 methods 0
ciMethodData java/lang/String hashCode ()I 2 10332 orig 80 1 0 0 0 0 0 0 0 0 0 0 0 252 127 0 0 0 0 0 0 0 0 0 0 0 0 0 0 0 0 0 0 0 0 0 0 0 0 0 0 0 0 0 0 0 0 0 0 0 0 0 0 0 0 0 0 0 0 0 0 0 0 0 0 0 0 0 0 0 0 0 0 0 0 0 0 0 0 0 0 data 42 0x60007 0x1a8d 0x108 0xdcf 0xd0007 0x31 0xe8 0xd9e 0x110005 0xd9e 0x0 0x0 0x0 0x0 0x0 0x140007 0x1 0x48 0xd9d 0x1b0002 0xd9d 0x1e0003 0xd9e 0x28 0x250002 0x1 0x2a0007 0xd9f 0x38 0x0 0x320003 0x0 0x18 0x0 0x0 0x0 0x0 0x0 0x0 0x9 0x1 0xe oops 0 methods 0
ciMethodData java/lang/String isLatin1 ()Z 2 596654 orig 80 0 0 0 0 0 0 0 0 0 0 0 0 0 0 0 0 0 0 0 0 0 0 0 0 0 0 0 0 0 0 0 0 0 0 0 0 0 0 0 0 0 0 0 0 0 0 0 0 0 0 0 0 0 0 0 0 0 0 0 0 0 0 0 0 0 0 0 0 0 0 0 0 0 0 0 0 0 0 0 0 data 18 0x30007 0x0 0x58 0x91aae 0xa0007 0x7 0x38 0x91aa7 0xe0003 0x91aa7 0x18 0x0 0x0 0x0 0x0 0x9 0x1 0x0 oops 0 methods 0
ciMethodData java/lang/StringLatin1 hashCode ([B)I 2 3486 orig 80 0 0 0 0 0 0 0 0 0 0 0 0 0 0 0 0 0 0 0 0 0 0 0 0 0 0 0 0 0 0 0 0 0 0 0 0 0 0 0 1 0 0 0 0 0 0 0 0 0 0 0 0 0 0 0 0 0 0 0 0 0 0 0 0 0 0 0 0 0 0 0 0 0 0 0 0 0 0 0 0 data 25 0x8000000600020008 0x6 0xd9a 0x70 0x0 0x40 0x5 0x58 0x1d0003 0x0 0x40 0x270003 0x5 0x28 0x300002 0xd9a 0x0 0x0 0x0 0x0 0x0 0x0 0x9 0x1 0x0 oops 0 methods 0
ciMethodData java/lang/String charAt (I)C 2 496489 orig 80 0 0 0 0 0 0 0 0 0 0 0 0 252 127 0 0 0 0 0 0 0 0 0 0 0 0 0 0 0 0 0 0 0 0 0 0 0 0 0 0 0 0 0 0 0 0 0 0 0 0 0 0 0 0 0 0 0 0 0 0 0 0 0 0 0 0 0 0 0 0 0 0 0 0 0 0 0 0 0 0 data 25 0x10005 0x79369 0x0 0x0 0x0 0x0 0x0 0x40007 0x3 0x30 0x79366 0xc0002 0x79366 0x150002 0x3 0x0 0x0 0x0 0x0 0x0 0x0 0x9 0x2 0x0 0x0 oops 0 methods 0
ciMethodData java/lang/StringLatin1 charAt ([BI)C 2 496487 orig 80 0 0 0 0 0 0 0 0 0 0 0 0 0 0 0 0 0 0 0 0 0 0 0 0 0 0 0 0 0 0 0 0 0 0 0 0 0 0 0 0 0 0 0 0 0 0 0 0 0 0 0 0 0 0 0 0 0 0 0 0 0 0 0 0 0 0 0 0 0 0 0 0 0 0 0 0 0 0 0 0 data 12 0x30002 0x79367 0x0 0x0 0x0 0x0 0x0 0x0 0x9 0x2 0x0 0x0 oops 0 methods 0
ciMethodData java/lang/String checkIndex (II)V 2 521040 orig 80 0 0 0 0 0 0 0 0 0 0 0 0 0 0 0 0 0 0 0 0 0 0 0 0 0 0 0 0 0 0 0 0 0 0 0 0 0 0 0 0 0 0 0 0 0 0 0 0 0 0 0 0 0 0 0 0 0 0 0 0 0 0 0 0 0 0 0 0 0 0 0 0 0 0 0 0 0 0 0 0 data 12 0x50002 0x7f350 0x0 0x0 0x0 0x0 0x0 0x0 0x9 0x2 0x0 0x0 oops 0 methods 0
ciMethodData java/lang/String coder ()B 2 517395 orig 80 0 0 0 0 0 0 0 0 0 0 0 0 252 127 0 0 0 0 0 0 0 0 0 0 0 0 0 0 0 0 0 0 0 0 0 0 0 0 0 0 0 0 0 0 0 0 0 0 0 0 0 0 0 0 0 0 0 0 0 0 0 0 0 0 0 0 0 0 0 0 0 0 0 0 0 0 0 0 0 0 data 14 0x30007 0x0 0x38 0x7e513 0xa0003 0x7e513 0x18 0x0 0x0 0x0 0x0 0x9 0x1 0x0 oops 0 methods 0
ciMethodData java/lang/String length ()I 2 380009 orig 80 0 0 0 0 0 0 0 0 0 0 0 0 252 127 0 0 0 0 0 0 0 0 0 0 0 0 0 0 0 0 0 0 0 0 0 0 0 0 0 0 0 0 0 0 0 0 0 0 0 0 0 0 0 0 0 0 0 0 0 0 0 0 0 0 0 0 0 0 0 0 0 0 0 0 0 0 0 0 0 0 data 16 0x60005 0x5cc69 0x0 0x0 0x0 0x0 0x0 0x0 0x0 0x0 0x0 0x0 0x0 0x9 0x1 0x0 oops 0 methods 0
ciMethodData java/util/HashMap hash (Ljava/lang/Object;)I 2 38335 orig 80 0 0 0 0 0 0 0 0 0 0 0 0 252 127 0 0 0 0 0 0 0 0 0 0 0 0 0 0 0 0 0 0 0 0 0 0 0 0 0 2 0 0 0 0 0 0 0 0 0 0 0 0 0 0 0 0 0 0 0 0 0 0 0 0 0 0 0 0 0 0 0 0 0 0 0 0 0 0 0 0 data 23 0x8000000600010007 0x9524 0x38 0x9d 0x50003 0x9d 0x50 0x90005 0x6038 0x0 0x197301b62e8 0x34e0 0x197301b9ae8 0xc 0x0 0x0 0x0 0x0 0x0 0x0 0x9 0x1 0xffffffffffffffff oops 2 10 java/lang/String 12 jdk/internal/loader/ClassLoaders$AppClassLoader methods 0
ciMethodData java/util/HashMap getNode (Ljava/lang/Object;)Ljava/util/HashMap$Node; 2 22745 orig 80 4 0 0 0 3 0 0 0 0 0 0 0 252 127 0 0 0 0 0 0 4 0 0 6 0 0 0 0 0 0 0 0 0 0 0 0 0 0 0 1 0 0 0 0 0 0 0 0 0 0 0 0 0 0 0 0 0 0 0 0 0 0 0 0 0 0 0 0 0 0 0 0 0 0 0 0 0 0 0 0 data 103 0x60007 0x15d0 0x2e8 0x4309 0xe0007 0x0 0x2c8 0x4309 0x170002 0x4309 0x210007 0x1c56 0x298 0x26b4 0x2a0007 0xb98 0xb8 0x1b1c 0x350007 0xc8d 0x98 0xe8f 0x390007 0x0 0x78 0xe8f 0xffffffff003f0005 0x655 0x0 0x197301b62e8 0x839 0x197371507e0 0xb 0x8000000600420007 0x2c 0x20 0xe6e 0x4e0007 0x5c8 0x1c0 0x5fc 0x520004 0xfffffffffffffa04 0x0 0x1973714b5a8 0x24 0x19737150890 0x1 0x550007 0x5fc 0x90 0x0 0x590004 0x0 0x0 0x0 0x0 0x0 0x0 0x5f0005 0x0 0x0 0x0 0x0 0x0 0x0 0x6a0007 0x264 0xb8 0x535 0x760007 0x228 0x98 0x30d 0x7a0007 0x0 0x78 0x30d 0x800005 0x126 0x0 0x197301b62e8 0x1bf 0x19737150940 0x28 0x830007 0x0 0x20 0x30d 0x910007 0x19d 0xffffffffffffff48 0xc7 0x0 0x0 0x0 0x0 0x0 0x0 0x9 0x2 0x0 0xffffffffffffffff oops 6 29 java/lang/String 31 java/util/zip/ZipFile$Source$Key 44 java/util/HashMap$Node 46 java/util/LinkedHashMap$Entry 81 java/lang/String 83 org/jetbrains/kotlin/protobuf/ExtensionRegistryLite$ObjectIntPair methods 0
ciMethod java/util/LinkedHashMap afterNodeAccess (Ljava/util/HashMap$Node;)V 6 0 6148 0 -1
ciMethod java/util/LinkedHashMap get (Ljava/lang/Object;)Ljava/lang/Object; 768 0 33401 0 696
ciMethodData java/lang/String isEmpty ()Z 2 111577 orig 80 0 0 0 0 0 0 0 0 0 0 0 0 252 127 0 0 0 0 0 0 0 0 0 0 0 0 0 0 0 0 0 0 0 0 0 0 0 0 0 0 0 0 0 0 0 0 0 0 0 0 0 0 0 0 0 0 0 0 0 0 0 0 0 0 0 0 0 0 0 0 0 0 0 0 0 0 0 0 0 0 data 14 0x50007 0x16518 0x38 0x4ec1 0x90003 0x4ec1 0x18 0x0 0x0 0x0 0x0 0x9 0x1 0x0 oops 0 methods 0
ciMethodData java/util/Arrays copyOfRange ([BII)[B 2 32827 orig 80 0 0 0 0 0 0 0 0 0 0 0 0 252 127 0 0 0 0 0 0 0 0 0 0 0 0 0 0 0 0 0 0 0 0 0 0 0 0 0 0 0 0 0 0 0 0 0 0 0 0 0 0 0 0 0 0 0 0 0 0 0 0 0 0 0 0 0 0 0 0 0 0 0 0 0 0 0 0 0 0 data 35 0x10007 0x1398 0x40 0x6ca3 0x70007 0x357d 0x30 0x3726 0xd0002 0x4abe 0x120005 0x0 0x0 0x197301cc7a0 0x357d 0x0 0x0 0x150004 0x0 0x0 0x197301cc7a0 0x357d 0x0 0x0 0x0 0x0 0x0 0x0 0x0 0x0 0x9 0x3 0xffffffffffffffff 0x0 0x0 oops 2 13 [B 20 [B methods 0
ciMethodData jdk/internal/util/Preconditions checkFromToIndex (IIILjava/util/function/BiFunction;)I 2 28018 orig 80 0 0 0 0 0 0 0 0 0 0 0 0 252 127 0 0 0 0 0 0 0 0 0 0 0 0 0 0 0 0 0 0 0 0 0 0 0 0 0 0 0 0 0 0 0 0 0 0 0 0 0 0 0 0 0 0 0 0 0 0 0 0 0 0 0 0 0 0 0 0 0 0 0 0 0 0 0 0 0 0 data 26 0x10007 0x0 0x60 0x6d72 0x60007 0x0 0x40 0x6d72 0xb0007 0x6d72 0x30 0x0 0x120002 0x0 0x0 0x0 0x0 0x0 0x0 0x0 0x9 0x4 0x0 0x0 0x0 0x0 oops 0 methods 0
ciMethod kotlin/jvm/internal/Intrinsics checkNotNullExpressionValue (Ljava/lang/Object;Ljava/lang/String;)V 818 0 5544 0 104
ciMethod kotlin/jvm/internal/Intrinsics checkNotNullParameter (Ljava/lang/Object;Ljava/lang/String;)V 520 0 3749140 0 104
ciMethod kotlin/jvm/internal/Intrinsics throwParameterIsNullNPE (Ljava/lang/String;)V 0 0 1 0 -1
ciMethodData java/lang/String substring (II)Ljava/lang/String; 2 18531 orig 80 2 0 0 0 0 0 0 0 0 0 0 0 252 127 0 0 0 0 0 0 0 0 0 0 0 0 0 0 0 0 0 0 0 0 0 0 0 0 0 1 0 0 0 0 0 0 0 0 0 0 0 0 0 0 0 0 0 0 0 0 0 0 0 0 0 0 0 0 0 0 0 0 0 0 0 0 0 0 0 0 data 46 0x10005 0x4863 0x0 0x0 0x0 0x0 0x0 0x80002 0x4863 0xc0007 0x1ca3 0x40 0x2bc0 0x110007 0x257b 0x20 0x645 0x1c0005 0x421e 0x0 0x0 0x0 0x0 0x0 0x80000006001f0007 0x5 0x48 0x421a 0x290002 0x421a 0x2c0003 0x421b 0x28 0x360002 0x5 0x0 0x0 0x0 0x0 0x0 0x0 0x9 0x3 0x0 0x0 0x0 oops 0 methods 0
ciMethodData java/lang/StringLatin1 newString ([BII)Ljava/lang/String; 2 13319 orig 80 0 0 0 0 0 0 0 0 0 0 0 0 0 0 0 0 0 0 0 0 0 0 0 0 0 0 0 0 0 0 0 0 0 0 0 0 0 0 0 1 0 0 0 0 0 0 0 0 0 0 0 0 0 0 0 0 0 0 0 0 0 0 0 0 0 0 0 0 0 0 0 0 0 0 0 0 0 0 0 0 data 19 0x8000000600010007 0x33a4 0x20 0x64 0x100002 0x33a4 0x140002 0x33a4 0x0 0x0 0x0 0x0 0x0 0x0 0x9 0x3 0x0 0x0 0x0 oops 0 methods 0
ciMethodData java/lang/String checkBoundsBeginEnd (III)V 2 18559 orig 80 0 0 0 0 0 0 0 0 0 0 0 0 252 127 0 0 0 0 0 0 0 0 0 0 0 0 0 0 0 0 0 0 0 0 0 0 0 0 0 0 0 0 0 0 0 0 0 0 0 0 0 0 0 0 0 0 0 0 0 0 0 0 0 0 0 0 0 0 0 0 0 0 0 0 0 0 0 0 0 0 data 13 0x60002 0x487f 0x0 0x0 0x0 0x0 0x0 0x0 0x9 0x3 0x0 0x0 0x0 oops 0 methods 0
ciMethodData java/lang/String startsWith (Ljava/lang/String;I)Z 2 16438 orig 80 2 0 0 0 0 0 0 0 0 0 0 0 252 127 0 0 0 0 0 0 0 0 0 0 0 0 0 0 0 0 0 0 0 0 0 0 0 0 0 2 0 0 0 0 0 0 0 0 0 0 0 0 0 0 0 0 0 0 0 0 0 0 0 0 0 0 0 0 0 0 0 0 0 0 0 0 0 0 0 0 data 78 0x8000000600010007 0x51 0xb0 0x3fe6 0x60005 0x3fe6 0x0 0x0 0x0 0x0 0x0 0xa0005 0x3fe6 0x0 0x0 0x0 0x0 0x0 0xe0007 0x37d7 0x20 0x80f 0x270005 0x37d7 0x0 0x0 0x0 0x0 0x0 0x2f0005 0x37d7 0x0 0x0 0x0 0x0 0x0 0x8000000600320007 0x1 0x88 0x37d7 0x380007 0x37d7 0x20 0x0 0x460002 0x37d7 0x490007 0x2f2f 0x38 0x8a8 0x4d0003 0x8a8 0x18 0x540007 0x1 0x20 0x0 0x5d0007 0x0 0x50 0x5 0x650002 0x5 0x740007 0x4 0xffffffffffffffd0 0x1 0x0 0x0 0x0 0x0 0x0 0x0 0x9 0x3 0x0 0x0 0x0 oops 0 methods 0
ciMethodData jdk/internal/util/ArraysSupport mismatch ([BI[BII)I 2 5121 orig 80 0 0 0 0 0 0 0 0 0 0 0 0 0 0 0 0 0 0 0 0 0 0 0 0 0 0 0 0 0 0 0 0 0 0 0 0 0 0 0 0 0 0 0 0 0 0 0 0 0 0 0 0 0 0 0 0 0 0 0 0 0 0 0 0 0 0 0 0 0 0 0 0 0 0 0 0 0 0 0 0 data 38 0x70007 0xc0b 0x70 0x7f6 0x100007 0x6a5 0x20 0x151 0x300002 0x6a5 0x370007 0x6a0 0x20 0x5 0x4a0007 0x6e7 0x58 0xc98 0x590007 0xd4 0x20 0xbc4 0x620003 0xd4 0xffffffffffffffc0 0x0 0x0 0x0 0x0 0x0 0x0 0x9 0x5 0x0 0x0 0x0 0x0 0x0 oops 0 methods 0
ciMethodData java/lang/String startsWith (Ljava/lang/String;)Z 2 55808 orig 80 0 0 0 0 0 0 0 0 0 0 0 0 252 127 0 0 0 0 0 0 0 0 0 0 0 0 0 0 0 0 0 0 0 0 0 0 0 0 0 0 0 0 0 0 0 0 0 0 0 0 0 0 0 0 0 0 0 0 0 0 0 0 0 0 0 0 0 0 0 0 0 0 0 0 0 0 0 0 0 0 data 17 0x30005 0xda00 0x0 0x0 0x0 0x0 0x0 0x0 0x0 0x0 0x0 0x0 0x0 0x9 0x2 0x0 0x0 oops 0 methods 0
ciMethod java/util/ArrayList$Itr <init> (Ljava/util/ArrayList;)V 510 0 17439 0 352
ciMethod java/util/ArrayList$Itr hasNext ()Z 768 0 39890 0 120
ciMethod java/util/ArrayList$Itr next ()Ljava/lang/Object; 512 0 28967 0 256
ciMethod java/util/ArrayList$Itr checkForComodification ()V 510 0 30477 0 120
ciMethodData java/lang/CharacterData of (I)Ljava/lang/CharacterData; 2 5193 orig 80 0 0 0 0 0 0 0 0 0 0 0 0 252 127 0 0 0 0 0 0 0 0 0 0 0 0 0 0 0 0 0 0 0 0 0 0 0 0 0 0 0 0 0 0 0 0 0 0 0 0 0 0 0 0 0 0 0 0 0 0 0 0 0 0 0 0 0 0 0 0 0 0 0 0 0 0 0 0 0 0 data 67 0x40007 0x0 0x20 0x1449 0xf0008 0x24 0x0 0x1c0 0x0 0x130 0x0 0x148 0x0 0x160 0x0 0x178 0x0 0x1c0 0x0 0x1c0 0x0 0x1c0 0x0 0x1c0 0x0 0x1c0 0x0 0x1c0 0x0 0x1c0 0x0 0x1c0 0x0 0x1c0 0x0 0x1c0 0x0 0x190 0x0 0x1a8 0x0 0x1a8 0x630003 0x0 0x90 0x690003 0x0 0x78 0x6f0003 0x0 0x60 0x750003 0x0 0x48 0x7b0003 0x0 0x30 0x810003 0x0 0x18 0x0 0x0 0x0 0x0 0x9 0x1 0x0 oops 0 methods 0
ciMethodData java/util/LinkedHashMap get (Ljava/lang/Object;)Ljava/lang/Object; 2 33017 orig 80 2 0 0 0 0 0 0 0 0 0 0 0 252 127 0 0 0 0 0 0 0 0 0 0 0 0 0 0 0 0 0 0 0 0 0 0 0 0 0 0 0 0 0 0 0 0 0 0 0 0 0 0 0 0 0 0 0 0 0 0 0 0 0 0 0 0 0 0 0 0 0 0 0 0 0 0 0 0 0 0 data 32 0x20005 0x80f9 0x0 0x0 0x0 0x0 0x0 0x70007 0x2fb0 0x20 0x514b 0x100007 0x2fb0 0x58 0x0 0x150005 0x0 0x0 0x0 0x0 0x0 0x0 0x0 0x0 0x0 0x0 0x0 0x0 0x9 0x2 0x0 0x0 oops 0 methods 0
ciMethod kotlin/text/StringsKt___StringsKt lastOrNull (Ljava/lang/CharSequence;)Ljava/lang/Character; 1024 0 4719 0 0
ciMethod kotlin/text/StringsKt__StringsJVMKt startsWith (Ljava/lang/String;Ljava/lang/String;Z)Z 522 0 5385 0 1232
ciMethod kotlin/text/StringsKt__StringsJVMKt startsWith$default (Ljava/lang/String;Ljava/lang/String;ZILjava/lang/Object;)Z 522 0 7686 0 0
ciMethod kotlin/text/StringsKt__StringsJVMKt regionMatches (Ljava/lang/String;ILjava/lang/String;IIZ)Z 0 0 121 0 -1
ciMethod org/jetbrains/kotlin/name/Name guessByFirstCharacter (Ljava/lang/String;)Lorg/jetbrains/kotlin/name/Name; 512 0 21854 0 -1
ciMethod org/jetbrains/kotlin/name/Name $$$reportNull$$$0 (I)V 0 0 1 0 -1
ciMethod org/jetbrains/kotlin/name/FqNameUnsafe equals (Ljava/lang/Object;)Z 432 0 10456 0 -1
ciMethod org/jetbrains/kotlin/name/FqNameUnsafe hashCode ()I 636 0 15561 0 760
ciMethod org/jetbrains/kotlin/name/FqNameUnsafe $$$reportNull$$$0 (I)V 0 0 1 0 -1
ciMethod org/jetbrains/kotlin/name/Name asString ()Ljava/lang/String; 512 0 43577 0 0
ciMethod org/jetbrains/kotlin/name/FqName asString ()Ljava/lang/String; 522 0 43192 0 120
ciMethod org/jetbrains/kotlin/name/FqName toUnsafe ()Lorg/jetbrains/kotlin/name/FqNameUnsafe; 512 0 11138 0 -1
ciMethod org/jetbrains/kotlin/name/FqName shortName ()Lorg/jetbrains/kotlin/name/Name; 602 0 19156 0 216
ciMethod org/jetbrains/kotlin/name/FqName equals (Ljava/lang/Object;)Z 512 0 10526 0 496
ciMethod org/jetbrains/kotlin/name/FqName hashCode ()I 636 0 14264 0 776
ciMethod org/jetbrains/kotlin/name/FqName $$$reportNull$$$0 (I)V 0 0 1 0 -1
ciMethod org/jetbrains/kotlin/name/FqNameUnsafe <init> (Ljava/lang/String;)V 330 0 2737 0 -1
ciMethod org/jetbrains/kotlin/name/FqNameUnsafe compute ()V 512 0 3141 0 0
ciMethod org/jetbrains/kotlin/name/FqNameUnsafe asString ()Ljava/lang/String; 522 0 46460 0 0
ciMethod org/jetbrains/kotlin/name/FqNameUnsafe isRoot ()Z 512 0 35479 0 0
ciMethod org/jetbrains/kotlin/name/FqNameUnsafe shortName ()Lorg/jetbrains/kotlin/name/Name; 512 0 5385 0 200
ciMethod org/jetbrains/kotlin/name/ClassId getPackageFqName ()Lorg/jetbrains/kotlin/name/FqName; 256 0 128 0 0
ciMethod org/jetbrains/kotlin/name/ClassId getRelativeClassName ()Lorg/jetbrains/kotlin/name/FqName; 256 0 128 0 0
ciMethod org/jetbrains/kotlin/name/ClassId getShortClassName ()Lorg/jetbrains/kotlin/name/Name; 512 0 9709 0 0
ciMethod org/jetbrains/kotlin/name/ClassId getOuterClassId ()Lorg/jetbrains/kotlin/name/ClassId; 512 0 5378 0 -1
ciMethod org/jetbrains/kotlin/name/ClassId getOutermostClassId ()Lorg/jetbrains/kotlin/name/ClassId; 110 110 344 0 -1
ciMethodData kotlin/jvm/internal/Intrinsics checkNotNullParameter (Ljava/lang/Object;Ljava/lang/String;)V 2 3748988 orig 80 0 0 0 0 0 0 0 0 0 0 0 0 252 127 0 0 0 0 0 0 0 0 0 0 0 0 0 0 0 0 0 0 0 0 0 0 0 0 0 0 0 0 0 0 0 0 0 0 0 0 0 0 0 0 0 0 0 0 0 0 0 0 0 0 0 0 0 0 0 0 0 0 0 0 0 0 0 0 0 0 data 16 0x10007 0x39347c 0x30 0x0 0x50002 0x0 0x0 0x0 0x0 0x0 0x0 0x0 0x9 0x2 0x0 0xffffffffffffffff oops 0 methods 0
ciMethodData kotlin/jvm/internal/Intrinsics checkNotNullExpressionValue (Ljava/lang/Object;Ljava/lang/String;)V 2 5135 orig 80 0 0 0 0 0 0 0 0 0 0 0 0 252 127 0 0 0 0 0 0 0 0 0 0 0 0 0 0 0 0 0 0 0 0 0 0 0 0 0 0 0 0 0 0 0 0 0 0 0 0 0 0 0 0 0 0 0 0 0 0 0 0 0 0 0 0 0 0 0 0 0 0 0 0 0 0 0 0 0 0 data 48 0x10007 0x140f 0x130 0x0 0xc0002 0x0 0x100005 0x0 0x0 0x0 0x0 0x0 0x0 0x150005 0x0 0x0 0x0 0x0 0x0 0x0 0x180005 0x0 0x0 0x0 0x0 0x0 0x0 0x1b0002 0x0 0x1e0002 0x0 0x210004 0x0 0x0 0x0 0x0 0x0 0x0 0x0 0x0 0x0 0x0 0x0 0x0 0x9 0x2 0x0 0xffffffffffffffff oops 0 methods 0
ciMethodData kotlin/text/StringsKt__StringsJVMKt startsWith$default (Ljava/lang/String;Ljava/lang/String;ZILjava/lang/Object;)Z 2 7429 orig 80 0 0 0 0 0 0 0 0 0 0 0 0 0 0 0 0 0 0 0 0 0 0 0 0 0 0 0 0 0 0 0 0 0 0 0 0 0 0 0 0 0 0 0 0 0 0 0 0 0 0 0 0 0 0 0 0 0 0 0 0 0 0 0 0 0 0 0 0 0 0 0 0 0 0 0 0 0 0 0 0 data 19 0x30007 0x0 0x20 0x1d05 0xb0002 0x1d05 0x0 0x0 0x0 0x0 0x0 0x0 0x9 0x5 0xffffffffffffffff 0xffffffffffffffff 0x0 0x0 0x0 oops 0 methods 0
ciMethodData kotlin/text/StringsKt__StringsJVMKt startsWith (Ljava/lang/String;Ljava/lang/String;Z)Z 2 5124 orig 80 0 0 0 0 0 0 0 0 0 0 0 0 0 0 0 0 0 0 0 0 0 0 0 0 0 0 0 0 0 0 0 0 0 0 0 0 0 0 0 0 0 0 0 0 0 0 0 0 0 0 0 0 0 0 0 0 0 0 0 0 0 0 0 0 0 0 0 0 0 0 0 0 0 0 0 0 0 0 0 0 data 35 0x30002 0x1404 0xa0002 0x1404 0xe0007 0x79 0x58 0x138b 0x130005 0x138b 0x0 0x0 0x0 0x0 0x0 0x1c0005 0x79 0x0 0x0 0x0 0x0 0x0 0x200002 0x79 0x0 0x0 0x0 0x0 0x0 0x0 0x9 0x3 0xffffffffffffffff 0xffffffffffffffff 0x0 oops 0 methods 0
ciMethodData java/util/ArrayList$Itr next ()Ljava/lang/Object; 2 28711 orig 80 0 0 0 0 0 0 0 0 0 0 0 0 252 127 0 0 0 0 0 0 0 0 0 0 0 0 0 0 0 0 0 0 0 0 0 0 0 0 0 0 0 0 0 0 0 0 0 0 0 0 0 0 0 0 0 0 0 0 0 0 0 0 0 0 0 0 0 0 0 0 0 0 0 0 0 0 0 0 0 0 data 28 0x10005 0x7027 0x0 0x0 0x0 0x0 0x0 0x110007 0x7027 0x30 0x0 0x180002 0x0 0x270007 0x7027 0x30 0x0 0x2e0002 0x0 0x0 0x0 0x0 0x0 0x0 0x0 0x9 0x1 0x6 oops 0 methods 0
ciMethodData java/util/ArrayList$Itr checkForComodification ()V 2 30222 orig 80 0 0 0 0 0 0 0 0 0 0 0 0 0 0 0 0 0 0 0 0 0 0 0 0 0 0 0 0 0 0 0 0 0 0 0 0 0 0 0 0 0 0 0 0 0 0 0 0 0 0 0 0 0 0 0 0 0 0 0 0 0 0 0 0 0 0 0 0 0 0 0 0 0 0 0 0 0 0 0 0 data 13 0xb0007 0x760e 0x30 0x0 0x120002 0x0 0x0 0x0 0x0 0x0 0x9 0x1 0x0 oops 0 methods 0
ciMethodData java/util/ArrayList$Itr hasNext ()Z 2 39506 orig 80 0 0 0 0 0 0 0 0 0 0 0 0 252 127 0 0 0 0 0 0 0 0 0 0 0 0 0 0 0 0 0 0 0 0 0 0 0 0 0 0 0 0 0 0 0 0 0 0 0 0 0 0 0 0 0 0 0 0 0 0 0 0 0 0 0 0 0 0 0 0 0 0 0 0 0 0 0 0 0 0 data 14 0xb0007 0x1135 0x38 0x891d 0xf0003 0x891d 0x18 0x0 0x0 0x0 0x0 0x9 0x1 0x0 oops 0 methods 0
ciMethodData java/util/ArrayList iterator ()Ljava/util/Iterator; 2 14961 orig 80 0 0 0 0 0 0 0 0 0 0 0 0 252 127 0 0 0 0 0 0 0 0 0 0 0 0 0 0 0 0 0 0 0 0 0 0 0 0 0 0 0 0 0 0 0 0 0 0 0 0 0 0 0 0 0 0 0 0 0 0 0 0 0 0 0 0 0 0 0 0 0 0 0 0 0 0 0 0 0 0 data 8 0x50002 0x3a71 0x0 0x0 0x0 0x9 0x1 0x0 oops 0 methods 0
ciMethodData java/util/ArrayList$Itr <init> (Ljava/util/ArrayList;)V 2 17184 orig 80 0 0 0 0 0 0 0 0 0 0 0 0 0 0 0 0 0 0 0 0 0 0 0 0 0 0 0 0 0 0 0 0 0 0 0 0 0 0 0 0 0 0 0 0 0 0 0 0 0 0 0 0 0 0 0 0 0 0 0 0 0 0 0 0 0 0 0 0 0 0 0 0 0 0 0 0 0 0 0 0 data 10 0x60002 0x4320 0x0 0x0 0x0 0x0 0x9 0x2 0xc 0x0 oops 0 methods 0
ciMethodData java/lang/String substring (I)Ljava/lang/String; 2 17129 orig 80 0 0 0 0 0 0 0 0 0 0 0 0 0 0 0 0 0 0 0 0 0 0 0 0 0 0 0 0 0 0 0 0 0 0 0 0 0 0 0 0 0 0 0 0 0 0 0 0 0 0 0 0 0 0 0 0 0 0 0 0 0 0 0 0 0 0 0 0 0 0 0 0 0 0 0 0 0 0 0 0 data 24 0x30005 0x42e9 0x0 0x0 0x0 0x0 0x0 0x60005 0x42e9 0x0 0x0 0x0 0x0 0x0 0x0 0x0 0x0 0x0 0x0 0x0 0x9 0x2 0x0 0x0 oops 0 methods 0
ciMethod org/jetbrains/kotlin/util/ComponentArrayOwner getArrayMap ()Lorg/jetbrains/kotlin/util/ArrayMap; 258 0 129 0 0
ciMethod org/jetbrains/kotlin/util/AbstractArrayMapOwner getArrayMap ()Lorg/jetbrains/kotlin/util/ArrayMap; 0 0 1 0 -1
ciMethod org/jetbrains/kotlin/util/ArrayMap get (I)Ljava/lang/Object; 0 0 1 0 -1
ciMethodData org/jetbrains/kotlin/name/FqName hashCode ()I 2 13946 orig 80 0 0 0 0 0 0 0 0 0 0 0 0 252 127 0 0 0 0 0 0 0 0 0 0 0 0 0 0 0 0 0 0 0 0 0 0 0 0 0 0 0 0 0 0 0 0 0 0 0 0 0 0 0 0 0 0 0 0 0 0 0 0 0 0 0 0 0 0 0 0 0 0 0 0 0 0 0 0 0 0 data 16 0x40005 0x367a 0x0 0x0 0x0 0x0 0x0 0x0 0x0 0x0 0x0 0x0 0x0 0x9 0x1 0x0 oops 0 methods 0
ciMethodData org/jetbrains/kotlin/name/FqNameUnsafe hashCode ()I 2 15243 orig 80 0 0 0 0 0 0 0 0 0 0 0 0 0 0 0 0 0 0 0 0 0 0 0 0 0 0 0 0 0 0 0 0 0 0 0 0 0 0 0 0 0 0 0 0 0 0 0 0 0 0 0 0 0 0 0 0 0 0 0 0 0 0 0 0 0 0 0 0 0 0 0 0 0 0 0 0 0 0 0 0 data 16 0x40005 0x3b8b 0x0 0x0 0x0 0x0 0x0 0x0 0x0 0x0 0x0 0x0 0x0 0x9 0x1 0x0 oops 0 methods 0
ciMethod org/jetbrains/kotlin/util/ArrayMapAccessor getValue (Lorg/jetbrains/kotlin/util/AbstractArrayMapOwner;Lkotlin/reflect/KProperty;)Ljava/lang/Object; 512 0 6432 0 216
ciMethod org/jetbrains/kotlin/util/AbstractArrayMapOwner$AbstractArrayMapAccessor extractValue (Lorg/jetbrains/kotlin/util/AbstractArrayMapOwner;)Ljava/lang/Object; 512 0 37381 0 0
ciMethod org/jetbrains/kotlin/fir/types/FirFunctionTypeKindService getExtractor ()Lorg/jetbrains/kotlin/builtins/functions/FunctionTypeKindExtractor; 0 0 1 0 -1
ciMethod org/jetbrains/kotlin/fir/types/FirFunctionTypeKindService getKindByClassNamePrefix (Lorg/jetbrains/kotlin/name/FqName;Ljava/lang/String;)Lorg/jetbrains/kotlin/builtins/functions/FunctionTypeKind; 362 0 2207 0 0
ciMethod org/jetbrains/kotlin/fir/types/FirFunctionTypeKindServiceImpl getExtractor ()Lorg/jetbrains/kotlin/builtins/functions/FunctionTypeKindExtractor; 256 0 128 0 0
ciMethod org/jetbrains/kotlin/builtins/functions/FunctionTypeKind getClassNamePrefix ()Ljava/lang/String; 256 0 128 0 0
ciMethodData org/jetbrains/kotlin/name/FqNameUnsafe isRoot ()Z 2 35223 orig 80 0 0 0 0 0 0 0 0 0 0 0 0 252 127 0 0 0 0 0 0 0 0 0 0 0 0 0 0 0 0 0 0 0 0 0 0 0 0 0 0 0 0 0 0 0 0 0 0 0 0 0 0 0 0 0 0 0 0 0 0 0 0 0 0 0 0 0 0 0 0 0 0 0 0 0 0 0 0 0 0 data 16 0x40005 0x8997 0x0 0x0 0x0 0x0 0x0 0x0 0x0 0x0 0x0 0x0 0x0 0x9 0x1 0x0 oops 0 methods 0
ciMethod org/jetbrains/kotlin/builtins/functions/FunctionTypeKindExtractor getFunctionalClassKindWithArity (Lorg/jetbrains/kotlin/name/FqName;Ljava/lang/String;)Lorg/jetbrains/kotlin/builtins/functions/FunctionTypeKindExtractor$KindWithArity; 68 26 2314 0 0
ciMethod org/jetbrains/kotlin/builtins/functions/FunctionTypeKindExtractor toInt (Ljava/lang/String;)Ljava/lang/Integer; 62 62 572 0 -1
ciMethod org/jetbrains/kotlin/fir/resolve/providers/impl/FirSyntheticFunctionInterfaceProviderBase$Companion isNameForFunctionClass (Lorg/jetbrains/kotlin/name/ClassId;Lorg/jetbrains/kotlin/fir/FirSession;)Z 768 0 4711 0 0
ciMethod org/jetbrains/kotlin/fir/resolve/providers/impl/FirSyntheticFunctionInterfaceProviderBase$Companion getFunctionTypeKind (Lorg/jetbrains/kotlin/name/ClassId;Lorg/jetbrains/kotlin/fir/FirSession;)Lorg/jetbrains/kotlin/builtins/functions/FunctionTypeKind; 768 0 4719 0 0
ciMethod org/jetbrains/kotlin/fir/resolve/providers/impl/FirSyntheticFunctionInterfaceProviderBase$Companion mayBeSyntheticFunctionClassName (Lorg/jetbrains/kotlin/name/ClassId;)Z 1024 0 4719 0 0
ciMethod org/jetbrains/kotlin/fir/types/FirFunctionTypeKindServiceKt getFunctionTypeService (Lorg/jetbrains/kotlin/fir/FirSession;)Lorg/jetbrains/kotlin/fir/types/FirFunctionTypeKindService; 512 0 8599 0 0
ciMethod org/jetbrains/kotlin/fir/resolve/providers/FirSymbolNamesProvider getTopLevelClassifierNamesInPackage (Lorg/jetbrains/kotlin/name/FqName;)Ljava/util/Set; 0 0 1 0 -1
ciMethod org/jetbrains/kotlin/fir/resolve/providers/FirSymbolNamesProvider getMayHaveSyntheticFunctionTypes ()Z 256 0 128 0 0
ciMethod org/jetbrains/kotlin/fir/resolve/providers/FirSymbolNamesProvider mayHaveSyntheticFunctionType (Lorg/jetbrains/kotlin/name/ClassId;)Z 0 0 1 0 -1
ciMethod org/jetbrains/kotlin/fir/resolve/providers/FirSymbolNamesProvider mayHaveTopLevelClassifier (Lorg/jetbrains/kotlin/name/ClassId;)Z 512 0 5376 0 -1
ciMethod org/jetbrains/kotlin/fir/resolve/providers/impl/FirCachingCompositeSymbolProvider$symbolNamesProvider$1 mayHaveSyntheticFunctionType (Lorg/jetbrains/kotlin/name/ClassId;)Z 768 0 4711 0 0
ciMethod org/jetbrains/kotlin/fir/resolve/providers/FirCompositeCachedSymbolNamesProvider getMayHaveSyntheticFunctionTypes ()Z 256 0 128 0 0
ciMethodData org/jetbrains/kotlin/name/Name asString ()Ljava/lang/String; 2 43321 orig 80 0 0 0 0 0 0 0 0 0 0 0 0 252 127 0 0 0 0 0 0 0 0 0 0 0 0 0 0 0 0 0 0 0 0 0 0 0 0 0 0 0 0 0 0 0 0 0 0 0 0 0 0 0 0 0 0 0 0 0 0 0 0 0 0 0 0 0 0 0 0 0 0 0 0 0 0 0 0 0 0 data 15 0x50007 0xa939 0x30 0x0 0x90002 0x0 0x0 0x0 0x0 0x0 0x0 0x0 0x9 0x1 0x0 oops 0 methods 0
ciMethodData org/jetbrains/kotlin/fir/types/FirFunctionTypeKindServiceKt getFunctionTypeService (Lorg/jetbrains/kotlin/fir/FirSession;)Lorg/jetbrains/kotlin/fir/types/FirFunctionTypeKindService; 2 8343 orig 80 0 0 0 0 0 0 0 0 0 0 0 0 252 127 0 0 0 0 0 0 0 0 0 0 0 0 0 0 0 0 0 0 0 0 0 0 0 0 0 0 0 0 0 0 0 0 0 0 0 0 0 0 0 0 0 0 0 0 0 0 0 0 0 0 0 0 0 0 0 0 0 0 0 0 0 0 0 0 0 0 data 32 0x30002 0x2097 0xa0004 0x0 0x0 0x1973741c330 0x2 0x0 0x0 0x120005 0x2097 0x0 0x0 0x0 0x0 0x0 0x150004 0x0 0x0 0x1973845e470 0x2097 0x0 0x0 0x0 0x0 0x0 0x0 0x0 0x0 0x9 0x1 0x0 oops 2 5 org/jetbrains/kotlin/fir/java/FirCliSession 19 org/jetbrains/kotlin/fir/types/FirFunctionTypeKindServiceImpl methods 0
ciMethodData org/jetbrains/kotlin/util/AbstractArrayMapOwner$AbstractArrayMapAccessor extractValue (Lorg/jetbrains/kotlin/util/AbstractArrayMapOwner;)Ljava/lang/Object; 2 37125 orig 80 0 0 0 0 0 0 0 0 0 0 0 0 252 127 0 0 0 0 0 0 0 0 0 0 0 0 0 0 0 0 0 0 0 0 0 0 0 0 0 0 0 0 0 0 0 0 0 0 0 0 0 0 0 0 0 0 0 0 0 0 0 0 0 0 0 0 0 0 0 0 0 0 0 0 0 0 0 0 0 0 data 26 0x30002 0x9105 0x70005 0x736b 0x0 0x1973741c330 0x1d5c 0x19738461be8 0x3e 0xe0005 0x3a03 0x0 0x19738461c98 0x47b3 0x19738461d48 0xf4f 0x0 0x0 0x0 0x0 0x0 0x0 0x9 0x2 0x0 0xffffffffffffffff oops 4 5 org/jetbrains/kotlin/fir/java/FirCliSession 7 org/jetbrains/kotlin/fir/extensions/FirExtensionService 12 org/jetbrains/kotlin/util/ArrayMapImpl 14 org/jetbrains/kotlin/util/OneElementArrayMap methods 0
ciMethodData java/lang/Character isDigit (C)Z 2 5041 orig 80 0 0 0 0 0 0 0 0 0 0 0 0 252 127 0 0 0 0 0 0 0 0 0 0 0 0 0 0 0 0 0 0 0 0 0 0 0 0 0 0 0 0 0 0 0 0 0 0 0 0 0 0 0 0 0 0 0 0 0 0 0 0 0 0 0 0 0 0 0 0 0 0 0 0 0 0 0 0 0 0 data 11 0x10002 0x13b1 0x0 0x0 0x0 0x0 0x0 0x0 0x9 0x1 0x0 oops 0 methods 0
ciMethodData java/lang/Character isDigit (I)Z 2 5041 orig 80 0 0 0 0 0 0 0 0 0 0 0 0 0 0 0 0 0 0 0 0 0 0 0 0 0 0 0 0 0 0 0 0 0 0 0 0 0 0 0 0 0 0 0 0 0 0 0 0 0 0 0 0 0 0 0 0 0 0 0 0 0 0 0 0 0 0 0 0 0 0 0 0 0 0 0 0 0 0 0 0 data 18 0x10002 0x13b1 0x50005 0x0 0x0 0x197376dd160 0x13b1 0x0 0x0 0x0 0x0 0x0 0x0 0x0 0x0 0x9 0x1 0x0 oops 1 5 java/lang/CharacterDataLatin1 methods 0
ciMethodData java/lang/CharacterDataLatin1 isDigit (I)Z 2 5041 orig 80 0 0 0 0 0 0 0 0 0 0 0 0 252 127 0 0 0 0 0 0 0 0 0 0 0 0 0 0 0 0 0 0 0 0 0 0 0 0 0 0 0 0 0 0 0 0 0 0 0 0 0 0 0 0 0 0 0 0 0 0 0 0 0 0 0 0 0 0 0 0 0 0 0 0 0 0 0 0 0 0 data 16 0x30007 0x0 0x58 0x13b1 0x90007 0x10c3 0x38 0x2ee 0xd0003 0x2ee 0x18 0x0 0x9 0x2 0x0 0x0 oops 0 methods 0
ciMethodData org/jetbrains/kotlin/util/ArrayMapAccessor getValue (Lorg/jetbrains/kotlin/util/AbstractArrayMapOwner;Lkotlin/reflect/KProperty;)Ljava/lang/Object; 2 6176 orig 80 0 0 0 0 0 0 0 0 0 0 0 0 252 127 0 0 0 0 0 0 0 0 0 0 0 0 0 0 0 0 0 0 0 0 0 0 0 0 0 0 0 0 0 0 0 0 0 0 0 0 0 0 0 0 0 0 0 0 0 0 0 0 0 0 0 0 0 0 0 0 0 0 0 0 0 0 0 0 0 0 data 97 0x30002 0x1820 0x90002 0x1820 0xe0005 0x1820 0x0 0x0 0x0 0x0 0x0 0x120007 0x1820 0x258 0x0 0x1b0007 0x0 0x238 0x0 0x270002 0x0 0x2c0005 0x0 0x0 0x0 0x0 0x0 0x0 0x330005 0x0 0x0 0x0 0x0 0x0 0x0 0x380005 0x0 0x0 0x0 0x0 0x0 0x0 0x3c0005 0x0 0x0 0x0 0x0 0x0 0x0 0x3f0005 0x0 0x0 0x0 0x0 0x0 0x0 0x440005 0x0 0x0 0x0 0x0 0x0 0x0 0x480005 0x0 0x0 0x0 0x0 0x0 0x0 0x4b0005 0x0 0x0 0x0 0x0 0x0 0x0 0x4e0005 0x0 0x0 0x0 0x0 0x0 0x0 0x510002 0x0 0x0 0x0 0x0 0x0 0x0 0x0 0x9 0x3 0x0 0x0 0x0 oops 0 methods 0
ciMethodData org/jetbrains/kotlin/name/FqName asString ()Ljava/lang/String; 2 42931 orig 80 0 0 0 0 0 0 0 0 0 0 0 0 252 127 0 0 0 0 0 0 0 0 0 0 0 0 0 0 0 0 0 0 0 0 0 0 0 0 0 0 0 0 0 0 0 0 0 0 0 0 0 0 0 0 0 0 0 0 0 0 0 0 0 0 0 0 0 0 0 0 0 0 0 0 0 0 0 0 0 0 data 22 0x40005 0xa7b3 0x0 0x0 0x0 0x0 0x0 0x80007 0xa7b3 0x30 0x0 0xc0002 0x0 0x0 0x0 0x0 0x0 0x0 0x0 0x9 0x1 0x0 oops 0 methods 0
ciMethodData org/jetbrains/kotlin/name/FqNameUnsafe asString ()Ljava/lang/String; 2 46199 orig 80 0 0 0 0 0 0 0 0 0 0 0 0 0 0 0 0 0 0 0 0 0 0 0 0 0 0 0 0 0 0 0 0 0 0 0 0 0 0 0 0 0 0 0 0 0 0 0 0 0 0 0 0 0 0 0 0 0 0 0 0 0 0 0 0 0 0 0 0 0 0 0 0 0 0 0 0 0 0 0 0 data 15 0x50007 0xb477 0x30 0x0 0x90002 0x0 0x0 0x0 0x0 0x0 0x0 0x0 0x9 0x1 0x0 oops 0 methods 0
ciMethodData org/jetbrains/kotlin/name/FqNameUnsafe shortName ()Lorg/jetbrains/kotlin/name/Name; 2 5129 orig 80 0 0 0 0 0 0 0 0 0 0 0 0 252 127 0 0 0 0 0 0 0 0 0 0 0 0 0 0 0 0 0 0 0 0 0 0 0 0 0 0 0 0 0 0 0 0 0 0 0 0 0 0 0 0 0 0 0 0 0 0 0 0 0 0 0 0 0 0 0 0 0 0 0 0 0 0 0 0 0 0 data 40 0x40007 0x5c 0x50 0x13ad 0xc0007 0x13ad 0x30 0x0 0x110002 0x0 0x160005 0x5c 0x0 0x0 0x0 0x0 0x0 0x190007 0x5c 0x30 0x0 0x220002 0x0 0x270002 0x5c 0x2f0007 0x5c 0x30 0x0 0x340002 0x0 0x0 0x0 0x0 0x0 0x0 0x0 0x9 0x1 0x0 oops 0 methods 0
ciMethodData org/jetbrains/kotlin/name/FqName shortName ()Lorg/jetbrains/kotlin/name/Name; 2 18855 orig 80 0 0 0 0 0 0 0 0 0 0 0 0 252 127 0 0 0 0 0 0 0 0 0 0 0 0 0 0 0 0 0 0 0 0 0 0 0 0 0 0 0 0 0 0 0 0 0 0 0 0 0 0 0 0 0 0 0 0 0 0 0 0 0 0 0 0 0 0 0 0 0 0 0 0 0 0 0 0 0 0 data 22 0x40005 0x49a7 0x0 0x0 0x0 0x0 0x0 0x80007 0x49a7 0x30 0x0 0xd0002 0x0 0x0 0x0 0x0 0x0 0x0 0x0 0x9 0x1 0x0 oops 0 methods 0
ciMethod org/jetbrains/kotlin/fir/resolve/providers/FirSymbolNamesProviderKt access$mayContainTopLevelClassifier (Ljava/util/Set;Lorg/jetbrains/kotlin/name/Name;)Z 510 0 5260 0 -1
ciMethodData org/jetbrains/kotlin/name/ClassId getShortClassName ()Lorg/jetbrains/kotlin/name/Name; 2 9453 orig 80 0 0 0 0 0 0 0 0 0 0 0 0 252 127 0 0 0 0 0 0 0 0 0 0 0 0 0 0 0 0 0 0 0 0 0 0 0 0 0 0 0 0 0 0 0 0 0 0 0 0 0 0 0 0 0 0 0 0 0 0 0 0 0 0 0 0 0 0 0 0 0 0 0 0 0 0 0 0 0 0 data 18 0x40005 0x24ed 0x0 0x0 0x0 0x0 0x0 0xa0002 0x24ed 0x0 0x0 0x0 0x0 0x0 0x0 0x9 0x1 0x0 oops 0 methods 0
ciMethodData org/jetbrains/kotlin/fir/resolve/providers/FirSymbolNamesProvider mayHaveTopLevelClassifier (Lorg/jetbrains/kotlin/name/ClassId;)Z 2 5120 orig 80 0 0 0 0 0 0 0 0 0 0 0 0 252 127 0 0 0 0 0 0 0 0 0 0 0 0 0 0 0 0 0 0 0 0 0 0 0 0 0 0 0 0 0 0 0 0 0 0 0 0 0 0 0 0 0 0 0 0 0 0 0 0 0 0 0 0 0 0 0 0 0 0 0 0 0 0 0 0 0 0 data 96 0x30002 0x13ff 0x70005 0x0 0x0 0x19735eab6c8 0x11cc 0x19735eab778 0x233 0xa0007 0x233 0x78 0x11cc 0xf0005 0x0 0x0 0x19735eab6c8 0x11cc 0x0 0x0 0x120007 0x1157 0x20 0x75 0x190005 0x138a 0x0 0x0 0x0 0x0 0x0 0x1c0005 0x0 0x0 0x19735eab6c8 0x1157 0x19735eab778 0x233 0x200007 0x138a 0x20 0x0 0x280005 0x138a 0x0 0x0 0x0 0x0 0x0 0x2b0007 0x8d 0x88 0x12fd 0x300005 0x12fd 0x0 0x0 0x0 0x0 0x0 0x330002 0x12fd 0x360007 0xd21 0xc0 0x5dc 0x3d0005 0x8d 0x0 0x0 0x0 0x0 0x0 0x400005 0x8d 0x0 0x0 0x0 0x0 0x0 0x430002 0x8d 0x460007 0x8d 0x20 0x0 0x0 0x0 0x0 0x0 0x0 0x0 0x9 0x2 0x0 0x0 oops 5 5 org/jetbrains/kotlin/fir/resolve/providers/impl/FirCachingCompositeSymbolProvider$symbolNamesProvider$1 7 org/jetbrains/kotlin/fir/deserialization/AbstractFirDeserializedSymbolProvider$symbolNamesProvider$1 16 org/jetbrains/kotlin/fir/resolve/providers/impl/FirCachingCompositeSymbolProvider$symbolNamesProvider$1 34 org/jetbrains/kotlin/fir/resolve/providers/impl/FirCachingCompositeSymbolProvider$symbolNamesProvider$1 36 org/jetbrains/kotlin/fir/deserialization/AbstractFirDeserializedSymbolProvider$symbolNamesProvider$1 methods 0
ciMethodData org/jetbrains/kotlin/builtins/functions/FunctionTypeKindExtractor getFunctionalClassKindWithArity (Lorg/jetbrains/kotlin/name/FqName;Ljava/lang/String;)Lorg/jetbrains/kotlin/builtins/functions/FunctionTypeKindExtractor$KindWithArity; 2 2280 orig 80 0 0 0 0 0 0 0 0 0 0 0 0 0 0 0 0 0 0 0 0 0 0 0 0 0 0 0 0 0 0 0 0 0 0 0 0 0 0 0 0 0 0 0 0 0 0 0 0 0 0 0 0 0 0 0 0 0 0 0 0 0 0 0 0 0 0 0 0 0 0 0 0 0 0 0 0 0 0 0 0 data 122 0x30002 0x8e8 0x90002 0x8e8 0x110005 0x0 0x0 0x19737c7c230 0x8e8 0x0 0x0 0x160104 0x0 0x0 0x197301b9dd8 0x559 0x0 0x0 0x1a0007 0x559 0x20 0x38f 0x220005 0x0 0x0 0x197301b9dd8 0x559 0x0 0x0 0x2b0005 0x0 0x0 0x19737c7c2e0 0x88b 0x0 0x0 0x300007 0x31d 0x258 0x56e 0x350005 0x0 0x0 0x19737c7c2e0 0x56e 0x0 0x0 0x3a0004 0x0 0x0 0x19737c7c390 0x442 0x19737c7c440 0x15 0x420005 0x56e 0x0 0x0 0x0 0x0 0x0 0x480002 0x56e 0x4b0007 0x332 0xfffffffffffffef0 0x23c 0x520005 0x23c 0x0 0x0 0x0 0x0 0x0 0x550005 0x23c 0x0 0x0 0x0 0x0 0x0 0x580005 0x23c 0x0 0x0 0x0 0x0 0x0 0x5e0002 0x23c 0x610002 0x23c 0x650007 0x0 0x70 0x23c 0x680005 0x23c 0x0 0x0 0x0 0x0 0x0 0x6b0003 0x23c 0x30 0x6f0003 0x0 0xfffffffffffffd98 0x7c0002 0x23c 0x0 0x0 0x0 0x0 0x0 0x0 0x9 0x3 0x0 0xffffffffffffffff 0xffffffffffffffff oops 7 7 java/util/LinkedHashMap 14 java/util/ArrayList 25 java/util/ArrayList 32 java/util/ArrayList$Itr 43 java/util/ArrayList$Itr 50 org/jetbrains/kotlin/builtins/functions/FunctionTypeKind$Function 52 org/jetbrains/kotlin/builtins/functions/FunctionTypeKind$KFunction methods 0
ciMethodData org/jetbrains/kotlin/fir/resolve/providers/impl/FirCachingCompositeSymbolProvider$symbolNamesProvider$1 mayHaveSyntheticFunctionType (Lorg/jetbrains/kotlin/name/ClassId;)Z 2 4327 orig 80 0 0 0 0 0 0 0 0 0 0 0 0 252 127 0 0 0 0 0 0 0 0 0 0 0 0 0 0 0 0 0 0 0 0 0 0 0 0 0 0 0 0 0 0 0 0 0 0 0 0 0 0 0 0 0 0 0 0 0 0 0 0 0 0 0 0 0 0 0 0 0 0 0 0 0 0 0 0 0 0 data 19 0x30002 0x10e7 0xe0005 0x10e7 0x0 0x0 0x0 0x0 0x0 0x0 0x0 0x0 0x0 0x0 0x0 0x9 0x2 0x0 0x0 oops 0 methods 0
ciMethodData org/jetbrains/kotlin/fir/resolve/providers/impl/FirSyntheticFunctionInterfaceProviderBase$Companion isNameForFunctionClass (Lorg/jetbrains/kotlin/name/ClassId;Lorg/jetbrains/kotlin/fir/FirSession;)Z 2 4327 orig 80 0 0 0 0 0 0 0 0 0 0 0 0 0 0 0 0 0 0 0 0 0 0 0 0 0 0 0 0 0 0 0 0 0 0 0 0 0 0 0 0 0 0 0 0 0 0 0 0 0 0 0 0 0 0 0 0 0 0 0 0 0 0 0 0 0 0 0 0 0 0 0 0 0 0 0 0 0 0 0 0 data 24 0x30002 0x10e7 0x90002 0x10e7 0xf0002 0x10e7 0x120007 0x1072 0x38 0x75 0x160003 0x75 0x18 0x0 0x0 0x0 0x0 0x0 0x0 0x9 0x3 0x0 0x0 0x0 oops 0 methods 0
ciMethodData org/jetbrains/kotlin/fir/resolve/providers/impl/FirSyntheticFunctionInterfaceProviderBase$Companion getFunctionTypeKind (Lorg/jetbrains/kotlin/name/ClassId;Lorg/jetbrains/kotlin/fir/FirSession;)Lorg/jetbrains/kotlin/builtins/functions/FunctionTypeKind; 2 4335 orig 80 0 0 0 0 0 0 0 0 0 0 0 0 0 0 0 0 0 0 0 0 0 0 0 0 0 0 0 0 0 0 0 0 0 0 0 0 0 0 0 0 0 0 0 0 0 0 0 0 0 0 0 0 0 0 0 0 0 0 0 0 0 0 0 0 0 0 0 0 0 0 0 0 0 0 0 0 0 0 0 0 data 54 0x20005 0x10ef 0x0 0x0 0x0 0x0 0x0 0x50007 0x86 0x20 0x1069 0xb0002 0x86 0xf0005 0x86 0x0 0x0 0x0 0x0 0x0 0x130005 0x86 0x0 0x0 0x0 0x0 0x0 0x160005 0x86 0x0 0x0 0x0 0x0 0x0 0x1c0002 0x86 0x1f0005 0x86 0x0 0x0 0x0 0x0 0x0 0x0 0x0 0x0 0x0 0x0 0x0 0x9 0x3 0x0 0x0 0x0 oops 0 methods 0
ciMethodData org/jetbrains/kotlin/fir/resolve/providers/impl/FirSyntheticFunctionInterfaceProviderBase$Companion mayBeSyntheticFunctionClassName (Lorg/jetbrains/kotlin/name/ClassId;)Z 2 4207 orig 80 0 0 0 0 0 0 0 0 0 0 0 0 0 0 0 0 0 0 0 0 0 0 0 0 0 0 0 0 0 0 0 0 0 0 0 0 0 0 0 0 0 0 0 0 0 0 0 0 0 0 0 0 0 0 0 0 0 0 0 0 0 0 0 0 0 0 0 0 0 0 0 0 0 0 0 0 0 0 0 0 data 60 0x30002 0x1070 0x70005 0x1070 0x0 0x0 0x0 0x0 0x0 0xa0005 0x1070 0x0 0x0 0x0 0x0 0x0 0x100002 0x1070 0x130004 0x0 0x0 0x197301b62e8 0x8 0x0 0x0 0x160002 0x1070 0x1a0007 0x0 0xb8 0x1070 0x1d0005 0x1070 0x0 0x0 0x0 0x0 0x0 0x200002 0x1070 0x240007 0xfec 0x38 0x84 0x280003 0x84 0x30 0x2c0003 0xfec 0x18 0x0 0x0 0x0 0x0 0x0 0x0 0x9 0x2 0x0 0x0 oops 1 21 java/lang/String methods 0
ciMethodData kotlin/text/StringsKt___StringsKt lastOrNull (Ljava/lang/CharSequence;)Ljava/lang/Character; 2 4207 orig 80 0 0 0 0 0 0 0 0 0 0 0 0 0 0 0 0 0 0 0 0 0 0 0 0 0 0 0 0 0 0 0 0 0 0 0 0 0 0 0 0 0 0 0 0 0 0 0 0 0 0 0 0 0 0 0 0 0 0 0 0 0 0 0 0 0 0 0 0 0 0 0 0 0 0 0 0 0 0 0 0 data 48 0x30002 0x1070 0x70005 0x0 0x0 0x197301b62e8 0x1070 0x0 0x0 0xc0007 0x1070 0x38 0x0 0x100003 0x0 0x18 0x140007 0x1070 0x38 0x0 0x180003 0x0 0x98 0x1d0005 0x0 0x0 0x197301b62e8 0x1070 0x0 0x0 0x240005 0x0 0x0 0x197301b62e8 0x1070 0x0 0x0 0x290002 0x1070 0x0 0x0 0x0 0x0 0x0 0x0 0x9 0x1 0x0 oops 3 5 java/lang/String 26 java/lang/String 33 java/lang/String methods 0
ciMethodData org/jetbrains/kotlin/fir/types/FirFunctionTypeKindService getKindByClassNamePrefix (Lorg/jetbrains/kotlin/name/FqName;Ljava/lang/String;)Lorg/jetbrains/kotlin/builtins/functions/FunctionTypeKind; 2 2026 orig 80 0 0 0 0 0 0 0 0 0 0 0 0 0 0 0 0 0 0 0 0 0 0 0 0 0 0 0 0 0 0 0 0 0 0 0 0 0 0 0 0 0 0 0 0 0 0 0 0 0 0 0 0 0 0 0 0 0 0 0 0 0 0 0 0 0 0 0 0 0 0 0 0 0 0 0 0 0 0 0 0 data 43 0x30002 0x7ea 0x90002 0x7ea 0xd0005 0x799 0x0 0x1973845e470 0x51 0x0 0x0 0x120005 0x7ea 0x0 0x0 0x0 0x0 0x0 0x160007 0x60b 0x70 0x1df 0x190005 0x162 0x0 0x0 0x0 0x0 0x0 0x1c0003 0x1df 0x18 0x0 0x0 0x0 0x0 0x0 0x0 0x9 0x3 0x0 0x0 0x0 oops 1 7 org/jetbrains/kotlin/fir/types/FirFunctionTypeKindServiceImpl methods 0
ciMethod org/jetbrains/kotlin/builtins/functions/FunctionTypeKindExtractor$KindWithArity <init> (Lorg/jetbrains/kotlin/builtins/functions/FunctionTypeKind;I)V 62 0 572 0 -1
ciMethod org/jetbrains/kotlin/builtins/functions/FunctionTypeKindExtractor$KindWithArity getKind ()Lorg/jetbrains/kotlin/builtins/functions/FunctionTypeKind; 256 0 128 0 -1
compile org/jetbrains/kotlin/fir/resolve/providers/FirSymbolNamesProvider mayHaveTopLevelClassifier (Lorg/jetbrains/kotlin/name/ClassId;)Z -1 4 inline 97 0 -1 0 org/jetbrains/kotlin/fir/resolve/providers/FirSymbolNamesProvider mayHaveTopLevelClassifier (Lorg/jetbrains/kotlin/name/ClassId;)Z 1 3 0 kotlin/jvm/internal/Intrinsics checkNotNullParameter (Ljava/lang/Object;Ljava/lang/String;)V 1 7 0 org/jetbrains/kotlin/fir/resolve/providers/FirCompositeCachedSymbolNamesProvider getMayHaveSyntheticFunctionTypes ()Z 1 7 0 org/jetbrains/kotlin/fir/resolve/providers/FirSymbolNamesProvider getMayHaveSyntheticFunctionTypes ()Z 1 15 0 org/jetbrains/kotlin/fir/resolve/providers/impl/FirCachingCompositeSymbolProvider$symbolNamesProvider$1 mayHaveSyntheticFunctionType (Lorg/jetbrains/kotlin/name/ClassId;)Z 2 3 0 kotlin/jvm/internal/Intrinsics checkNotNullParameter (Ljava/lang/Object;Ljava/lang/String;)V 2 14 0 org/jetbrains/kotlin/fir/resolve/providers/impl/FirSyntheticFunctionInterfaceProviderBase$Companion isNameForFunctionClass (Lorg/jetbrains/kotlin/name/ClassId;Lorg/jetbrains/kotlin/fir/FirSession;)Z 3 3 0 kotlin/jvm/internal/Intrinsics checkNotNullParameter (Ljava/lang/Object;Ljava/lang/String;)V 3 9 0 kotlin/jvm/internal/Intrinsics checkNotNullParameter (Ljava/lang/Object;Ljava/lang/String;)V 3 15 0 org/jetbrains/kotlin/fir/resolve/providers/impl/FirSyntheticFunctionInterfaceProviderBase$Companion getFunctionTypeKind (Lorg/jetbrains/kotlin/name/ClassId;Lorg/jetbrains/kotlin/fir/FirSession;)Lorg/jetbrains/kotlin/builtins/functions/FunctionTypeKind; 4 2 0 org/jetbrains/kotlin/fir/resolve/providers/impl/FirSyntheticFunctionInterfaceProviderBase$Companion mayBeSyntheticFunctionClassName (Lorg/jetbrains/kotlin/name/ClassId;)Z 5 3 0 kotlin/jvm/internal/Intrinsics checkNotNullParameter (Ljava/lang/Object;Ljava/lang/String;)V 5 7 0 org/jetbrains/kotlin/name/ClassId getRelativeClassName ()Lorg/jetbrains/kotlin/name/FqName; 5 10 0 org/jetbrains/kotlin/name/FqName asString ()Ljava/lang/String; 6 4 0 org/jetbrains/kotlin/name/FqNameUnsafe asString ()Ljava/lang/String; 5 16 0 kotlin/jvm/internal/Intrinsics checkNotNullExpressionValue (Ljava/lang/Object;Ljava/lang/String;)V 5 22 0 kotlin/text/StringsKt___StringsKt lastOrNull (Ljava/lang/CharSequence;)Ljava/lang/Character; 6 3 0 kotlin/jvm/internal/Intrinsics checkNotNullParameter (Ljava/lang/Object;Ljava/lang/String;)V 6 7 0 java/lang/String length ()I 7 6 0 java/lang/String coder ()B 6 29 0 java/lang/String length ()I 7 6 0 java/lang/String coder ()B 6 36 0 java/lang/String charAt (I)C 7 1 0 java/lang/String isLatin1 ()Z 7 12 0 java/lang/StringLatin1 charAt ([BI)C 8 3 0 java/lang/String checkIndex (II)V 6 41 0 java/lang/Character valueOf (C)Ljava/lang/Character; 5 29 0 java/lang/Character charValue ()C 5 32 0 java/lang/Character isDigit (C)Z 6 1 0 java/lang/Character isDigit (I)Z 7 1 0 java/lang/CharacterData of (I)Ljava/lang/CharacterData; 7 5 0 java/lang/CharacterDataLatin1 isDigit (I)Z 4 11 0 org/jetbrains/kotlin/fir/types/FirFunctionTypeKindServiceKt getFunctionTypeService (Lorg/jetbrains/kotlin/fir/FirSession;)Lorg/jetbrains/kotlin/fir/types/FirFunctionTypeKindService; 5 3 0 kotlin/jvm/internal/Intrinsics checkNotNullParameter (Ljava/lang/Object;Ljava/lang/String;)V 5 18 0 org/jetbrains/kotlin/util/ArrayMapAccessor getValue (Lorg/jetbrains/kotlin/util/AbstractArrayMapOwner;Lkotlin/reflect/KProperty;)Ljava/lang/Object; 6 3 0 kotlin/jvm/internal/Intrinsics checkNotNullParameter (Ljava/lang/Object;Ljava/lang/String;)V 6 9 0 kotlin/jvm/internal/Intrinsics checkNotNullParameter (Ljava/lang/Object;Ljava/lang/String;)V 6 14 0 org/jetbrains/kotlin/util/AbstractArrayMapOwner$AbstractArrayMapAccessor extractValue (Lorg/jetbrains/kotlin/util/AbstractArrayMapOwner;)Ljava/lang/Object; 7 3 0 kotlin/jvm/internal/Intrinsics checkNotNullParameter (Ljava/lang/Object;Ljava/lang/String;)V 7 7 0 org/jetbrains/kotlin/util/ComponentArrayOwner getArrayMap ()Lorg/jetbrains/kotlin/util/ArrayMap; 4 15 0 org/jetbrains/kotlin/name/ClassId getPackageFqName ()Lorg/jetbrains/kotlin/name/FqName; 4 19 0 org/jetbrains/kotlin/name/ClassId getShortClassName ()Lorg/jetbrains/kotlin/name/Name; 5 4 0 org/jetbrains/kotlin/name/FqName shortName ()Lorg/jetbrains/kotlin/name/Name; 6 4 0 org/jetbrains/kotlin/name/FqNameUnsafe shortName ()Lorg/jetbrains/kotlin/name/Name; 7 22 0 org/jetbrains/kotlin/name/FqNameUnsafe isRoot ()Z 8 4 0 java/lang/String isEmpty ()Z 5 10 0 kotlin/jvm/internal/Intrinsics checkNotNullExpressionValue (Ljava/lang/Object;Ljava/lang/String;)V 4 22 0 org/jetbrains/kotlin/name/Name asString ()Ljava/lang/String; 4 31 0 org/jetbrains/kotlin/fir/types/FirFunctionTypeKindService getKindByClassNamePrefix (Lorg/jetbrains/kotlin/name/FqName;Ljava/lang/String;)Lorg/jetbrains/kotlin/builtins/functions/FunctionTypeKind; 5 3 0 kotlin/jvm/internal/Intrinsics checkNotNullParameter (Ljava/lang/Object;Ljava/lang/String;)V 5 9 0 kotlin/jvm/internal/Intrinsics checkNotNullParameter (Ljava/lang/Object;Ljava/lang/String;)V 5 13 0 org/jetbrains/kotlin/fir/types/FirFunctionTypeKindServiceImpl getExtractor ()Lorg/jetbrains/kotlin/builtins/functions/FunctionTypeKindExtractor; 5 18 0 org/jetbrains/kotlin/builtins/functions/FunctionTypeKindExtractor getFunctionalClassKindWithArity (Lorg/jetbrains/kotlin/name/FqName;Ljava/lang/String;)Lorg/jetbrains/kotlin/builtins/functions/FunctionTypeKindExtractor$KindWithArity; 6 3 0 kotlin/jvm/internal/Intrinsics checkNotNullParameter (Ljava/lang/Object;Ljava/lang/String;)V 6 9 0 kotlin/jvm/internal/Intrinsics checkNotNullParameter (Ljava/lang/Object;Ljava/lang/String;)V 6 17 0 java/util/LinkedHashMap get (Ljava/lang/Object;)Ljava/lang/Object; 7 2 0 java/util/HashMap getNode (Ljava/lang/Object;)Ljava/util/HashMap$Node; 8 23 0 java/util/HashMap hash (Ljava/lang/Object;)I 9 9 0 org/jetbrains/kotlin/name/FqName hashCode ()I 10 4 0 org/jetbrains/kotlin/name/FqNameUnsafe hashCode ()I 11 4 0 java/lang/String hashCode ()I 12 17 0 java/lang/String isLatin1 ()Z 12 27 0 java/lang/StringLatin1 hashCode ([B)I 6 34 0 java/util/ArrayList iterator ()Ljava/util/Iterator; 7 5 0 java/util/ArrayList$Itr <init> (Ljava/util/ArrayList;)V 8 6 0 java/lang/Object <init> ()V 6 43 0 java/util/ArrayList$Itr hasNext ()Z 6 53 0 java/util/ArrayList$Itr next ()Ljava/lang/Object; 7 1 0 java/util/ArrayList$Itr checkForComodification ()V 6 66 0 org/jetbrains/kotlin/builtins/functions/FunctionTypeKind getClassNamePrefix ()Ljava/lang/String; 6 72 0 kotlin/text/StringsKt__StringsJVMKt startsWith$default (Ljava/lang/String;Ljava/lang/String;ZILjava/lang/Object;)Z 7 11 0 kotlin/text/StringsKt__StringsJVMKt startsWith (Ljava/lang/String;Ljava/lang/String;Z)Z 8 3 0 kotlin/jvm/internal/Intrinsics checkNotNullParameter (Ljava/lang/Object;Ljava/lang/String;)V 8 10 0 kotlin/jvm/internal/Intrinsics checkNotNullParameter (Ljava/lang/Object;Ljava/lang/String;)V 8 19 0 java/lang/String startsWith (Ljava/lang/String;)Z 9 3 0 java/lang/String startsWith (Ljava/lang/String;I)Z 10 6 0 java/lang/String length ()I 11 6 0 java/lang/String coder ()B 10 10 0 java/lang/String length ()I 11 6 0 java/lang/String coder ()B 10 39 0 java/lang/String coder ()B 10 47 0 java/lang/String coder ()B 10 70 0 jdk/internal/util/ArraysSupport mismatch ([BI[BII)I 6 82 0 org/jetbrains/kotlin/builtins/functions/FunctionTypeKind getClassNamePrefix ()Ljava/lang/String; 6 85 0 java/lang/String length ()I 7 6 0 java/lang/String coder ()B 6 88 0 java/lang/String substring (I)Ljava/lang/String; 7 3 0 java/lang/String length ()I 8 6 0 java/lang/String coder ()B 7 6 0 java/lang/String substring (II)Ljava/lang/String; 8 1 0 java/lang/String length ()I 9 6 0 java/lang/String coder ()B 8 8 0 java/lang/String checkBoundsBeginEnd (III)V 9 6 0 jdk/internal/util/Preconditions checkFromToIndex (IIILjava/util/function/BiFunction;)I 8 28 0 java/lang/String isLatin1 ()Z 8 41 0 java/lang/StringLatin1 newString ([BII)Ljava/lang/String; 9 16 0 java/util/Arrays copyOfRange ([BII)[B
